verb_id,lex,scroll,book,chapter,verse_num,gcons_verb,gcons_verse,sign_info,stem,tense,gcons_clause,subject,complement,cmpl_lex,cmpl_translation,dir_he,cmpl_constr,cmpl_nt,cmpl_anim,cmpl_det,cmpl_indiv,cmpl_complex,motion_type,spatial_arg_type,preposition_1,preposition_2,preposition_3,preposition_4,comments,reconstructed_verse,Study_Edition
206,GLL,1QH,1QH,3,9,HTGWLLTJ,KJ B NDH HTGWLLTJ W M SWD RMH Y>TJ W L> NLWJTJ KJ L K >TH H YDQH W L CM K H BRKH L <WLM,,hit,perf,KJ B NDH HTGWLLTJ,,B NDH,B NDH,in impurity,0,prep,other,inanim,und,subs,simple,fictive,location,B,,,,,,p148 col 4 19
354,NPL,1QH,1QH,4,1,HTNPL,MZMWR L MFKJL L HTNPL L PNJ >L M<FJ >L W L HBJN PWT>JM J <WLM T W L HBJN >NWC B BFR W SWD RWXJ HTHLKW,,hit,infc,L HTNPL L PNJ >L,,L PNJ >L,L PNH >L==,,0,prep,,,und,subs,complex,,,L,,,,reconstructed,,p150 col 5 1
376,HLK,1QH,1QH,4,1,HTHLKW,MZMWR L MFKJL L HTNPL L PNJ >L M<FJ >L W L HBJN PWT>JM J <WLM T W L HBJN >NWC B BFR W SWD RWXJ HTHLKW,,hit,perf,HTHLKW,,no complement,no complement,,,,,,,,,,,,,,,,,
447,GLH,1QH,1QH,4,4,GLJTH,>TH HW>L QDWCJM W B RZJ PL> K HWD< BWR KBWD K W B <WMQ M <JN BJNT K L> >TH GLJTH DRKJ >MT W M<FJ R< XWKMH W >WLT YDQ,,qal,perf,>TH GLJTH DRKJ >MT W M<FJ R< XWKMH W >WLT,>TH,no complement,no complement,,,,,,,,,,,,,,,,,
709,CWB,1QH,1QH,4,19,JCWB,KJ W DBR K L> JCWB >XWR,,qal,impf,W DBR K L> JCWB >XWR,DBR K,>XWR,>XWR,backwards,0,vc,dir,inanim,det,subs,simple,fictive,trajectory,,,,,,,p150 col 5 24
732,CWB,1QH,1QH,4,21,JCWB,W DBR K L> JCWB >XWR,,qal,impf,W DBR K L> JCWB >XWR,DBR K,>XWR,>XWR,backwards,0,vc,dir,inanim,det,subs,simple,fictive,trajectory,,,,,,,p150 col 5 25
885,NPL,1QH,1QH,4,30,TPJL,KJ L PJ RWXWT TPJL M BJN VWB L RC< W TKN TM P<WLT M,,hif,impf,KJ L PJ RWXWT TPJL M BJN VWB L RC<,,BJN VWB,BJN VWB,,0,vc,,,und,subs,complex,,,,,,,reconstructed,,p152 col 6 11
885,NPL,1QH,1QH,4,30,TPJL,KJ L PJ RWXWT TPJL M BJN VWB L RC< W TKN TM P<WLT M,,hif,impf,KJ L PJ RWXWT TPJL M BJN VWB L RC<,,L RC<,L RC<,to evil/guilt (between good and evil) ,0,prep,abs,inanim,und,subs,simple,posture/not motion,other,L,,,,reconstructed,,p152 col 6 12
915,NGC,1QH,1QH,4,32,TGJCN,W KN TGJCN W L BJNT K,,hif,impf,W KN TGJCN W L BJNT K,,L BJNT K,L BJNH K,to your intelligence / understanding,0,prep,abs,inanim,det,subs,complex,fictive,goal,L,,,,,,p152 col 6 13
967,GLH,1QH,1QH,4,37,NGLTH,W NGLTH YDQT K L <JNJ KWL M<FJ K,,nif,perf,W NGLTH YDQT K L <JNJ KWL M<FJ K,YDQT K,L <JNJ KWL M<FJ K,L <JN KL M<FH K,to the eyes of all your creatures,0,prep,bopa,inanim,det,subs,complex,posture/not motion,other,L,,,,,,p152 col 6 16
1007,NGC,1QH,1QH,4,39,HWGCTJ,W KN HWGCTJ B JXD KWL >NCJ SWD J,,hof,perf,W KN HWGCTJ B JXD KWL >NCJ SWD J,,B JXD KWL >NCJ SWD J,B JXD KL >JC SWD J,in the community of all the men of my counsel,0,prep,place,inanim,det,subs,complex,factive,goal,B,,,,,,p152 col 6 18
1018,NGC,1QH,1QH,4,40,>GJCN,L PJ FKL W >GJCN W W K RWB NXLT W >HBN W,,qal,impf,L PJ FKL W >GJCN W,,no complement,no complement,,,,,,,,,,,,,,,,,p152 col 6 18-19
1068,BW>,1QH,1QH,4,44,>BJ>,W L> >BJ> B SWD >MT K KWL CBJ RJTK,,hif,impf,W L> >BJ> B SWD >MT K KWL,,B SWD [>MT K],B SWD [>MT K],to the council [vacat],0,prep,,,det,subs,complex,,,B,,,,reconstructed,,p152 col 6 21
1197,CWB,1QH,1QH,6,1,NCJB,M B M<JN GBWRT KH HFKLT NW NW W <L M<FJ PL> KH MH NCJB,,hif,impf,MH NCJB,,no complement,no complement,,,,,,,,,,,,,,,,,
1422,HLK,1QH,1QH,7,10,THLK,RQ >TH B TH YDJQ W M RXM HKJNWT W L MW<D RYWN L HCMR B BRJT K W L THLK B KWL W L HGJC <LJ W B HMWN RXMJ K W L PTWX KWL YRT NPC W L JCW<T <WLM W CLWM <D W >JN MXSWR,,hit,infc,W L THLK B KWL,,B KWL,B KL,in all (paths?),0,prep,other,inanim,det,subs,simple,fictive,trajectory,B,,,,,,col 7 18
1427,NGC,1QH,1QH,7,10,HGJC,RQ >TH B TH YDJQ W M RXM HKJNWT W L MW<D RYWN L HCMR B BRJT K W L THLK B KWL W L HGJC <LJ W B HMWN RXMJ K W L PTWX KWL YRT NPC W L JCW<T <WLM W CLWM <D W >JN MXSWR,,hif,infc,W L HGJC <LJ W B HMWN RXMJ K,,<LJ W,<L W=,to/upon it (path?),0,prep,prps,inanim,det,prsf,simple,fictive,trajectory,<L,,,,reconstructed,,col 7 18
1472,HLK,1QH,1QH,7,14,HLKW,KJ HLKW B DRK L> VWB W JM>SW B BRJT KH K T<BH NPC M,,qal,perf,KJ HLKW B DRK,,B DRK,B DRK,on a path,0,prep,place,inanim,und,subs,simple,fictive,trajectory,B,,,,,,
1653,BW>,1QH,1QH,7,26,TBJ>,M W KWL WPT TBJ> B MSPR W >JN K RZJ PL> W B CMJM W B >RY WT W B JD K MCPV KWL M K C W >JN L NGD K W MH NXCB,,hif,impf,TBJ> B MSPR,,no complement,no complement,,,,,,,,,,,,,,,,,col 8 2
1840,NPL,1QH,1QH,7,33,HTNPL,KJ B D<T J B KWL >LH >MY>H M<NH LCWN L HTNPL WLHT N TMJD <L PC< J W L BQC RWX BJNH W L HTXZQ B RWX QWDC K W L DBWQ B >MT BRJT K W L <WBD K B >MT W LB CLM W L >HWB >T DBR PJ K,,hit,infc,L HTNPL WLHT,,no complement,no complement,,,,,,,,,,,,,,,,,col 8 14
1993,NGC,1QH,1QH,7,40,HGJC,W >XLH PNJ K B RWX >CR NTTH B J L HCLJM XSDJ K <M <BD K L <WLM L VHR NJ B RWX QWDC K W L HGJC NJ B RYWN K K GDWL XSDJ K >CR <FJTH <MD J WL <M KWL M<MD RYWN K >CR BX TH L >WHBJ K W L CWMRJ MYWWTJ K L PNJ K L <WLM W WLHDC B RYWN W L HT<RB B RWX <BD K W L FKJL M<FJ K L,,hif,infc,W L HGJC NJ B RYWN K K GDWL XSDJ K,,no complement,no complement,,,,,,,,,,,,,,,,,col 8 20
2108,CWB,1QH,1QH,7,44,TCB,>L TCB PNJ <BD K W >L TZNX BN >MT K,,hif,impf,>L TCB PNJ <BD K,,no complement,no complement,,,,,,,,,,,,,,,,,col 8 26
2124,QRB,1QH,1QH,7,46,QRBTJ,W >NJ <L DBRJ K QRBTJ L L,,qal,perf,W >NJ <L DBRJ K QRBTJ,>NJ,<L DBRJ K,<L DBR K,through your words,0,prep,abs,inanim,det,subs,complex,fictive,trajectory,<L,,,,,,col 8 27
2412,GLH,1QH,1QH,8,15,GLJTH,>LH JD<TJ M BJNT KH KJ> GLJTH >WZN J L RZJ PL>,,qal,perf,KJ> GLJTH >WZN J L RZJ PL>,,L RZJ PL>,L RZ PL>=,to secret marvels,0,prep,abs,inanim,und,subs,complex,posture/not motion,other,L,,,,,,col 9 21
2510,CWB,1QH,1QH,8,20,JCJB,W MH JSPR >NWC XV>T W W MH JWKJX <L <WWNWTJ W W MH JCJB <WL <L MCPV H YDQ,,hif,impf,W MH JCJB <WL <L MCPV H YDQ,<WL,<L MCPV H YDQ,<L MCPV H YDQ,to the judgment of righteousness,0,prep,abs,inanim,det,subs,complex,posture/not motion,other,<L,,,,,,col 9 25-26
2572,JY>,1QH,1QH,8,26,TWY>,W TWY> QWJM L RZJ HM W MB<J RWXWT L XCBWN M L HWDJ< KBWD KH W L SPR NPL>WTJ KH B KWL M<FJ >MT KH W MCPVJ YDQ KH W L HLL CM KH B PH,,hif,impf,W TWY> QWJM L RZJ HM,,no complement,no complement,,,,,,,,,,,,,,,,,col 9 29
3058,SBB,1QH,1QH,10,7,SBBW,W >NJ >MRTJ XNW <LJ GBWRJM SBBW M B KL KLJ MLXMWT M,,qal,perf,SBBW M B KL KLJ MLXMWT M,,no complement,no complement,,,,,,,,,,,,,,,,,col 10 25-26
3132,NPL,1QH,1QH,10,13,NPLW,W PXJM VMNW L NPC J NPLW B M,,qal,perf,NPLW B M,,B M,B M,in them,0,prep,prps,inanim,det,prsf,simple,vertical,goal,B,,,,,,col 10 29
3354,BW>,1QH,1QH,12,5,B>W,KJ> B>W BNJM <D MCBRJ MWT W HRJT GBR HYRH B XBLJ H,,qal,perf,KJ> B>W BNJM <D MCBRJ MWT,BNJM,<D MCBRJ MWT,<D MCBR= MWT=,through breakers/opening of death,0,prep,other,inanim,und,subs,complex,fictive,trajectory,<D,,,,,,col 11 8
3393,XWC,1QH,1QH,12,8,HXJCW,HXJCW KWL MCBRJM W XBLJ MRY B MWLDJ HM W PLYWT L HWRWT M,,hif,perf,HXJCW KWL MCBRJM,KWL MCBRJM,no complement,no complement,,,,,,,,,,,,,,,,,col 11 10-11
3544,<LH,1QH,1QH,13,3,H<LJT,W M C>WL >BDWN H<LJT NJ L RWM <WLM W >THLKH B MJCWR L >JN XQR,,hif,perf,W M C>WL >BDWN H<LJT NJ L RWM <WLM,,L RWM <WLM,L RWM= <WLM,to an eternal height,0,prep,abs,inanim,und,subs,complex,fictive,goal,L,,,,,,col 11 20
3550,HLK,1QH,1QH,13,3,>THLKH,W M C>WL >BDWN H<LJT NJ L RWM <WLM W >THLKH B MJCWR L >JN XQR,,hit,impf,W >THLKH B MJCWR L >JN XQR,,B MJCWR L >JN XQR,B MJCWR L >JN XQR=,in/on a plain without limit,0,prep,place,inanim,und,subs,complex,fictive,location,B,,,,,,col 11 20
3585,BW>,1QH,1QH,13,5,BW>,W RWX N<WH VHRTH M PC< RB L HTJYB B M<MD <M YB> QDWCJM W L BW> B JXD <M <DT BNJ CMJM,,qal,infc,W L BW> B JXD <M <DT BNJ CMJM,,B JXD,B JXD,in a community / a communion,0,prep,abs,inanim,und,subs,simple,fictive,other,B,,,,manner?,,col 11 22
3593,NPL,1QH,1QH,13,6,TPL,W TPL L >JC GWRL <WLM <M RWXWT D<T L HLL CM KH B JXD RNH W L SPR NPL>WTJ KH L NGD KWL M<FJ KH,,qal,impf,W TPL L >JC GWRL <WLM <M RWXWT D<T,,no complement,no complement,,,,,,,,,,,,,,,,,col 11 22
3683,CWB,1QH,1QH,13,12,HCB,B HT<WPP KWL XYJ CXT L >JN HCB W JWRW L >JN TQWH,,hif,infc,L >JN HCB,,no complement,no complement,,,,,,,,,,,,,,,,,col 11 27
3690,NPL,1QH,1QH,13,13,NPWL,B NPWL QW <L MCPV W GWRL >P <L N<ZBJM W MTK <L N<LMJM W QY XRWN L KWL BLJ<L W XBLJ MWT >PPW L >JN PLV,,nif,infc,B NPWL QW <L MCPV,QW,<L MCPV,<L MCPV,upon a judgment,0,prep,abs,inanim,und,subs,simple,vertical,goal,<L,,,,prob fictive,,col 11 27
3717,HLK,1QH,1QH,13,14,JLKW,W JLKW NXLJ BLJ<L <L KWL >GPJ RWM B >C >WKLT B KWL CN>BJ HM L HTM KWL <Y LX W JBC M PLGJ HM,,qal,impf,W JLKW NXLJ BLJ<L <L KWL >GPJ RWM B >C >WKLT B KWL CN>BJ HM,NXLJ BLJ<L,<L KWL >GPJ RWM,<L KL >GP RWM=,over all the steep banks,0,prep,place,inanim,det,subs,complex,factive,goal,<L,,,,,,col 11 29
3853,CWB,1QH,1QH,13,23,TCWB,W MLXMT GBWRJ CMJM TCWV B TBL W L> TCWB <D KLH W NXRYH L <D W >PS KMW H,,qal,impf,W L> TCWB,,no complement,no complement,,,,,,,,,,,,,,,,,col 11 36
3893,BW>,1QH,1QH,14,2,JBW>,KJ TSTJR NJ M HWWWT MHWMH >CR D DLTJ MGN W BRJXJ BRZL BL JBW> GDWD MCMR GBWRJM MM B SBJBJ H PN JWRH GBWR,,qal,impf,BL JBW> [GDWD],[GDWD],no complement,no complement,,,,,,,,,,,,,,,,,col 11 39
3927,SWR,1QH,1QH,14,4,TSJR,XKMJM B <RMT M W >NJ B TWMK J B Q J M W TKN <L SL< RGLJ W TSJR P<MJ M DRK B DRK <WLM W B NTJBWT >CR BXRTH MY<D J,,hif,impf,[W TSJR P<MJ M DRK B ]DRK <WLM,,B DRK <WLM,B DRK <WLM,,0,prep,,,und,subs,complex,,,B,,,,reconstructed,,col 12 4
3978,T<H,1QH,1QH,15,4,HT<W,W MLJYJ RMJH HT<W M W JLBVW B L> BJNH KJ> B HWLL M<FJ HM KJ NM>S J L MW,,hif,perf,W MLJYJ RMJH [H]T<W M,MLJYJ RMJH,no complement,no complement,,,,,,,,,,,,,,,,,col 12 7
4151,BW>,1QH,1QH,15,14,JB>W,W MKCWL <WWN M FMW L NGD PNJ HM W JB>W L DWRC KH M PJ NBJ>J KZB MPWTJ T<WT,,qal,impf,W JB>W,,no complement,no complement,,,,,,,,,,,,,,,,,col 12 15
4355,JY>,1QH,1QH,15,26,TWY>,W TWY> L NYX MCPV M W L MJCRJM >MT,,hif,impf,W TWY> L NYX MCPV M,,no complement,no complement,,,,,,,,,,,,,,,,,col 12 25
4366,T<H,1QH,1QH,15,27,TT<,W L> TT< M B JD XLK>JM K ZWMM L MW,,hif,impf,W L> TT< M B JD XLK>JM,,no complement,no complement,,,,,,,,,,,,,,,,,col 12 25
4545,HLK,1QH,1QH,15,38,JLKW,W JMS LBB J K DWNG M PNJ >C W JLKW BRKJ K MJM MWGRJM B MWRD,,qal,impf,W JLKW BRKJ K MJM,BRKJ,no complement,no complement,,,,,,,,,,,,,,,,,col 12 33-34
4825,GLH,1QH,1QH,16,11,HGLWT,KJ >TH >L J STRT NJ NGD BNJ >DM W TWRT KH XBTH B <D QY HGLWT JC< KH L J,,nif,infc,HGLWT JC< KH L J,,L J,L J,to me,0,prep,prps,anim,det,prsf,simple,posture/not motion,goal/recipient,L,,,,,,col 13 12
4911,BW>,1QH,1QH,16,18,TBJ>,W TBJ> HW B MYRP K ZHB B M<FJ >C W K KSP MZWQQ B KWR NWPXJM L VHR CB<TJM,,hif,impf,W TBJ> HW B MYR[P K ZH]B B M<FJ >C W K KSP,,B MYR[P],B MYRP,in a crucible,0,prep,obj,inanim,und,subs,simple,factive,goal,B,,,,reconstructed?,,col 13 16
4931,MHR,1QH,1QH,16,19,JMHRW,W JMHRW <LJ RC<J <MJM B MYWQWT M W KWL H JWM JDK>W NPC J,,piel,impf,W JMHRW <LJ RC<J <MJM B MYWQWT M,RC<J <MJM,<LJ,<L J,upon / to me,0,prep,prps,anim,det,prsf,simple,factive,goal,<L,,,,,,col 13 17
4950,CWB,1QH,1QH,16,20,TCJB,W >TH >L J TCJB S<RH L DMMH W NPC >BJWN PLVTH K YPWR W K VRP M PJ >RJWT,,hif,impf,W >TH TCJB S<RH L DMMH,>TH,L DMMH,L DMMH,to a silence,0,prep,phen,inanim,und,subs,simple,fictive,goal,L,,,,you returned the storm to a silence,,col 13 19
5075,HLK,1QH,1QH,17,9,JLKW,W B RZ XBTH B J JLKW RKJL L BNJ HWWT,,qal,impf,W B RZ JLKW RKJL L BNJ HWWT,,L BNJ HWWT,L BN HWH,to the sons of destruction,0,prep,pers,anim,und,subs,complex,fictive,goal,L,,,,,,col 13 25
5203,SBB,1QH,1QH,17,19,SBBW,KJ SBBW NJ B HWWT LB M W JYR M HWPJ< L J L MRWRJM,,qal,perf,KJ SBBW NJ B HWWT LB M,,B HWWT LB M,B HWH LB M,in the destruction of their heart,0,prep,abs,inanim,det,subs,complex,fictive,location,B,,,,,,col 13 31
5279,SBB,1QH,1QH,17,24,JSWBBW,>NXH W JGWN JSWBBW NJ W BWCT <L PNJM,,piel,impf,>NXH W JGWN JSWBBW NJ,>NXH W JGWN,no complement,no complement,,,,,,,,,,,,,,,,,col 13 35
5300,BW>,1QH,1QH,17,26,JBW>,W JBW> B <YMJ L HKCJL RWX W L KLWT KWX,,qal,impf,W JBW> B <YMJ,,B <YMJ,B <YM J,in my bones,0,prep,bopa,inanim,det,subs,complex,fictive,goal,B,,,,,,col 13 35
5380,GLH,1QH,1QH,17,32,GLJTH,W >TH >L J GLJTH >WZN J B MWSR MWKJXJ YDQ <M,,qal,perf,W >TH GLJTH >WZN J B MWSR,>TH,no complement,no complement,,,,,,,,,,,,,,,,,col 14 3-4
5396,BW>,1QH,1QH,17,34,TBJ>,W TBJ> NJ B <YT H QWDC >CMH,,hif,impf,W TBJ> NJ B <[Y]T [H QWDC],,B <[Y]T [H QWDC],B <YH H QDC,in the council of [...],0,prep,pers,anim,det,subs,complex,factive,goal,B,,,,reconstructed,col 14 5,
5417,HLK,1QH,1QH,17,35,HTHLK,W >D<H KJ JC MQWH L CBJ PC< W <WZBJ XV>H BH W L HTHLK B DRK LB KH L >JN <WL,,hit,infc,W L HTHLK B DRK LB KH L >JN <WL,,B DRK LB KH,B DRK LB K,in the path of their heart,0,prep,abs,inanim,det,subs,complex,fictive,trajectory,B,,,,,,col 14 6-7
5543,BW>,1QH,1QH,17,43,HBJ>WTH,KJ HBJ>WTH SWD KH L KWL >NCJ <YT KH W B GWRL JXD <M ML>KJ PNJM,,hif,perf,KJ HBJ>WTH,,no complement,no complement,,,,,,,,,,,,,,,,,col 14 12
5565,CWB,1QH,1QH,17,44,HCJB,W >JN MLJY BNJ M LQ L HCJB K RWX,,hif,infc,L HCJB K RWX,,no complement,no complement,,,,,,,,,,,,,,,reconstructed,,col 14 13
5575,CWB,1QH,1QH,17,45,JCWBW,KJ L TD B W HM JCWBW B PJ KBWD KH W JHJW FRJ KH B GWRL <WLM M PRX K YJY HWD <WLM L GDL NYR L <WPJ MV<T <WLM,,qal,impf,W HM JCWBW B PJ KBWD KH,HM,no complement,no complement,,,,,,,,,,,,,,,,,col 14 14
5679,BW>,1QH,1QH,17,51,HBJ>,W HMH NYMDJ T<WDT J PWTW B MLJYJ T<WT L HBJ> ZR B <BWDT YDQ,,hif,infc,[L HBJ> ZR] B <BWDT YDQ,,B <BWDT YDQ,B <BDH YDQ,in the service of righteousness,0,prep,occ,inanim,det,subs,complex,fictive,goal,B,,,,reconstructed?,,col 14 19
5706,<BR,1QH,1QH,17,53,J<WBRN,W <RL W VM> W PRJY BL J<WBRN H,,qal,impf,W <RL W VM> W PRJY BL J<WBRN H,<RL W VM> W PRJY,no complement,no complement,,,,,,,,,,,,,,,,,col 14 20-21
5729,GLL,1QH,1QH,17,55,JTGWLLW,W KMW> JW<Y BLJ<L <M LBB M NW MXCBT RC<H JTGWLLW B >CMH,,hit,impf,JTGWLLW B >CMH,,B >CMH,B >CMH,in guilt,0,prep,abs,inanim,und,subs,simple,fictive,location,B,,,,,,col 14 22
5757,CWB,1QH,1QH,17,58,HCJB,RWX <W<JJM L >JN DMMH L HCJB NPC W >JN NTJBT L JCR DRK <L PNJ MJM,,hif,infc,L HCJB NPC,,no complement,no complement,,,,,,,,,,,,,,,,,col 14 23
5775,NGC,1QH,1QH,17,59,NGCW,W JHM THWM L >NXT J W NGCW <D C<RJ MWT,,qal,perf,W NGCW,,no complement,no complement,,,,,,,,,,,,,,,,,col 14 23
5831,BW>,1QH,1QH,17,63,JBW>,KJ L> JBW> ZR B C<RJ H DLTJ MGN L >JN MBW> W BRJXJ <WZ L LW> JCWBRW,,qal,impf,KJ L> JBW> ZR B C<RJ H DLTJ MGN L >JN MBW> W BRJXJ <WZ,ZR,B C<RJ H DLTJ MGN L >JN MBW> W BRJXJ <WZ,B C<R H= DLT MGN L >JN MBW> W BRJX <Z,in/through its gates with shielded doors that no one can enter and strong bars,0,prep + prep,obj,inanim,det,subs,complex,factive,trajectory,B,,,,,,col 14 27-28
5848,BW>,1QH,1QH,17,64,JBW>,BL JBW> GDWD B KLJ MLXMT W <M TWM KWL XYJ MLXMWT RC<H,,qal,impf,BL JBW> GDWD B KLJ MLXMT W <M TWM KWL XYJ MLXMWT RC<H,GDWD,no complement,no complement,,,,,,,,,,,,,,,,,col 14 28-29
5862,XWC,1QH,1QH,17,65,TXJC,W >Z TXJC XRB >L B QY MCPV,,hif,impf,W >Z TXJC XRB >L B QY MCPV,XRB >L,no complement,no complement,,,,,,,,,,,,,,,,,col 14 29
5901,JY>,1QH,1QH,17,68,HWYJ>,W C<RJ <WLM L HWYJ> KLJ MLXMWT,,hif,infc,L HWYJ> KLJ MLXMWT,,no complement,no complement,,,,,,,,,,,,,,,,,col 14 31
5963,<BR,1QH,1QH,17,73,<BWR,W B <BWR CWV CWVP BL JBW> B MBYR L L L TPL W K KPJS L> M >MT,,qal,infc,[B <BWR CWV CWVP],[CWV CWVP],no complement,no complement,,,,,,,,,,,,,,,reconstructed,,col 14 35-36
5967,BW>,1QH,1QH,17,73,JBW>,W B <BWR CWV CWVP BL JBW> B MBYR L L L TPL W K KPJS L> M >MT,,qal,impf,W BL JBW> B MBYR,,B MBYR,B MBYR,in a fortress,0,prep,place,inanim,und,subs,simple,factive,goal,B,,,,,,col 14 35
5998,VB<,1QH,1QH,17,75,TVB<,W GDPW NJ ZRW< NCBRT M QNJ H W TVB< B BBY RGLJ,,qal,impf,W TVB< B BBY RGLJ,RGLJ,B BBY,B BY,in mud,0,prep,other,inanim,und,subs,simple,vertical,goal,B,,,,,,col 15 2
6216,HLK,1QH,1QH,18,12,HTHLK,W TKN LB J K MWDJKH W K >MT KH L JCR P<MJ L NTJBWT YDQH L HTHLK L PNJ K B GBWL XJJM L CBWLJ KBWD W CLWM L >JN HSR W LW> L HCBT L NYX,,hit,infc,L HTHLK L PNJ K B GBWL XJJM L CBWLJ KBWD W CLWM,,L PNJ K,L PNH K,before you,0,prep,prps,anim,det,prsf,simple,fictive,other,L PNH/,,,,,,col 15 14-15
6216,HLK,1QH,1QH,18,12,HTHLK,W TKN LB J K MWDJKH W K >MT KH L JCR P<MJ L NTJBWT YDQH L HTHLK L PNJ K B GBWL XJJM L CBWLJ KBWD W CLWM L >JN HSR W LW> L HCBT L NYX,,hit,infc,L HTHLK L PNJ K B GBWL XJJM L CBWLJ KBWD W CLWM,,B GBWL X[JJM],B GBWL XJJM,in/at the frontier of life,0,prep,abs,inanim,und,subs,complex,fictive,trajectory,B,,,,reconstructed?,,col 15 14-15
6216,HLK,1QH,1QH,18,12,HTHLK,W TKN LB J K MWDJKH W K >MT KH L JCR P<MJ L NTJBWT YDQH L HTHLK L PNJ K B GBWL XJJM L CBWLJ KBWD W CLWM L >JN HSR W LW> L HCBT L NYX,,hit,infc,L HTHLK L PNJ K B GBWL XJJM L CBWLJ KBWD W CLWM,,L CBWLJ KBWD W CLWM,L CBJL KBWD W CLWM,on the path of glory and peace,0,prep,abs,inanim,det,subs,complex,fictive,trajectory,L,,,,,,col 15 14-15
6230,SWR,1QH,1QH,18,12,HSR,W TKN LB J K MWDJKH W K >MT KH L JCR P<MJ L NTJBWT YDQH L HTHLK L PNJ K B GBWL XJJM L CBWLJ KBWD W CLWM L >JN HSR W LW> L HCBT L NYX,,hif,infc,L >JN H[SR],,no complement,no complement,,,,,,,,,,,,,,,reconstructed?,,col 15 15
6254,<WZ,1QH,1QH,18,13,H<JZ,W >TH JD<TH JYR <BD KH KJ L> Y MC<NT W L HRJM LB W W L H<JZ B KWX,,hif,infc,W L H<JZ B KWX,,B KWX,B KX,in strength,0,prep,other,inanim,det,subs,simple,fictive,goal,B,,,,,,col 15 17
6290,<WZ,1QH,1QH,18,16,H<JZ,W >NJ NC<NTJ B RWB RXMJ KH XSD KH >WXJL L HYJY K MV< W L GDL NYR L H<JZ B KWX WL,,hif,infc,L H<JZ B KWX,,B KWX,B KX,in strength,0,prep,other,inanim,det,subs,simple,fictive,goal,B,,,,,,col 15 19
6453,CWB,1QH,1QH,19,5,HCJB,W >JN L HCJB <L TWKXT KH KWL YBJ RWX W L> JWKL KWL L HTJYB L PNJ XMT KH,,hif,infc,L HCJB <L TWKXT KH,,<L TWKXT KH,<L TWKXH K,to your reproche,0,prep,other,inanim,det,subs,complex,posture/not motion,other,<L,,,,,,col 15 29
6475,BW>,1QH,1QH,19,6,TBJ>,W KWL BNJ >MT KH TBJ> B SLJXWT L PNJ KH L VHR M M PC<J HM B RWB VWB KH W B HMWN RXMJ KH L H<MJD M L PNJ KH L <WLMJ <D,,hif,impf,W KWL BNJ >MT KH TBJ> B SLJXWT L PNJ KH,,L PNJ KH,L PNH K,before you,0,prep,pers,anim,det,subs,complex,factive,goal,L,,,,,,col 15 29-30
6542,NPL,1QH,1QH,20,1,HPLTH,>WD KH >DWNJ KJ LW> HPLTH GWRL J B <DT CW W B SWD N<LMJM L> FMTH XWQ J,,hif,perf,KJ LW> HPLTH GWRL J B <DT CW,,B <DT CW,B <DH CW>,in a congregation of vanity,0,prep,abs,inanim,und,subs,complex,vertical,goal,B,,,,fictive vertical?,,col 15 34
6566,BW>,1QH,1QH,20,2,HBJ>WT,W TQR> NJ L XSDJ KH W L SLJXWTJ KH HBJ>WT NJ W B HMWN RXMJ KH L KWL MCPVJ YDQ,,hif,perf,W L SLJXW[TJ KH HBJ>WT NJ],,W L SLJXW[TJ KH],L SLJXH K,to [your?] forgiveness,0,prep,abs,inanim,det,subs,complex,fictive,goal,L,,,,reconstructed,,col 15 35
6833,MWC,1QH,1QH,21,14,JMJCW,L PTWX H CMJM L> JMJCW W JHJW L NXL CWVP <L KWL <YJ MJM W L JMJM L >JN XQR,,hif,impf,L> JMJCW,,no complement,no complement,,,,,,,,,,,,,,,,,col 16 17
6949,CWB,1QH,1QH,21,22,>CJB,W >M >CJB JD JHJH K <R<R B MDBR W GZ< W K XRLJM B MLXH,,hif,impf,>M >CJB JD,,no complement,no complement,,,,,,,,,,,,,,,,,col 16 24
6967,<LH,1QH,1QH,21,23,J<L,W PLGJ W J<L QWY W DRDR L CMJR W CJT W FPT W JHPKW K <YJ B>WCJM,,qal,impf,W PLGJ W J<L QWY W DRDR L CMJR W CJT,QWY W DRDR,L CMJR W CJT,L CMJR W CJT=,into/to brambles and thisltes,0,prep,other,inanim,und,subs,complex,posture/not motion,other,L,,,,,,col 16 24-25
7136,HLK,1QH,1QH,21,35,JLKW,W RGL J NLKDH B KBL W JLKW K MJM BRKJ,,qal,impf,W JLKW K MJM BRKJ,BRKJ,no complement,no complement,,,,,,,,,,,,,,,,,col 16 34
7326,CWB,1QH,1QH,21,50,>CJBH,W >CJBH L MBL<J DBR W L MCTWXJXJ B J TWKXT,,hif,impf,W >CJBH L MBL<J DBR,,L MBL<J,L BL< J,to the ones who (want to) destroy me,0,prep,pers,anim,det,subs,complex,posture/not motion,goal/recipient,L,,,,,,col 17 8
7660,XSH,1QH,1QH,21,77,>XSJH,B KH >XSJH M KWL MK>WB,,hif,impf,B KH >XSJH M KWL MK>WB,,B KH,B K,in you,0,prep,prps,anim,det,prsf,simple,fictive,location,B,,,,,,col 17 28-29
7933,CWB,1QH,1QH,22,13,>CJB,W >JKH >CJB B LW> HFKLT NJ,,hif,impf,W >JKH >CJB,,no complement,no complement,,,,,,,,,,,,,,,,,col 18 7
8317,BW>,1QH,1QH,22,41,TBW>,W NHMT J <D THWM TBW> W B XDRJ C>WL TXPC JXD,,qal,impf,W NHMT J <D THWM TBW>,NHMT J,<D THWM,<D THWM,to an abyss,0,prep,place,inanim,und,subs,simple,fictive,goal,<D,,,,,,col 18 33
8633,GLH,1QH,1QH,23,15,GLJTH,W B HPL> KJ HWD<T NJ SWD >MT W B RZJ PL> HFKLT NJ W HBJNWT NJ B NPL>WTJ KH W NSTRWTJ KH GLJTH L J W >BJV B J XSD,,qal,perf,W NSTRWTJ KH GLJTH L J,,L J,L J,to me,0,prep,prps,anim,det,prsf,simple,posture/not motion,goal/recipient,L,,,,,,col 19 17
8691,BW>,1QH,1QH,23,19,JBW>W,W JBW>W B LBB J W JG<W B <YMJ L JM W L HGWT HGJ JGWN W >NXH B KNWR QJNH L KWL >BL JGWN W MSPD MRWRJM <D KLWT <WLH W >JN MK>WB W >JN NG< L HXLWT,,qal,impf,W JBW>W B LBB J,,B LBB J,B LBB J,in my heart,0,prep,bopa,inanim,det,subs,complex,fictive,goal,B,,,,,,col 19 21
8961,NPL,1QH,1QH,24,1,HTNPL,L WDWT W TPLH L HTNPL W HTXNN TMJD M QY L QY,,hit,infc,L HTNPL,,no complement,no complement,,,,,,,,,,,,,,,,,col 20 4
9173,CWB,1QH,1QH,24,15,CJB,W >JN YDJQ <M KH KH W L HFKJL B KWL RZJ KH W L CJB DBR B TWKXT KH W L VWB KH JYPW,,hif,infc,W L CJB DBR,,no complement,no complement,,,,,,,,,,,,,,,,,col 20 20
9203,NGC,1QH,1QH,24,18,HGCT,KJ> K FKL M HGCT M W L PJ MMCLT M JCRTW KH L MPLGJ HM LW> CWB MM KH W LW> L <BWR <L DBR KH,,hif,perf,[KJ>] K FKL M HGCT M,,no complement,no complement,,,,,,,,,,,,,,,,,col 20 22-23
9222,<BR,1QH,1QH,24,18,<BWR,KJ> K FKL M HGCT M W L PJ MMCLT M JCRTW KH L MPLGJ HM LW> CWB MM KH W LW> L <BWR <L DBR KH,,qal,infc,L <BWR <L DBR KH,,<L DBR KH,<L DBR K,over your word,0,prep,abs,inanim,det,subs,complex,fictive,trajectory,<L,,,,,,col 20 24
9265,CWB,1QH,1QH,24,21,JCJB,W MH JCJB <PR W >PR H JBJN <CJW,,hif,impf,W MH JCJB <PR W >PR,<PR W >PR,no complement,no complement,,,,,,,,,,,,,,,,,col 20 27
9311,CWB,1QH,1QH,24,25,HCJB,W >JN L HCJB DBR <L BWKXT KH,,hif,infc,L HCJB [DBR] <L BWKXT KH,,<L BWKXT KH,<L TWKXH K,to your rebuke,0,prep,other,inanim,det,subs,complex,posture/not motion,other,<L,,,,,,col 20 30-31
9366,GLH,1QH,1QH,24,33,GLJTH,W MH >D B LW> GLJTH LB J,,qal,perf,B LW> GLJTH LB J,,no complement,no complement,,,,,,,,,,,,,,,,,col 20 34
9415,GLH,1QH,1QH,24,38,GLJTH,PC< JLWD >CH JKH W YDQT KH > K >KJ B W> R>JTJ ZWT H >BJV B LW> GLJTH <JNJ W >CM<H HCM BBJ,,qal,perf,B LW> GLJTH <JNJ,,no complement,no complement,,,,,,,,,,,,,,,,,col 21 4
9474,BW>,1QH,1QH,24,44,HBJ>WTH,W HBJ>WTH B BRJT <M KH W TGL LB <PR L HCMR LW M PXJ MCPV L <WMT RXMJ KH,,hif,perf,HBJ>WTH B BRJT <M KH,,B BRJT,B BRJT,in a covenant,0,prep,abs,inanim,und,subs,simple,fictive,goal,B,,,,,,col 21 9
9522,BW>,1QH,1QH,24,48,HBJ>,W HCBTH L HBJ> B BRJT <M KH W L <MWD B MKWN <WLM L >WR >WRTJM <D NYX,,hif,infc,L HBJ> B BRJT <M KH,,B BRJT,B BRJT,in a covenant,0,prep,abs,inanim,und,subs,simple,fictive,goal,B,,,,,,col 21 13
9539,NWS,1QH,1QH,24,49,NS,W NS XWCK WT L L >JN SWP W QYJ CLWM L >JN XQR,,qal,perf,W NS XWCK,XWCK,no complement,no complement,,,,,,,,,,,,,,,reconstructed,,col 20 15
9587,HLK,1QH,1QH,24,52,THLKW,THLKW P<MJ <L MVWNJ PXJ H W MPRFJ RCT W <RMT,,qal,impf,[THLKW P<MJ] <L MVWNJ PXJ H W MPRFJ R[CT W <RMT],[P<MJ],<L MVWNJ PXJ H W MPRFJ R[CT W <RMT],<L MVMN PX H= W MPRF RCT W <RMH=,over the ones hiding its traps and hold [...],0,prep,other,anim,und,subs,complex,posture/not motion,other,<L,,,,reconstructed,,col 21 4
9607,NTK,1QH,1QH,24,53,TK,>CMR B JYR <PR M HTPRR W M TK DWNG BH W MQWJ >PR,,qal,infc,W M TK DWNG,,no complement,no complement,,,,,,,,,,,,,,,,,col 21 5
9817,CWB,1QH,1QH,24,68,TCJB,KJ> >JC W TCJB HW W B MH JT HC TH <YMTH P B JC L LW> MQWH,,hif,impf,W TCJB HW,,no complement,no complement,,,,,,,,,,,,,,,,,col 22 top 15
9879,GLH,1QH,1QH,24,72,GLJTH,W <L MCMRT M J W NDJBJM LW> K KJ> TG<R B KWL FVN MCXJT WMRY L J M >Z KWNNTJ L BH W >TH GLJTH >WZN J,,qal,perf,W >TH GLJTH >WZN J,>TH,no complement,no complement,,,,,,,,,,,,,,,,,col 21 bottom 7
9884,BW>,1QH,1QH,24,73,JBW>,K LW> JBW> KJ >W >NWCJ BRJT PWTW B M,,qal,impf,[LW> JBW>],,no complement,no complement,,,,,,,,,,,,,,,reconstructed,,col 22 bottom 7-8
9893,BW>,1QH,1QH,24,74,JBW>,W JBW> B MBNJT J W TKMJ KXWT L PNJ KH,,qal,impf,W JBW>,,no complement,no complement,,,,,,,,,,,,,,,,,col 22 bottom 8
9943,GLH,1QH,1QH,24,78,TGL,MH JBJ B KJ> >TH >L J PTXTH LBB J L BJNT KH W TGL >WZN J W L HC<N <L VWB KH,,qal,impf,W TGL >WZN J,,no complement,no complement,,,,,,,,,,,,,,,,,col 22 bottom 12
10033,GLH,1QH,1QH,25,2,TGL,KJ> >T KH >WR L W TGL >WZN <PR T WL MZMH >CR HW > < W T>MN H B >WZN <BD KH <D <WLM CMW<WT PL> KH L HWPJ< L <JNJ KWL CWM<J B JMJN <WZ KH L NHL KWL M B KWX GBWRT KH JHLL CM KH W JTGBR B KBWD KH,,qal,impf,W TGL >WZN <PR,,no complement,no complement,,,,,,,,,,,,,,,,,col 23 top 4
10082,CWB,1QH,1QH,25,3,TCB,>L TCB JD KH M L HJWT L W MTXZQ B BRJT KH W <WMD L PNJ KH B,,hif,impf,>L TCB JD KH,,no complement,no complement,,,,,,,,,,,,,,,,,col 23 top 9
10317,GLH,1QH,1QH,25,19,GLJTH,KJ> W M>WR GLJTH W LW> L HCJB WDCKH HNJPWTH L KPR >CMH MCRTJM <M YB> KH W MTHLKJM BWT M L PNJ KH,,qal,perf,W M>WR GLJTH,,no complement,no complement,,,,,,,,,,,,,,,,,col 23 bottom 12
10321,CWB,1QH,1QH,25,19,HCJB,KJ> W M>WR GLJTH W LW> L HCJB WDCKH HNJPWTH L KPR >CMH MCRTJM <M YB> KH W MTHLKJM BWT M L PNJ KH,,hif,infc,L HCJB,,no complement,no complement,,,,,,,,,,,,,,,,,col 23 bottom 12
10504,GLH,1QH,1QH,25,26,GLJTH,YDQH W< B L CXT B <T <WWNWT M KWL FVN W MCXJT B RCT M W L CLX M GWJ JKH RC< >JC ZJDN B MRBJ M<L W B NGJ<JM W B MCPVJM L BJM B BSR KJ KWL RWXWT MMZRJM L HRCJ< B BFR WM HRCJ<W B XJJ HM WK L KN RWX M L HRCJ< <L L PL> RZJ KH GLJTH LB J >NJ L BFR,,qal,perf,PL> RZJ KH GLJTH LB[ J],,LB[ J],LB J,,0,vc,,,det,subs,complex,,,,,,,reconstructed,,col 24 bottom 5
10636,GLH,1QH,1QH,25,33,GLJTH,W >WZN BFR GLJTH W L >NWC B MZMT LB KH W QY T<WDH HFKLTH L BFR,,qal,perf,W >WZN BFR GLJTH,,no complement,no complement,,,,,,,,,,,,,,,,,col 25 top 10
10767,BW>,1QH,1QH,26,8,JBW>,JBW>,,qal,impf,JBW>,,no complement,no complement,,,,,,,,,,,,,,,,,col 26 top 7
10782,GLH,1QH,1QH,26,18,GLWT,RZJM W L GLWT NSTRWT LH PJL NW<DT RWM G>JM,,qal,infc,W L GLWT NSTRWT,,no complement,no complement,,,,,,,,,,,,,,,,,col 26 top 15
10844,CWB,1QH,1QH,26,37,HCJB,L HCJB DBR K PJ KH W LRY H B,,hif,infc,L HCJB DBR K PJ KH,,no complement,no complement,,,,,,,,,,,,,,,,,col 24 bottom 12
11088,JY>,1QM,1QM,1,6,JY>,W B QY W JY> B XMH GDWLH L HLXM B MLKJ H YPWN W >P W L HCMJD W L HKRJT >T QRN,,qal,impf,W B QY W JY> B XMH GDWLH,,no complement,no complement,,,,,,,,,,,,,,,,,col 1 4
11136,NPL,1QM,1QM,1,9,NPL,W NPL >CWR W >JN <WZR L W,,qal,perf,W NPL >CWR,>CWR,no complement,no complement,,,,,,,,,,,,,,,,,col 1 6
11144,SWR,1QM,1QM,1,10,SRH,W SRH MMCLT KTJJM L HKNJ< RC<H L >JN C>RJT,,qal,perf,W SRH MMCLT KTJJM,MMCLT KTJJM,no complement,no complement,,,,,,,,,,,,,,,,,col 1 6
11168,HLK,1QM,1QM,1,12,HLWK,W BNJ YDQ J>JRW L KWL QYWWT TBL HLWK W >WR <D TWM KWL MW<DJ XWCK,,qal,infc,HLWK,,no complement,no complement,,,,,,,,,,,,,,,,,col 1 8
11204,NPL,1QM,1QM,1,14,NPWL,W B JWM NPWL B W KTJJM QRB W NXCJR XZQ L PNJ >L JFR>L KJ> HW>H JWM J<WD L W M >Z L MLXMT KLH L BNJ XWCK,,qal,infc,NPWL B W KTJJM,KTJJM,B W,B W=,in it,0,prep,prps,inanim,det,prsf,simple,posture/not motion,other,B,,,,,,col 1 9
11232,QRB,1QM,1QM,1,15,JTQRBW,B W JTQRBW L NXCJR GDWL <DT >LJM W QHLT >NCJM,,hit,impf,B W JTQRBW L NXCJR GDWL <DT >LJM W QHLT >NCJM,<DT >LJM W QHLT >NCJM,no complement,no complement,,,,,,,,,,,,,,,,,col 1 10-11
11561,JY>,1QM,1QM,2,11,Y>T,M KWL CBVJ JFR>L JXLWYW L HM >NCJ XJL L Y>T L YB> K PJ T<WDWT H MLXMH CNH B CNH,,qal,infc,L Y>T,,no complement,no complement,,,,,,,,,,,,,,,,,col 2 8
11580,JY>,1QM,1QM,2,12,Y>T,W B CNJ H CMVJM LW> JXLWYW L Y>T L YB> KJ> CBT MNWX HJ>H L JFR>L,,qal,infc,L Y>T,,no complement,no complement,,,,,,,,,,,,,,,,,col 2 8
11768,JY>,1QM,1QM,3,3,Y>T,SDRJ H MLXMH W XYWYRWT MQR> M B HPTX C<RJ H MLXMH L Y>T >NCJ H BNJM W XYWYRWT TRW<WT H XLLJM W XYWYRWT H M>RB W XYWYRWT H MRDP B HNGP >WJB W XYWYRWT H M>SP B CWB H MLXMH,,qal,infc,L Y>T >NCJ H BNJM,>NCJ H BNJM,no complement,no complement,,,,,,,,,,,,,,,,,col 3 1
11793,CWB,1QM,1QM,3,3,CWB,SDRJ H MLXMH W XYWYRWT MQR> M B HPTX C<RJ H MLXMH L Y>T >NCJ H BNJM W XYWYRWT TRW<WT H XLLJM W XYWYRWT H M>RB W XYWYRWT H MRDP B HNGP >WJB W XYWYRWT H M>SP B CWB H MLXMH,,qal,infc,B CWB H MLXMH,,H MLXMH,H MLXMH,of the battle,0,vc,occ,inanim,det,subs,simple,factive,source,,,,,,,col 3 2
11868,NWS,1QM,1QM,3,9,HNJS,W <L XYWYRWT MS<J HM JKTWBW GBWRWT >L L HPJY >WJB W L HNJS KWL MFN>J YDQ W MCWB XSDJM B MFN>J >L,,hif,infc,W L HNJS KWL,,no complement,no complement,,,,,,,,,,,,,,,,,col 3 5-6
11909,JY>,1QM,1QM,3,11,Y>T,W <L XYWYRWT MQR> >NCJ H BNJM B HPTX C<RJ H MLXMH L Y>T L M<RKT H >WJB JKTWBW ZKRWN NQM B MW<D >L,,qal,infc,L Y>T L M<RKT H >WJB,,L M<RKT H >WJB,L M<RKH H >JB,to the enemy line,0,prep,place,inanim,det,subs,complex,factive,goal,L,,,,,,col 3 7
11933,NPL,1QM,1QM,3,12,HPJL,W <L XYWYRWT H XLLJM JKTWBW JD GBWRT >L B MLXMH L HPJL KWL XLLJ M<L,,hif,infc,L HPJL KWL XLLJ M<L,,no complement,no complement,,,,,,,,,,,,,,,,,col 3 8
11960,CWB,1QM,1QM,3,14,JCJB,W <L XYWYRWT H MRDP JKTWBW NGP >L KWL BNJ XWCK LW> JCJB >P W <D KLWT M,,hif,impf,LW> JCJB >P W,,no complement,no complement,,,,,,,,,,,,,,,,,col 3 9
11974,BW>,1QM,1QM,3,15,BW>,W B CWB M MN H MLXMH L BW> H M<RKH JKTWBW <L XYWYRWT H MCWB >SP >L,,qal,infc,L BW> H M<RKH,,H M<RKH,H M<RKH,to the line,0,vc,place,inanim,det,subs,simple,factive,goal,,,,,,,col 3 10
11995,BW>,1QM,1QM,3,16,BW>,W <L XYWYRWT DRK H MCWB M MLXMT H >WJB L BW> >L H <DH JRWCLJM JKTWBW GJLWT >L B MCWB CLWM,,qal,infc,L BW> >L H <DH JRWCLJM,,>L H <DH JRWCLJM,>L H <DH JRWCLM,to the congregation of Jerusalem,0,prep,pers,anim,det,subs,complex,factive,goal,>L,,,,,,col 3 11
12209,HLK,1QM,1QM,4,13,LKT,W B LKT M L MLXMH JKTWBW <L >WTWT M >MT >L YDQ >L KBWD >L MCPV >L W >XRJ HM KWL SRK PRWC CMWT M,,qal,infc,B LKT M L MLXMH,M,L MLXMH,L H MLXMH,to the battle,0,prep,occ,inanim,det,subs,simple,factive,goal,L,,,,,,col 4 6
12236,NGC,1QM,1QM,4,14,GCT,W B GCT M L MLXMH JKTWBW <L >WTWT M JMJN >L MW<D >L MHWMT >L XLLJ >L W >XRJ HM KWL PRWC CMWT M,,qal,infc,B GCT M L MLXMH,M,L MLXMH,L H MLXMH,to the battle,0,prep,occ,inanim,det,subs,simple,factive,goal,L,,,,,,col 4 7
12289,JY>,1QM,1QM,4,17,Y>T,B Y>T M L MLXMH JKTBW <L >WT H R>JCWNH <DT >L,,qal,infc,B Y>T M L MLXMH,M,L MLXMH,L H MLXMH,to the battle,0,prep,occ,inanim,det,subs,simple,factive,goal,L,,,,,,col 4 9
12348,NGC,1QM,1QM,4,26,GCT,W B GCT M L MLXMH JKTWBW <L >WTWT M MLXMT >L NQMT >L RJB >L GMWL >L KWX >L CLWMJ >L GBWRT >L KLT >L B KWL GWJ HBL,,qal,infc,B GCT M L MLXMH,M,L MLXMH,L H MLXMH,to the battle,0,prep,occ,inanim,det,subs,simple,factive,goal,L,,,,,,col 4 11
12782,CWB,1QM,1QM,5,24,CBW,CB< P<MJM W CBW L M<MD M,,qal,perf,W CBW L M<MD M,,L M<MD M,L M<MD M,to their position,0,prep,place,inanim,det,subs,complex,factive,goal,L,,,,,,col 6 1
12789,JY>,1QM,1QM,5,25,JY>W,W >XRJ HM JY>W CLWCH DGLJ BJNJM W <MDW BJN H M<RKWT,,qal,impf,W >XRJ HM JY>W CLWCH DGLJ BJNJM,CLWCH DGLJ BJNJM,>XRJ HM,>XR HM,after them,0,prep,prps,anim,det,subs,complex,factive,other,>XR/,,,,,,col 6 1
12831,NPL,1QM,1QM,5,28,HPJL,W <L H CLV H CNJ JKTWBW ZJQJ DM L HPJL XLLJM B >P >L,,hif,infc,L HPJL XLLJM B >P >L,,no complement,no complement,,,,,,,,,,,,,,,,,col 6 3
12857,CWB,1QM,1QM,5,30,CBW,KWL >LH JVJLW CB< P<MJM W CBW L M<MD M,,qal,perf,W CBW L M<MD M,,L M<MD M,L M<MD M,to their position,0,prep,place,inanim,det,subs,complex,factive,goal,L,,,,,,col 6 4
12864,JY>,1QM,1QM,5,31,JY>W,W >XRJ HM JY>W CNJ DGLJ BJNJM W <MDW BJN CTJ H M<RKWT,,qal,impf,W >XRJ HM JY>W CNJ DGLJ BJNJM,CNJ DGLJ BJNJM,>XRJ HM,>XR HM,after them,0,prep,prps,anim,det,subs,complex,factive,other,>XR/,,,,,,col 6 4
12892,NPL,1QM,1QM,5,33,HPJL,W H DGL H CNJ MXZJQJ MGN W KJDN L HPJL XLLJM B MCPV >L W L HKNJ< M<RKT >WJB B GBWRT >L L CLM GMWL R<T M L KWL GWJ HBL,,hif,infc,L HPJL XLLJM B MCPV >L,,no complement,no complement,,,,,,,,,,,,,,,,,col 6 5
12968,JY>,1QM,1QM,5,37,JY>W,M>TJM PRCJM JY>W <M >LP M<RKT >NCJ H BJNJM W KN J<MWDW L KWL <BRJ H MXNH H KWL CC M>WT W >RB<T >LPJM,,qal,impf,M>TJM PRCJM JY>W <M >LP M<RKT >NCJ H BJNJM,M>TJM PRCJM,no complement,no complement,,,,,,,,,,,,,,,,,col 6 9
13227,BW>,1QM,1QM,5,50,JBW>W,W KWL N<R Z<VWV W >CH LW> JBW>W L MXNWT M B Y>T M M JRWCLJM L LKT L MLXMH <D CWB M,,qal,impf,W KWL N<R Z<VWV W >CH LW> JBW>W L MXNWT M,KWL N<R Z<VWV W >CH,L MXNWT M,L MXNH M,in the encampment,0,prep,place,inanim,det,subs,complex,factive,goal,L,,,,,,col 7 3
13237,HLK,1QM,1QM,5,50,LKT,W KWL N<R Z<VWV W >CH LW> JBW>W L MXNWT M B Y>T M M JRWCLJM L LKT L MLXMH <D CWB M,,qal,infc,L LKT L MLXMH,,L MLXMH,L H MLXMH,to the battle,0,prep,occ,inanim,det,subs,simple,factive,goal,L,,,,,,col 7 4
13242,CWB,1QM,1QM,5,50,CWB,W KWL N<R Z<VWV W >CH LW> JBW>W L MXNWT M B Y>T M M JRWCLJM L LKT L MLXMH <D CWB M,,qal,infc,<D CWB M,M,no complement,no complement,,,,,,,,,,,,,,,,,col 7 4
13269,HLK,1QM,1QM,5,51,JLKW,W KWL PSX >W <WR >W XGR >W >JC >CR MWM <WLM B BFR W >W >JC MNWG< B VM>T BFR W KWL >LH LW> JLKW >T M L MLXMH,,qal,impf,KWL >LH LW> JLKW >T M L MLXMH,KWL >LH,L MLXMH,L H MLXMH,to the battle,0,prep,occ,inanim,det,subs,simple,factive,goal,L,,,,,,col 7 5
13306,JRD,1QM,1QM,5,53,JRD,W KWL >JC >CR LW> JHJH VHWR M MQWR W B JWM H MLXMH LW> JRD >T M KJ> ML>KJ QWDC <M YB>WT M JXD,,qal,impf,W KWL >JC LW> JRD >T M,KWL >JC,no complement,no complement,,,,,,,,,,,,,,,,,col 7 5-6
13356,JY>,1QM,1QM,6,1,JY>W,W B SDR M<RKWT H MLXMH L QR>T >WJB M<RKH L QR>T M<RKH W JY>W MN H C<R H TJKWN >L BJN H M<RKWT CB<H KWHNJM M BNJ >HRWN LWBCJM BGDJ CC LBN KTWNT BD W MKNSJ BD W XWGRJM B >BNV BD CC MCWZR TKLT W >RGMN W TWL<T CNJ W YWRT RJQMH M<FH XWCB W PRJ MGB<WT B R>CJ HM BGDJ MLXMH W >L H MQDC LW> JBJ>W M,,qal,impf,W JY>W MN H C<R H TJKWN >L BJN H M<RKWT CB<H KWHNJM M BNJ >HRWN,CB<H KWHNJM M BNJ >HRWN,>L BJN H M<RKWT,>L BJN H M<RKH,(to) between the lines,0,prep,place,inanim,det,subs,complex,factive,goal,>L,,,,,,col 7 8-9
13411,BW>,1QM,1QM,6,1,JBJ>W,W B SDR M<RKWT H MLXMH L QR>T >WJB M<RKH L QR>T M<RKH W JY>W MN H C<R H TJKWN >L BJN H M<RKWT CB<H KWHNJM M BNJ >HRWN LWBCJM BGDJ CC LBN KTWNT BD W MKNSJ BD W XWGRJM B >BNV BD CC MCWZR TKLT W >RGMN W TWL<T CNJ W YWRT RJQMH M<FH XWCB W PRJ MGB<WT B R>CJ HM BGDJ MLXMH W >L H MQDC LW> JBJ>W M,,hif,impf,W >L H MQDC LW> JBJ>W M,,>L H MQDC,>L H MQDC,to the sanctuary,0,prep,place,inanim,det,subs,simple,factive,goal,>L,,,,,,col 7 11-12
13459,JY>,1QM,1QM,6,4,Y>T,W B Y>T H KWHNJM >L BJN H M<RKWT JY>W <M HMH CB<H LWJJM W B JD M CB<T CWPRWT H JWBL,,qal,infc,B Y>T H KWHNJM >L BJN H M<RKWT,H KWHNJM,>L BJN H M<RKWT,>L BJN H M<RKH,(to) between the lines,0,prep,place,inanim,det,subs,complex,factive,goal,>L,,,,,,col 7 13-14
13466,JY>,1QM,1QM,6,4,JY>W,W B Y>T H KWHNJM >L BJN H M<RKWT JY>W <M HMH CB<H LWJJM W B JD M CB<T CWPRWT H JWBL,,qal,impf,W JY>W <M HMH CB<H LWJJM,CB<H LWJJM,no complement,no complement,,,,,,,,,,,,,,,,,col 7 14
13524,JY>,1QM,1QM,6,8,JY>W,W <M KWL M<RKH W M<RKH JY>W K KWL H SRK >NCJ BJNJM MN H C<RJM DW BJN CTJ H M<RKWT W H MLXMH,,qal,impf,W <M KWL M<RKH W M<RKH JY>W K KWL H SRK,,no complement,no complement,,,,,,,,,,,,,,,,,col 7 16-17
13570,BW>,1QM,1QM,6,11,B>W,W >XR JTQ<W L HM H KWHNJM B XYWYRWT H MCWB W B>W L JD H M<RKH H R>JCWNH L HTJYB <L M<MD M,,qal,perf,W B>W L JD H M<RKH H R>JCWNH,,L JD H M<RKH H R>JCWNH,L JD H M<RKH H R>CWN,to the flank of the first line,0,prep,place,inanim,det,subs,complex,factive,goal,L,,,,,,col 8 2-3
13711,JY>,1QM,1QM,6,18,JY>W,W <M QWL H TRW<H JY>W ZRQWT H MLXMH L HPJL XLLJM,,qal,impf,W <M QWL H TRW<H JY>W ZRQWT H MLXMH,ZRQWT H MLXMH,no complement,no complement,,,,,,,,,,,,,,,,,col 8 10-11
13716,NPL,1QM,1QM,6,18,HPJL,W <M QWL H TRW<H JY>W ZRQWT H MLXMH L HPJL XLLJM,,hif,infc,L HPJL XLLJM,,no complement,no complement,,,,,,,,,,,,,,,,,col 8 11
13807,NPL,1QM,1QM,6,25,HPJL,JXLW JD M L HPJL B XLLJM W KWL H <M JXCW M QWL H TRW<H,,hif,infc,L HPJL B XLLJM,,B XLLJM,B XLL=,to slained ones,0,prep,pers,anim,und,subs,simple,vertical,goal,B,,,,,,col 9 1
13837,SBB,1QM,1QM,6,26,HSBW,W H KWHNJM JHJW MRJ<JM B XYWYRWT H XLLJM L NYX H MLXMH <D HNGP H >WJB W HSBW <WRP M,,hif,perf,W HSBW <WRP M,,no complement,no complement,,,,,,,,,,,,,,,,,col 9 2
13862,JY>,1QM,1QM,6,27,JY>W,W H KWHNJM MRJ<JM L NYX MLXMH W B HNGP M L PNJ HM JTQ<W H KWHNJM B XYWYRWT H MQR> W JY>W >LJ HM KWL >NCJ H BJNJM M TWK M<RKWT H PNJM,,qal,perf,W JY>W >LJ HM KWL >NCJ H BJNJM M TWK M<RKWT H PNJM,KWL >NCJ H BJNJM,>LJ HM,>L HM,toward them,0,prep,prps,anim,det,prsf,simple,factive,goal,>L,,,,,,col 9 4-5
13941,NPL,1QM,1QM,6,32,NPWL,W B NPWL H XLLJM JHJW H KWHNJM MRJ<JM M RXWQ W LW> JBW>W >L TWK H XLLJM L HTG>L B DM VM>T M KJ> QDWCJM HMH,,qal,infc,B NPWL H XLLJM,H XLLJM,no complement,no complement,,,,,,,,,,,,,,,,,col 9 7
13952,BW>,1QM,1QM,6,32,JBW>W,W B NPWL H XLLJM JHJW H KWHNJM MRJ<JM M RXWQ W LW> JBW>W >L TWK H XLLJM L HTG>L B DM VM>T M KJ> QDWCJM HMH,,qal,impf,W LW> JBW>W >L TWK H XLLJM,,>L TWK H XLLJM,>L TWK H XLL=,to the midst of the lines,0,prep,place,inanim,det,subs,complex,factive,goal,>L,,,,,,col 9 7-8
14043,SBB,1QM,1QM,6,38,JSBW,K JSBW H MGDL L CLWCT RWXWT H PNJM MGNJM CLWC M>WT,,qal,impf,JSBW H MGDL L CLWCT RWXWT H PNJM MGNJM CLWC M>WT,,L CLWCT RWXWT H PNJM,L CLC RWX== H PNH,to/on its three forward faces,0,prep,place,inanim,det,subs,complex,factive,goal,L,,,,,,col 9 13-14
14141,QRB,1QM,1QM,7,3,QRB,W JLMD NW M >Z L DWRWTJ NW L >MWR B QRB KM L MLXMH W <MD H KWHN W DBR >L H <M L >MWR CM<H JFR>L >TMH QRBJM H JWM L MLXMH <L >WJBJ KMH,,qal,infc,B QRB KM L MLXMH,KM,L MLXMH,L H MLXMH,to the battle,0,prep,occ,inanim,det,subs,simple,factive,goal,L,,,,,,col 10 2
14220,CWB,1QM,1QM,7,6,CWB,W CWVRJ NW JDBRW L KWL <TWDJ H MLXMH NDJBJ LB L HXZJQ B GBWRT >L W L CWB KWL MSJ LBB W L XZJQ JXD B KWL GBWRJ XJL,,qal,infc,W L CWB KWL MSJ LBB,,no complement,no complement,,,,,,,,,,,,,,,,,col 10 5-6
14241,BW>,1QM,1QM,7,7,TBW>,W >CR DBRTH B JD MWCH L >MWR KJ> TBW> MLXMH B >RY KMH <L H YR H YWRR >T KMH WHRJ<WT B XYWYRWT W NZKRTMH L PNJ >LWHJ KM W NWC<TM M >WJBJ KM,,qal,impf,KJ> TBW> MLXMH B >RY KMH <L H YR,MLXMH,B >RY KMH,B >RY KM,in your land,0,prep,place,inanim,det,subs,complex,factive,goal,B,,,,,,col 10 6-7
14597,NPL,1QM,1QM,7,24,HPJL,W B JD MCJXJ KH XWZJ T<WDWT HGDTH L NW QYJ MLXMWT JDJ KH L HKBD B >WJBJ NW L HPJL GDWDJ BLJ<L CB<T GWJ HBL B JD >BJWNJ PDWT KH X W B CLWM L GBWRT PL> W LB NMS L PTX TQWH,,hif,infc,L HPJL GDWDJ BLJ<L CB<T GWJ HBL B JD >BJWNJ,,B JD >BJWNJ,B JD >BJWN,in the hand of the poor ones,0,prep,bopa,inanim,det,subs,complex,vertical,goal,B,,,,,,col 11 8-9
14647,CWB,1QM,1QM,7,26,TCWB,W NK>J RWX TB<JR K LPJD >C B <MJR >WKLT RC<H LW> TCWB <D KLWT >CMH,,qal,impf,LW> TCWB,,no complement,no complement,,,,,,,,,,,,,,,,,col 11 10
14665,NPL,1QM,1QM,7,27,NPL,W M >Z HCM <D GBWRT JD KH B KTJJM L >MWR W NPL >CWR B XRB LW> >JC W XRB LW> >DM TW>KLN W,,qal,perf,W NPL >CWR B XRB LW> >JC,>CWR,no complement,no complement,,,,,,,,,,,,,,,,,col 11 11
14696,CWB,1QM,1QM,7,28,HCJB,KJ> B JD >BJWNJM TSGJR >WJBJ KWL H >RYWT W B JD KWR<J <PR L HCPJL GBWRJ <MJM L HCJB GMWL RC<JM B R>C >C W L HYDJQ MCPV >MT KH B KWL BNJ >JC W L <FWT L KH CM <WLM B <M H MLXMWT W L HTGDL W L HTQDC L <JNJ C>R H GWJM,,hif,infc,L HCJB GMWL RC<JM B R>C >C,,B R>C >C,B R>C =,on their guilty head,0,prep,bopa,inanim,det,subs,complex,fictive,goal,B,,,,,,col 11 13-14
15010,BW>,1QM,1QM,7,47,HBJ>,PTXJ C<RJ K TMJD L HBJ> >LJ K XJL GW>JM,,hif,infc,L HBJ> >LJ K XJL GW>JM,,no complement,no complement,,,,,,,,,,,,,,,,,col 12 14
15236,NPL,1QM,1QM,8,9,HPLT,>T JTNW L KH <M <WLMJM W B GWRL >WR HPLT NW L >MT KH,,hif,perf,W B GWRL >WR HPLT NW L >MT KH,,B GWRL >WR,B GWRL >WR,in the lot of light,0,prep,abs,inanim,det,subs,complex,vertical,goal,B,,,,fictive?,col 13 9-10,
15290,HLK,1QM,1QM,8,13,JTHLKW,W KWL RWXJ GWRL W ML>KJ XBL B XWQJ XWCK JTHLKW W >LJ W TCWQT MH JXD,,hit,impf,W KWL RWXJ GWRL W ML>KJ XBL B XWQJ XWCK JTHLKW,KWL RWXJ GWRL W ML>KJ XBL,B XWQJ XWCK,B XQ XCK,in the laws of darkness,0,prep,abs,inanim,det,subs,complex,fictive,trajectory,B,,,,,,col 13 11-12
15397,<LH,1QM,1QM,9,1,H<LWT,W >XR H<LWT M M <L H XLLJM L BW> H MXNH JRNNW KWL M >T THLT H MCWB,,hif,infc,>XR H<LWT M M <L H XLLJM,M,M <L H XLLJM,MN <L H XLL=,,0,prep + prep,,,det,,simple,,,MN,<L,,,min excluded,,
15404,BW>,1QM,1QM,9,1,BW>,W >XR H<LWT M M <L H XLLJM L BW> H MXNH JRNNW KWL M >T THLT H MCWB,,qal,infc,L BW> H MXNH,,H MXNH,H MXNH,to the encampment,0,vc,place,inanim,det,subs,simple,factive,goal,,,,,,,col 14 2
15429,CWB,1QM,1QM,9,3,CBW,W CBW >L MQWM <WMD M >CR SDRW CM H M<RKH L PNJ NPWL XLLJ H >WJB,,qal,perf,W CBW >L MQWM,,>L MQWM,>L MQWM,to a place,0,prep,place,inanim,und,subs,simple,factive,goal,>L,,,,,,col 14 3
15440,PNH,1QM,1QM,9,3,PNJ,W CBW >L MQWM <WMD M >CR SDRW CM H M<RKH L PNJ NPWL XLLJ H >WJB,,,,L PNJ NPWL XLLJ H >WJB,XLLJ H >WJB,no complement,no complement,,,,,,,,,,,,,,,,,col 14 3
15441,NPL,1QM,1QM,9,3,NPWL,W CBW >L MQWM <WMD M >CR SDRW CM H M<RKH L PNJ NPWL XLLJ H >WJB,,qal,infc,L PNJ NPWL XLLJ H >WJB,XLLJ H >WJB,no complement,no complement,,,,,,,,,,,,,,,,,col 14 3
15630,CWB,1QM,1QM,9,18,TCJB,W L NKBDJ HM TCJB L BWZ,,hif,impf,W L NKBDJ HM TCJB L BWZ,,L NKBDJ HM,L KBD HM,to their notables,0,prep,pers,anim,det,subs,complex,fictive,goal,L,,,,,,col 14 11-12
15630,CWB,1QM,1QM,9,18,TCJB,W L NKBDJ HM TCJB L BWZ,,hif,impf,W L NKBDJ HM TCJB L BWZ,,L BWZ,L BWZ=,with scorn,0,prep,abs,inanim,und,subs,simple,fictive,other,L,,,,,,col 14 11-12
15744,HLK,1QM,1QM,10,3,JLKW,W KWL < H MLXMH JLKW W XNW NGD MLK H KTJJM W NGD KWL XJL BLJ<L H NW<DJM <M W L JWM B XRB >L,,qal,impf,JLKW,,no complement,no complement,,,,,,,,,,,,,,,,,col 15 2
15814,HLK,1QM,1QM,10,7,HTHLK,W HTHLK H KWHN H XRWY L MW<D NQM <L PJ KWL >XJ W W XZQ >T H,,hit,perf,W HTHLK H KWHN,H KWHN,no complement,no complement,,,,,,,,,,,,,,,,,col 15 6-7
15860,CWB,1QM,1QM,10,10,TCWBW,W >L TXPZW W >L T<RWYW M PNJ HM W >L TCWBW >XWR W >L M,,qal,impf,W >L TCWBW >XWR,,>XWR,>XWR,backwards,0,vc,dir,inanim,det,subs,simple,factive,goal,,,,,,,col 15 8-9
16091,JY>,1QM,1QM,10,24,Y>T,W <M Y>T H QWL JXLW JD M L HPJL B XLLJ KTJJM W KWL H <M JXCW QWL H TRW<H,,qal,infc,<M Y>T H QWL,H QWL,no complement,no complement,,,,,,,,,,,,,,,,,col 16 8
16098,NPL,1QM,1QM,10,24,HPJL,W <M Y>T H QWL JXLW JD M L HPJL B XLLJ KTJJM W KWL H <M JXCW QWL H TRW<H,,hif,infc,L HPJL B XLLJ KTJJM,,B XLLJ KTJJM,B XLL= KTJ,in/to the slained of the Kittim,0,prep,pers,anim,det,subs,complex,vertical,other,B,,,,,,col 16 8
16139,NPL,1QM,1QM,11,1,NPWL,W B HT>ZR L <ZRT BNJ XWCK W XLLJ H BJNJM JXLW L NPWL B RZJ >L W L BXWN B M KWL XRWYJ H MLXMH W H KWHNJM JTQ<W B XYWYRWT H MQR> L Y>T M<RKH >XRT XLJPH L MLXMH W <MDW BJN H M<RKWT,,qal,infc,L NPWL B RZJ >L,,no complement,no complement,,,,,,,,,,,,,,,,,col 16 11
16161,JY>,1QM,1QM,11,1,Y>T,W B HT>ZR L <ZRT BNJ XWCK W XLLJ H BJNJM JXLW L NPWL B RZJ >L W L BXWN B M KWL XRWYJ H MLXMH W H KWHNJM JTQ<W B XYWYRWT H MQR> L Y>T M<RKH >XRT XLJPH L MLXMH W <MDW BJN H M<RKWT,,qal,infc,L Y>T M<RKH >XRT XLJPH L MLXMH,,L MLXMH,L H MLXMH,to the battle,0,prep,occ,inanim,det,subs,simple,factive,goal,L,,,,,,col 16 12
16177,CWB,1QM,1QM,11,2,CWB,WLMTQRBJ LXMH JTQ<W L CWB,,qal,infc,L CWB,,no complement,no complement,,,,,,,,,,,,,,,,,col 16 13
16179,NGC,1QM,1QM,11,3,NGC,W NGC KWHN H RW>C W <MD L PNJ H M<RKH W XZQ >T LBB M B >L W >T JDJ HM B MLXMT W,,nif,perf,W NGC KWHN H RW>C,KWHN H RW>C,no complement,no complement,,,,,,,,,,,,,,,,,col 16 13
16437,QRB,1QM,1QM,11,22,HTQRB,W TQ<W H KWHNJM B XYWYRWT TRW<H CNJT JJDJ HTQRB,,hit,infc,HTQRB,,no complement,no complement,,,,,,,,,,,,,,,,,col 17 11
16485,NPL,1QM,1QM,11,24,HPJL,W >NCJ H BJNJM JCLXW JD M B XJL H KTJJM L RW<H JXLW L HPJL B XLLJ HM,,hif,infc,L HPJL B XLLJ HM,,B XLLJ HM,B H XLL= HM,to their slained ones,0,prep,pers,anim,det,subs,complex,vertical,other,B,,,,,,col 16 14
16494,NWX,1QM,1QM,11,25,JNJXW,W KWL H <M JNJXW QWL H TRW<H,,hif,impf,W KWL H <M JNJXW QWL H TRW<H,KWL H <M,no complement,no complement,,,,,,,,,,,,,,,,,col 16 14
16552,NPL,1QM,1QM,12,2,NPLW,W NPLW BNJ JPT L >JN QWM W KTJJM JKTW L >JN,,qal,perf,NPLW BNJ JPT,BNJ JPT,no complement,no complement,,,,,,,,,,,,,,,,,col 18 2
16603,BW>,1QM,1QM,12,5,BW>,>WY H CMC L BW> B JWM H HW>H J<MWD KWHN H RW>C W H KWHNJM W H LWJJM >CR >T W W R>CJ H SRK W BRKW CM >T >L JFR>L,,qal,infc,L BW>,,no complement,no complement,,,,,,,,,,,,,,,,,col 17 5
16721,SWR,1QM,1QM,12,12,HSJR,L HSJR MMCLT >WJB L >JN <WD W JD GBWRT KH W B MLXMH L >WJBJ NW L MGPT KLH,,hif,infc,L HSJR MMCLT >WJB,,no complement,no complement,,,,,,,,,,,,,,,,,col 18 11
16788,SWR,1QM,1QM,12,15,HSJR,L HSJR B B >BDWN W T,,hif,infc,L HSJR,,no complement,no complement,,,,,,,,,,,,,,,reconstructed,,col 18 10?
16915,BW>,1QM,1QM,12,29,JBW>W,W B BWQR JBW>W <D MQWM H M<RKH GBWRJ KTJJM W HMWN >CWR W XJL KWL H GWJM H NQHLJM >M XLLJM NPLW CM B XRB >L,,qal,impf,JBW>W <D MQWM H M<RKH GBWRJ KTJJM W HMWN >CWR W XJL KWL H GWJM,GBWRJ KTJJM W HMWN >CWR W XJL KWL H GWJM,<D MQWM H M<RKH,<D MQWM H M<RKH,to the place of the battle,0,prep,pers,inanim,det,subs,complex,factive,goal,<D,,,,,,col 19 9-10
16934,NPL,1QM,1QM,12,29,NPLW,W B BWQR JBW>W <D MQWM H M<RKH GBWRJ KTJJM W HMWN >CWR W XJL KWL H GWJM H NQHLJM >M XLLJM NPLW CM B XRB >L,,qal,perf,NPLW CM B XRB >L,,CM,CM=,there,0,vc,adv,inanim,det,adv,simple,vertical,goal,,,,,,,col 19 11
16940,NGC,1QM,1QM,12,30,NGC,W NGC CM KWHN H RW>C HW MLXMH W KWL R>CJ H M<RKWT W PQWD HM <L XLLJ KTJJM,,nif,perf,W NGC CM KWHN H RW>C,KWHN H RW>C,CM,CM=,there,0,vc,adv,inanim,det,adv,simple,factive,goal,,,,,,,col 19 11
17046,HLK,1QS,1QS,1,6,LKT,W LW> L LKT <WD B CRJRWT LB >CMH W <JNJ ZNWT L <FWT KWL R<,,qal,infc,L LKT <WD B CRJRWT LB >CMH W <JNJ ZNWT,,no complement,no complement,,,,,,,,,,,,,,,,,col 1 6
17061,BW>,1QS,1QS,1,7,HBJ,W L HBJ >T KWL H NDBJM L <FWT XWQJ >L B BRJT XSD,,hif,infc,W L HBJ >T KWL,,no complement,no complement,,,,,,,,,,,,,,,,,col 1 7
17080,HLK,1QS,1QS,1,8,HTHLK,L HWXD B <YT >L W L HTHLK L PNJ W TMJM KWL H NGLWT L MW<DJ T<WDWT M,,hit,infc,W L HTHLK L PNJ W TMJM KWL,,L PNJ W,L PNH W=,before him,0,prep,prps,anim,det,subs,complex,factive,other,L PNH/,,,,,,col 1 8
17125,BW>,1QS,1QS,1,10,JBJ>W,W KWL H NDBJM L >MT W JBJ>W KWL D<T M W KWX M W HWN M B JXD >L L BRR D<T M B >MT XWQJ >L W KWX M L TKN K TM DRKJ W W KWL HWN M K <YT YDQ W,,hif,impf,W KWL JBJ>W KWL D<T M W KWX M W HWN M B JXD >L,KWL,B JXD >L,B JXD >L==,in the community of God,0,prep,abs,inanim,det,subs,complex,fictive,goal,B,,,,,,col 1 11-12
17200,HLK,1QS,1QS,1,12,LKT,W LW> L SWR M XWQJ >MT W L LKT JMJN W FM>WL,,qal,infc,L LKT JMJN W FM>WL,,JMJN W FM>WL,JMJN W FM>L,to the right or to the left,0,vc,dir,inanim,det,subs,complex,fictive,goal,,,,,,,col 1 15
17212,<BR,1QS,1QS,2,1,J<BWRW,W KWL H B>JM B SRK H JXD J<BWRW B BRJT L PNJ >L L <FWT K KWL >CR YWH W LW> L CWB M >XR W M KWL PXD W >JMH W MYRP NHJJM B MMCLT BLJ<L,,qal,impf,W KWL J<BWRW B BRJT L PNJ >L,KWL,B BRJT,B H BRJT,in a covenant,0,prep,abs,inanim,und,subs,simple,fictive,goal,B,,,,,,col 1 16
17245,<BR,1QS,1QS,2,2,<WBR,W B <WBR M B BRJT JHJW H KWHNJM W H LWJJM MBRKJM >T >L JCW<WT W >T KWL M<FJ >MT W,,qal,infc,B <WBR M B BRJT,M,B BRJT,B H BRJT,in a covenant,0,prep,abs,inanim,und,subs,simple,fictive,goal,B,,,,,,col 1 18
17340,HLK,1QS,1QS,2,6,LKT,W KWL H <WBRJM B BRJT MWDJM >XRJ HM L >MWR N<WJNW PC<NW XV>NW HRC<NW >NW W >BWTJ NW M L PNJ NW B LKT NW QRJ B XWQJ >MT W YDJQ >L >CR <FH MCPV W B NW W B >BWTJ NW,,qal,infc,B LKT NW QRJ B XWQJ >MT W YDJQ >L,NW,B XWQJ >MT W YDJQ >L,B XQ >MT W YDJQ >L==,,0,prep,,,und,subs,complex,,,B,,,,reconstructed,,col 1 25-26
17542,<BR,1QS,1QS,2,17,<BWR,W HWSJPW H KWHNJM W H LWJJM W >MRW >RWR B GLWLJ LB W L <BWR H B> B BRJT H ZWT W MKCWL <WWN W JFJM L PNJ W L HSWG B W,,qal,infc,L <BWR,,no complement,no complement,,,,,,,,,,,,,,,,,col 2 11
17588,HLK,1QS,1QS,2,18,>LK,W HJH B CWM< W >T DBRJ H BRJT H ZWT JTBRK B LBB W L >MWR CLWM JHJ L J KJ> B CRJRWT LB J >LK W NSPTH RWX W H YM>H <M H RWWH L >JN SLJXH,,qal,impf,KJ> B CRJRWT LB J >LK,,B CRJRWT LB J,B CRRWT LB J,in the stubbornness of my heart,0,prep,abs,inanim,det,subs,complex,fictive,trajectory,B,,,,,,col 2 14
17679,<BR,1QS,1QS,2,24,J<BWRW,H KWHNJM J<BWRW B RCWNH B SRK L PJ RWXWT M ZH >XR ZH,,qal,impf,H KWHNJM J<BWRW B RCWNH B SRK L PJ RWXWT M ZH >XR ZH,H KWHNJM,no complement,no complement,,,,,,,,,,,,,,,,,col 2 19-20
17696,<BR,1QS,1QS,2,25,J<BWRW,W H LWJJM J<BWRW >XRJ HM W KWL H <M J<BWRW B CLJCJT B SRK ZH >XR ZH L >LPJM W M>WT W XMCJM W <FRWT L D<T KWL >JC JFR>L >JC BJT M<MD W B JXD >L L <YT <WLMJM,,qal,impf,W H LWJJM J<BWRW >XRJ HM,H LWJJM,>XRJ HM,>XR HM,after them,0,prep,prps,anim,det,subs,complex,factive,other,>XR/,,,,,,col 2 20
17703,<BR,1QS,1QS,2,25,J<BWRW,W H LWJJM J<BWRW >XRJ HM W KWL H <M J<BWRW B CLJCJT B SRK ZH >XR ZH L >LPJM W M>WT W XMCJM W <FRWT L D<T KWL >JC JFR>L >JC BJT M<MD W B JXD >L L <YT <WLMJM,,qal,impf,W KWL H <M J<BWRW B CLJCJT B SRK ZH >XR ZH L >LPJM W M>WT W XMCJM W <FRWT,KWL H <M,no complement,no complement,,,,,,,,,,,,,,,,,col 2 21-22
17783,BW>,1QS,1QS,2,28,BW>,W KWL H MW>S L BW> B BRJT >L L LKT B CRJRWT LB W LW> J<BWR B JXD >MT W,,qal,infc,L BW> [B BRJT >]L,,[B BRJT >]L,B BRJT >L==,the covenant of god,0,prep,abs,inanim,det,subs,complex,,,B,,,,reconstructed,,col 2 25-26
17788,HLK,1QS,1QS,2,28,LKT,W KWL H MW>S L BW> B BRJT >L L LKT B CRJRWT LB W LW> J<BWR B JXD >MT W,,qal,infc,L LKT B CRJRWT LB W,,B CRJRWT LB W,B CRRWT LB W=,in the stubbornness of his heart,0,prep,abs,inanim,det,subs,complex,fictive,trajectory,B,,,,,,col 2 26
17794,<BR,1QS,1QS,2,28,J<BWR,W KWL H MW>S L BW> B BRJT >L L LKT B CRJRWT LB W LW> J<BWR B JXD >MT W,,qal,impf,W KWL LW> [J<BWR B J]XD >MT W,KWL,[B J]XD >MT W,B JXD >MT W=,the community of his truth,0,prep,abs,inanim,det,subs,complex,fictive,goal,B,,,,reconstructed,,col 2 25-26
17829,BW>,1QS,1QS,2,31,JBJ>W,W D<T W W KWX W W HWN W LW> JBJ>W B <YT JXD,,hif,impf,W D<T W W KWX W W HWN W LW> JBJ>W B <YT JXD,,B <YT JXD,B <YH JXD,the council of the community,0,prep,other,inanim,det,subs,complex,fictive,goal,B,,,,,,col 3 2
17974,HLK,1QS,1QS,2,40,HLKT,W JHKJN P<MJ W L HLKT TMJM B KWL DRKJ >L K >CR YWH L MW<DJ T<WDTJ W W LW> L SWR JMJN W FM>WL W >JN L Y<WD <L >XD M KWL DBRJ W,,qal,infc,L HLKT TMJM B KWL DRKJ >L,,B KWL DRKJ >L,B KL DRK >L==,in all the paths of god,0,prep,abs,inanim,det,subs,complex,fictive,trajectory,B,,,,,,col 3 9-10
17990,SWR,1QS,1QS,2,40,SWR,W JHKJN P<MJ W L HLKT TMJM B KWL DRKJ >L K >CR YWH L MW<DJ T<WDTJ W W LW> L SWR JMJN W FM>WL W >JN L Y<WD <L >XD M KWL DBRJ W,,qal,infc,L SWR JMJN W FM>WL,,JMJN W FM>WL,JMJN W FM>L,to the right or to the left,0,vc,dir,inanim,det,subs,complex,posture/not motion,goal,,,,,,,col 3 10
18069,PNH,1QS,1QS,3,3,PNJ,W L PNJ HJWT M HKJN KWL MXCBT M,,,,L PNJ HJWT M,M,no complement,no complement,,,,,,,,,,,,,,,,,col 3 15
18121,HLK,1QS,1QS,3,6,HTHLK,W HW>H BR> >NWC L MMCLT TBL W JFM L W CTJ RWXWT L HTHLK B M <D MW<D PQWDT W,,hit,infc,L HTHLK B M <D MW<D PQWDT W,,B M,B M,in/with them,0,prep,prps,anim,det,prsf,simple,fictive,other,B,,,,,,col 3 18
18159,HLK,1QS,1QS,3,9,JTHLKW,B JD FR >WRJM MMCLT KWL BNJ YDQ B DRKJ >WR JTHLKW,,hit,impf,B DRKJ >WR JTHLKW,,B DRKJ >WR,B DRK >WR,in paths of light,0,prep,abs,inanim,und,subs,complex,fictive,trajectory,B,,,,,,col 3 20
18173,HLK,1QS,1QS,3,10,JTHLKW,W B JD ML>K XWCK KWL MMCLT BNJ <WL W B DRKJ XWCK JTHLKW,,hit,impf,W B DRKJ XWCK JTHLKW,,B DRKJ XWCK,B DRK XCK,in paths of darkness,0,prep,abs,inanim,und,subs,complex,fictive,trajectory,B,,,,,,col 3 21
18382,HLK,1QS,1QS,3,19,LKT,W RWX <NWH W >WRK >PJM W RWB RXMJM W VWB <WLMJM W FKL W BJNH W XKMT GBWRH M>MNT B KWL M<FJ >L W NC<NT B RWB XSD W W RWX D<T B KWL MXCBT M<FH W QN>T MCPVJ YDQ W MXCBT QWDC B JYR SMWK W RWB XSDJM <L KWL BNJ >MT W VHRT KBWD MT<B KWL GLWLJ NDH W HYN< LKT B <RMT KWL W XB> L >MT RZJ D<T,,qal,infc,W HYN< LKT B <RMT KWL,,B <RMT KWL,B <RMH= KL,in abundance of all,0,prep,other,inanim,und,subs,complex,posture/not motion,other,B,,,,,,col 4 5-6
18494,HLK,1QS,1QS,3,21,LKT,W L RWX <WLH RXWB NPC W CPWL JDJM B <BWDT YDQ RC< W CQR GWH W RWM LBB KXC W RMJH >KZRJ W RWB XNP QYWR >PJM W RWB >WLT W QN>T ZDWN M<FJ TW<BH B RWX ZNWT W DRKJ NDH B <BWDT VM>H W LCWN GDWPJM <WRWN <JNJM W KBWD >WZN QWCJ <WRP W KJBWD LB L LKT B KWL DRKJ XWCK W <RMT RW<,,qal,infc,L LKT B KWL DRKJ XWCK W <RMT RW<,,B KWL DRKJ XWCK W <RMT RW<,B KL DRK XCK W <RMH= R<==,in all the paths of darkness and the abundance of evil,0,prep,abs,inanim,det,subs,complex,fictive,trajectory,B,,,,,,col 4 11
18583,HLK,1QS,1QS,3,25,JTHLKW,W B DRKJ HN JTHLKW W KWL P<WLT M<FJ HM B MPLGJ HN L PJ NXLT >JC BJN RWB L MW<V L KWL QYJ <WLMJM,,hit,impf,W B DRKJ HN JTHLKW,,B DRKJ HN,B DRK HN,in their paths,0,prep,abs,inanim,det,subs,complex,factive,trajectory,B,,,,,,col 4 15
18641,HLK,1QS,1QS,3,28,JTHLKW,W QN>T RJB <L KWL MCPVJ HN KJ> LW> JXD JTHLKW,,hit,impf,KJ> LW> JXD JTHLKW,,no complement,no complement,,,,,,,,,,,,,,,,,col 4 18
18668,JY>,1QS,1QS,3,30,TY>,W >Z TY> L NYX >MT TBL KJ> HTGWLLH B DRKJ RC< B MMCLT <WLH <D MW<D MCPV NXRYH,,qal,impf,W >Z TY> L NYX >MT TBL,>MT,TBL,TBL,out there,0,vc,place,inanim,und,subs,simple,fictive,goal,,,,,,,col 4 19
18674,GLL,1QS,1QS,3,30,HTGWLLH,W >Z TY> L NYX >MT TBL KJ> HTGWLLH B DRKJ RC< B MMCLT <WLH <D MW<D MCPV NXRYH,,hit,perf,KJ> HTGWLLH B DRKJ RC< B MMCLT <WLH <D MW<D MCPV NXRYH,,no complement,no complement,,,,,,,,,,,,,,,,,col 4 19-20
18736,GLL,1QS,1QS,3,32,HTGWLL,W JZ <LJ W RWX >MT K MJ NDH M KWL TW<BWT CQR W HTGWLL B RWX NDH L HBJN JCRJM B D<T <LJWN W XKMT BNJ CMJM L HFKJL TMJMJ DRK,,hit,infc,W HTGWLL B RWX NDH,,no complement,no complement,,,,,,,,,,,,,,,,,col 4 21-22
18787,HLK,1QS,1QS,3,36,JTHLKW,JTHLKW B XKMH W >WLT W K PJ NXLT >JC B >MT W YDQ W KN JFN> <WLH W K JRCT W B GWRL <WL JRC< B W W KN JT<B >MT,,hit,impf,JTHLKW B XKMH W >WLT,,B XKMH W >WLT,B XKMH W >WLT,in widsom or in folly,0,prep,abs,inanim,und,subs,complex,fictive,trajectory,B,,,,,,col 4 24
18853,NPL,1QS,1QS,3,39,HPJL,W JNXJL N L BNJ >JC L D<T VWB W R< L HPJL GWRLWT L KWL XJ L PJ RWX W B JWM MW<D H PQWDH,,hif,infc,L HPJL GWRLWT L KWL XJ L PJ RWX W B JWM MW<D H PQWDH,,L KWL XJ,L KL XJ,for all living being,0,prep,pers,anim,det,subs,complex,fictive,other,L,,,,,,col 4 26
18936,JY>,1QS,1QS,4,2,JY>,<L PJ HM JY> TKWN H GWRL L KWL DBR L TWRH W L HWN W L MCPV L <FWT >MT JXD W <NWH YDQH W MCPV W >HBT XSD W HYN< LKT B KWL DRKJ HM >CR LW> JLK >JC B CRJRWT LB W L T<WT >XR LBB W W <JNJ HW W MXCBT JYR W,,qal,impf,<L PJ HM JY> TKWN H GWRL L KWL DBR L TWRH W L HWN W L MCPV,TKWN H GWRL,L KWL DBR L TWRH W L HWN W L MCPV,L KL DBR L H TWRH W L H HWN W L H MCPV,"in all affairs for the law, wealth and judgment",0,prep,other,inanim,det,subs,complex,fictive,other,L,,,,,,col 5 3
18968,HLK,1QS,1QS,4,2,LKT,<L PJ HM JY> TKWN H GWRL L KWL DBR L TWRH W L HWN W L MCPV L <FWT >MT JXD W <NWH YDQH W MCPV W >HBT XSD W HYN< LKT B KWL DRKJ HM >CR LW> JLK >JC B CRJRWT LB W L T<WT >XR LBB W W <JNJ HW W MXCBT JYR W,,qal,infc,W HYN< LKT B KWL DRKJ HM,,B KWL DRKJ HM,B KL DRK HM,in all their paths,0,prep,abs,inanim,det,subs,complex,fictive,trajectory,B,,,,,,col 5 4
18975,HLK,1QS,1QS,4,2,JLK,<L PJ HM JY> TKWN H GWRL L KWL DBR L TWRH W L HWN W L MCPV L <FWT >MT JXD W <NWH YDQH W MCPV W >HBT XSD W HYN< LKT B KWL DRKJ HM >CR LW> JLK >JC B CRJRWT LB W L T<WT >XR LBB W W <JNJ HW W MXCBT JYR W,,qal,impf,>CR LW> JLK >JC B CRJRWT LB W,>JC,B CRJRWT LB W,B CRRWT LB W=,in the stubbornness of his heart,0,prep,abs,inanim,det,subs,complex,fictive,other,B,,,,,,col 5 4
18982,T<H,1QS,1QS,4,2,T<WT,<L PJ HM JY> TKWN H GWRL L KWL DBR L TWRH W L HWN W L MCPV L <FWT >MT JXD W <NWH YDQH W MCPV W >HBT XSD W HYN< LKT B KWL DRKJ HM >CR LW> JLK >JC B CRJRWT LB W L T<WT >XR LBB W W <JNJ HW W MXCBT JYR W,,qal,infc,L T<WT >XR LBB W W <JNJ HW W MXCBT JYR W,,>XR LBB W W <JNJ HW W MXCBT JYR W,>XR LBB W= W <JN HW W MXCBH JYR= W=,after his head and his eyes and the means of his creation,0,prep,abs,inanim,det,subs,complex,fictive,trajectory,>XR/,,,,,,col 5 4-5
19074,BW>,1QS,1QS,4,5,JBW>,KWL H B> L <YT H JXD JBW> B BRJT >L L <JNJ KWL H MTNDBJM,,qal,impf,KWL JBW> B BRJT >L L <JNJ KWL H MTNDBJM,KWL,B BRJT >L,B BRJT >L==,in the covenant of god,0,prep,abs,inanim,det,subs,complex,fictive,goal,B,,,,,,col 5 7-8
19092,CWB,1QS,1QS,4,6,CWB,W JQM <L NPC W B CBW<T >SR L CWB >L TWRT MWCH K KWL >CR YWH B KWL LB W B KWL NPC L KWL H NGLH MMN H L BNJ YDWQ H KWHNJM CWMRJ H BRJT W DWRCJ RYWN W W L RWB >NCJ BRJT M H MTNDBJM JXD L >MT W W L HTLK B RYWN W,,qal,infc,L CWB >L TWRT MWCH K KWL,,>L TWRT MWCH,>L TWRH MCH,to the law/torah of Moses,0,prep,abs,inanim,det,subs,complex,fictive,goal,>L,,,,,,col 5 8
19139,HLK,1QS,1QS,4,6,HTLK,W JQM <L NPC W B CBW<T >SR L CWB >L TWRT MWCH K KWL >CR YWH B KWL LB W B KWL NPC L KWL H NGLH MMN H L BNJ YDWQ H KWHNJM CWMRJ H BRJT W DWRCJ RYWN W W L RWB >NCJ BRJT M H MTNDBJM JXD L >MT W W L HTLK B RYWN W,,hit,infc,W L HTLK B RYWN W,,B RYWN W,B RYWN W=,in his own mind (according to his mind),0,prep,abs,inanim,det,subs,complex,fictive,other,B,,,,,,col 5 10
19186,T<H,1QS,1QS,4,8,T<W,KJ> LW> HXCBW B BRJT W KJ> LW> BQCW W LW> DRC HW B XWQJ HW L D<T H NSTRWT >CR T<W B M L >CCMH,,qal,perf,>CR T<W B M L >CCMH,,B M,B M,in/with them,0,prep,prps,inanim,det,prsf,simple,fictive,location,B,,,,,,col 5 11-12
19199,<LH,1QS,1QS,4,9,<LWT,W H NGLWT <FW B JD RMH L <LWT >P L MCPV W L NQWM NQM B >LWT BRJT L <FWT B M MCPVJM GDWLJM L KLT <WLM L >JN CRJT,,hif,infc,L <LWT >P L MCPV,,L MCPV,L H MCPV,for/by their decision,0,prep,abs,inanim,det,subs,simple,factive,other,L,,,,,,col 5 11-12
19224,BW>,1QS,1QS,4,10,JBW>,>L JBW> B MJM L G<T B VHRT >NCJ H QWDC,,qal,impf,>L JBW> B MJM,,B MJM,B H MJM,through/in water,0,prep,phen,inanim,det,subs,simple,factive,goal,B,,,,,,col 5 13
19287,CWB,1QS,1QS,4,13,JCJB,KJ> JRXQ MMN W B KWL DBR KJ> KN KTWB M KWL DBR CQR TRXQ W >CR LW> JCJB >JC M >NCJ H JXD <L PJ HM L KWL TWRH W MCPV,,hif,impf,W >CR LW> JCJB >JC M >NCJ H JXD <L PJ HM L KWL TWRH W MCPV,>JC M >NCJ H JXD,L KWL TWRH W MCPV,L KL TWRH W MCPV,for/according to any law and judgment,0,prep,abs,inanim,und,subs,complex,factive,other,L,,,,,,col 5 15-16
19405,BW>,1QS,1QS,4,18,JBW>,W KJ> JBW> B BRJT L <FWT K KWL H XWQJM H >LH L HWXD L <DT QWDC W DRCW >T RWX WM B JXD BJN >JC L R< HW L PJ FKL W W M<FJ W B TWRH <L PJ BNJ >HRWN H MTNDBJM B JXD L HQJM >T BRJT W W L PQWD >T KWL XWQJ W >CR YWH L <FWT W <L PJ RB JFR>L H MTNDBJM L CWB B JXD L BRJT W,,qal,impf,W KJ> JBW> B BRJT,,B BRJT,B H BRJT,in a covenant,0,prep,abs,inanim,und,subs,simple,fictive,goal,B,,,,,,col 5 20
19478,CWB,1QS,1QS,4,18,CWB,W KJ> JBW> B BRJT L <FWT K KWL H XWQJM H >LH L HWXD L <DT QWDC W DRCW >T RWX WM B JXD BJN >JC L R< HW L PJ FKL W W M<FJ W B TWRH <L PJ BNJ >HRWN H MTNDBJM B JXD L HQJM >T BRJT W W L PQWD >T KWL XWQJ W >CR YWH L <FWT W <L PJ RB JFR>L H MTNDBJM L CWB B JXD L BRJT W,,qal,infc,L CWB B JXD L BRJT W,,B JXD,B H JXD,in a community / a communion,0,prep,abs,inanim,und,subs,simple,factive,goal,B,,,,,,col 5 22
19478,CWB,1QS,1QS,4,18,CWB,W KJ> JBW> B BRJT L <FWT K KWL H XWQJM H >LH L HWXD L <DT QWDC W DRCW >T RWX WM B JXD BJN >JC L R< HW L PJ FKL W W M<FJ W B TWRH <L PJ BNJ >HRWN H MTNDBJM B JXD L HQJM >T BRJT W W L PQWD >T KWL XWQJ W >CR YWH L <FWT W <L PJ RB JFR>L H MTNDBJM L CWB B JXD L BRJT W,,qal,infc,L CWB B JXD L BRJT W,,L BRJT W,L BRJT W=,to his covenant,0,prep,,,det,subs,complex,fictive,goal,L,,,,,,col 5 22
19530,<LH,1QS,1QS,4,20,H<LWT,W L HJWT PWQDM >T RWX M W M<FJ HM CNH B CNH L H<LWT >JC L PJ FKL W W TWM DRK W W L >XR W K N<WJT W,,hif,infc,L H<LWT >JC L PJ FKL W W TWM DRK W,,no complement,no complement,,,,,,,,,,,,,,,,,col 5 24
19602,BW>,1QS,1QS,4,25,JBJ>,W GM >L JBJ> >JC <L R< HW DBR L PNJ H RBJM >CR LW> B TWKXT L PNJ <DJM,,hif,impf,W GM >L JBJ> >JC <L R< HW DBR L PNJ H RBJM,>JC,<L R< HW,<L R<= HW,against each other,0,prep,pers,anim,det,subs,complex,posture/not motion,other,<L,,,,,,col 6 1
19621,HLK,1QS,1QS,4,26,JTHLKW,B >LH JTHLKW B KWL MGWRJ HM KWL H NMY> >JC >T R< HW,,hit,impf,B >LH JTHLKW B KWL MGWRJ HM KWL,,B >LH,B >LH,in an oath,0,prep,abs,inanim,und,subs,simple,posture/not motion,other,B,,,,,,col 6 1-2
19668,MWC,1QS,1QS,4,29,JMC,W B KWL MQWM >CR JHJH CM <FRH >NCJM M <YT H XJD >L JMC M >T M >JC KWHN,,qal,impf,W B KWL MQWM >L JMC M >T M >JC KWHN,>JC KWHN,M >T M,MN >T= M,,0,prep + prep,,,det,,simple,,,MN,>T=,,,min excluded,,
19743,MWC,1QS,1QS,4,32,JMC,W >L JMC B MQWM >CR JHJW CM H <FRH >JC DWRC B TWRH JWMM W LJLH TMJD <LJPWT >JC L R< HW,,qal,impf,W >L JMC B MQWM >JC,>JC,B MQWM,B H MQWM,in the place,0,prep,place,inanim,det,subs,simple,factive,location,B,,,,,,col 6 6
19844,CWB,1QS,1QS,4,36,HCJB,W KN JC>LW L MCPV W L KWL <YH W DBR >CR JHJH L RBJM L HCJB >JC >T MD< W L <YT H JXD,,hif,infc,L HCJB >JC >T MD< W L <YT H JXD,>JC,L <YT H JXD,L <YH H JXD,to the counsel of the community,0,prep,pers,anim,det,subs,complex,fictive,goal,L,,,,,,col 6 9-10
19994,BW>,1QS,1QS,4,43,JBJ>,W >M JFJG MWSR JBJ> HW B BRJT L CWB L >MT W L SWR M KWL <WL W HBJN HW B KWL MCPVJ H JXD,,qal,impf,JBJ> HW B BRJT,,B BRJT,B H BRJT,in a covenant,0,prep,abs,inanim,und,subs,simple,fictive,goal,B,,,,,,col 6 14-15
20000,CWB,1QS,1QS,4,43,CWB,W >M JFJG MWSR JBJ> HW B BRJT L CWB L >MT W L SWR M KWL <WL W HBJN HW B KWL MCPVJ H JXD,,qal,infc,L CWB L >MT,,L >MT,L >MT,to (the?) truth,0,prep,abs,inanim,det,subs,simple,fictive,goal,L,,,,,,col 6 15
20020,BW>,1QS,1QS,4,44,BW>,W >XR B BW> W L <MWD L PNJ H RBJM W NC>LW H KWL <L DBRJ W,,qal,infc,B BW> W,W,no complement,no complement,,,,,,,,,,,,,,,,,col 6 15
20038,JY>,1QS,1QS,4,45,JY>,W K >CR JY> H GWRL <L <YT H RBJM JQRB >W JRXQ,,qal,impf,K >CR JY> H GWRL <L <YT H RBJM,H GWRL,no complement,no complement,,,,,,,,,,,,,,,,,col 6 16
20045,QRB,1QS,1QS,4,45,JQRB,W K >CR JY> H GWRL <L <YT H RBJM JQRB >W JRXQ,,qal,impf,W JQRB,,no complement,no complement,,,,,,,,,,,,,,,,,col 6 16
20050,QRB,1QS,1QS,4,46,QWRB,W B QWRB W L <YT H JXD LW> JG< B VHRT H RBJM <D >CR JDRWC HW L RWX W W M<F W <D MWL>T L W CNH TMJMH,,qal,infc,B QWRB W L <YT H JXD,W,L <YT H JXD,L <YH H JXD,to the counsel of the community,0,prep,pers,anim,det,subs,complex,posture/not motion,location,L,,,,,,col 6 16
20115,JY>,1QS,1QS,4,49,JY>,W >M JY> L W H GWRL L QRWB L SWD H JXD <L PJ H KWHNJM W RWB >NCJ BRJT M JQRBW GM >T HWN W W >T ML>KT W >L JD H >JC H MBQR <L ML>KT H RBJM W KTBW B XCBWN B JD W W <L H RBJM LW> JWYJ>N W,,qal,impf,W >M JY> L W H GWRL,H GWRL,L W,L W=,in/to him,0,prep,prps,anim,det,prsf,simple,fictive,goal,L,,,,,,col 6 18
20121,QRB,1QS,1QS,4,49,QRWB,W >M JY> L W H GWRL L QRWB L SWD H JXD <L PJ H KWHNJM W RWB >NCJ BRJT M JQRBW GM >T HWN W W >T ML>KT W >L JD H >JC H MBQR <L ML>KT H RBJM W KTBW B XCBWN B JD W W <L H RBJM LW> JWYJ>N W,,qal,infc,L QRWB L SWD H JXD <L PJ H KWHNJM W RWB >NCJ BRJT M,,L SWD H JXD,L SWD H JXD,the secret of the community,0,prep,abs,inanim,det,subs,complex,fictive,goal,L,,,,,,col 6 19
20135,QRB,1QS,1QS,4,49,JQRBW,W >M JY> L W H GWRL L QRWB L SWD H JXD <L PJ H KWHNJM W RWB >NCJ BRJT M JQRBW GM >T HWN W W >T ML>KT W >L JD H >JC H MBQR <L ML>KT H RBJM W KTBW B XCBWN B JD W W <L H RBJM LW> JWYJ>N W,,piel,impf,JQRBW GM >T HWN W W >T ML>KT W >L JD H >JC,,no complement,no complement,,,,,,,,,,,,,,,,,col 6 19-20
20166,JY>,1QS,1QS,4,49,JWYJ>N,W >M JY> L W H GWRL L QRWB L SWD H JXD <L PJ H KWHNJM W RWB >NCJ BRJT M JQRBW GM >T HWN W W >T ML>KT W >L JD H >JC H MBQR <L ML>KT H RBJM W KTBW B XCBWN B JD W W <L H RBJM LW> JWYJ>N W,,hif,impf,W <L H RBJM LW> JWYJ>N W,,<L H RBJM,<L H RB,for the multitude,0,prep,pers,anim,det,subs,simple,posture/not motion,other,<L,,,,,,col 6 20
20202,JY>,1QS,1QS,4,52,JY>,W >M JY> L W H GWRL L QRB W L JXD JKTWB HW B SRK TKWN W B TWK >XJ W L TWRH W L MCPV W L VHWRH W L <RB >T HWN W,,qal,impf,W >M JY> L W H GWRL,H GWRL,L W,L W=,in/to him,0,prep,prps,anim,det,prsf,simple,fictive,goal,L,,,,,,col 6 21-22
20208,QRB,1QS,1QS,4,52,QRB,W >M JY> L W H GWRL L QRB W L JXD JKTWB HW B SRK TKWN W B TWK >XJ W L TWRH W L MCPV W L VHWRH W L <RB >T HWN W,,qal,infc,L QRB W L JXD,W,L JXD,L H JXD,to the community,0,prep,other,inanim,det,subs,simple,factive,goal,L,,,,,,col 6 22
20295,CWB,1QS,1QS,5,2,JCJB,>M JMY> B M >JC >CR JCQR B HWN W HW>H JWD< W JBDJL HW M TWK VHRT RBJM CNH >XT W N<NC W >T RBJ<JT LXM W W >CR JCJB >T R< HW B QCJ <WRP JDBR B QWYR >PJM L PRW< >T JSWD <MJT W B >MRWT >T PJ R< HW H KTWB L PNJ HW HWCJ<H JD W L W>,,hif,impf,>CR JCJB >T R< HW B QCJ <WRP,,no complement,no complement,,,,,,,,,,,,,,,,,col 6 25-26
20372,CWB,1QS,1QS,5,4,JCWB,W >CR JZKJR DBR B CM H NKBD <L KWL H W >M QLL >W L HB<T M YRH >W L KWL DBR >CR L W HW>H QWRH B SPR >W MBRK W HBDJL HW W LW> JCWB <WD <L <YT H JXD,,qal,impf,W LW> JCWB <WD <L <YT H JXD,,<L <YT H JXD,<L <YH H JXD,to the council of the community,0,prep,other,inanim,det,subs,complex,factive,goal,<L,,,,,,col 7 2
20592,HLK,1QS,1QS,5,15,JHLK,W >CR JHLK L PNJ R< HW <RWM W LW> HJH >NWC W N<NC CCH XWDCJM,,piel,impf,>CR JHLK L PNJ R< HW <RWM,,L PNJ R< HW,L PNH R<= HW,in front of his fellow,0,prep,pers,anim,det,subs,complex,factive,trajectory,L PNH/,,,,,,col 7 12
20671,HLK,1QS,1QS,5,20,JLK,W H >JC >CR JLK RKJL B R< HW W HBDJL HW CNH >XT M VHRT H RBJM W N<NC,,qal,impf,>CR JLK RKJL B R< HW,,B R< HW,B R<= HW,in/about his fellow,0,prep,pers,anim,det,subs,complex,posture/not motion,other,B,,,,,,col 7 15
20692,HLK,1QS,1QS,5,21,JLK,W >JC B RBJM JLK RKJL L CLX HW>H M >T M W LW> JCWB <WD,,qal,impf,B RBJM JLK RKJL,,B RBJM,B H RB,in/about the multitude,0,prep,pers,anim,det,subs,simple,posture/not motion,other,B,,,,,,col 7 12
20702,CWB,1QS,1QS,5,21,JCWB,W >JC B RBJM JLK RKJL L CLX HW>H M >T M W LW> JCWB <WD,,qal,impf,W LW> JCWB <WD,,no complement,no complement,,,,,,,,,,,,,,,,,col 7 17
20717,CWB,1QS,1QS,5,22,JCWB,W H >JC >CR JLWN <L JSWD H JXD JCLX HW W LW> JCWB,,qal,impf,W LW> JCWB,,no complement,no complement,,,,,,,,,,,,,,,,,col 7 17
20749,HLK,1QS,1QS,5,24,LKT,W H >JC >CR TZW< RWX W M JSWD H JXD L BGWD B >MT W L LKT B CRJRWT LB W >M JCWB W N<NC CTJ CNJM,,qal,infc,W L LKT B CRJRWT LB W,,B CRJRWT LB W,B CRRWT LB W=,in the stubbornness of his heart,0,prep,abs,inanim,det,subs,complex,fictive,other,B,,,,,,col 7 19
20755,CWB,1QS,1QS,5,24,JCWB,W H >JC >CR TZW< RWX W M JSWD H JXD L BGWD B >MT W L LKT B CRJRWT LB W >M JCWB W N<NC CTJ CNJM,,qal,impf,>M JCWB,,no complement,no complement,,,,,,,,,,,,,,,,,col 7 19
20800,QRB,1QS,1QS,5,27,JQRB,W >M JQRB HW W NKTB B TKWN W W >XR JC>L >L H MCPV,,piel,impf,W >M JQRB HW,,no complement,no complement,,,,,,,,,,,,,,,,,col 7 21
20827,CWB,1QS,1QS,5,28,CBH,W KWL >JC >CR JHJH B <YT H JXD <L MLW>T <FR CNJM W CBH RWX W L BGWD B JXD W JY> M L PNJ H RBJM L LKT B CRJRWT LB W LW> JCWB >L <YT H JXD <WD,,qal,perf,W CBH RWX W,RWX W,no complement,no complement,,,,,,,,,,,,,,,,,col 7 23
20836,JY>,1QS,1QS,5,28,JY>,W KWL >JC >CR JHJH B <YT H JXD <L MLW>T <FR CNJM W CBH RWX W L BGWD B JXD W JY> M L PNJ H RBJM L LKT B CRJRWT LB W LW> JCWB >L <YT H JXD <WD,,qal,perf,W JY> M L PNJ H RBJM,,M L PNJ H RBJM,MN L PNH H RB,,0,prep + prep,,,det,subs,complex,,,MN,L,,,min excluded,,
20843,HLK,1QS,1QS,5,28,LKT,W KWL >JC >CR JHJH B <YT H JXD <L MLW>T <FR CNJM W CBH RWX W L BGWD B JXD W JY> M L PNJ H RBJM L LKT B CRJRWT LB W LW> JCWB >L <YT H JXD <WD,,qal,infc,L LKT B CRJRWT LB W,,B CRJRWT LB W,B CRRWT LB W=,in the stubbornness of his heart,0,prep,abs,inanim,det,subs,complex,fictive,other,B,,,,,,col 7 24
20849,CWB,1QS,1QS,5,28,JCWB,W KWL >JC >CR JHJH B <YT H JXD <L MLW>T <FR CNJM W CBH RWX W L BGWD B JXD W JY> M L PNJ H RBJM L LKT B CRJRWT LB W LW> JCWB >L <YT H JXD <WD,,qal,impf,LW> JCWB >L <YT H JXD <WD,,>L <YT H JXD,>L <YH H JXD,in the council of the community,0,prep,other,anim,det,subs,complex,factive,goal,>L,,,,,,col 7 24
20919,HLK,1QS,1QS,6,1,LKT,B <YT H JXD CNJM <FR >JC W KWHNJM CLWCH TMJMJM B KWL H NGLH M KWL H TWRH L <FWT >MT W YDQH W MCPV W >HBT XSD W HYN< LKT >JC >M R< HW L CMWR >MWNH B >RY B JYR SMWK W RWX NCBRH W L RYT <WWN B <WFJ MCPV W YRT MYRP W L HTHLK <M KWL B MDT H >MT W B TKWN H <T,,qal,infc,W HYN< LKT,,no complement,no complement,,,,,,,,,,,,,,,,,col 8 2
20948,HLK,1QS,1QS,6,1,HTHLK,B <YT H JXD CNJM <FR >JC W KWHNJM CLWCH TMJMJM B KWL H NGLH M KWL H TWRH L <FWT >MT W YDQH W MCPV W >HBT XSD W HYN< LKT >JC >M R< HW L CMWR >MWNH B >RY B JYR SMWK W RWX NCBRH W L RYT <WWN B <WFJ MCPV W YRT MYRP W L HTHLK <M KWL B MDT H >MT W B TKWN H <T,,hit,infc,W L HTHLK <M KWL B MDT H >MT W B TKWN H <T,,no complement,no complement,,,,,,,,,,,,,,,,,col 8 4
20999,CWB,1QS,1QS,6,2,HCB,B HJWT >LH B JFR>L NKWNH <YT H JXD B >MT L MV<T <WLM BJT QWDC L JFR>L W SWD QWDC QWDCJM L >HRWN <DJ >MT L MCPV W BXJRJ RYWN L KPR B<D H >RY W L HCB L RC<JM GMWL M,,hif,infc,W L HCB L RC<JM GMWL M,,L RC<JM,L H RC<,to the wicked,0,prep,pers,anim,det,subs,simple,fictive,goal/recipient,L,,,,,,col 8 6-7
21035,QRB,1QS,1QS,6,3,QRJB,HJ>H XWMT H BXN PNT JQR BL JZD<Z<W JSWDWTJ HW W BL JXJCW M MQWM M M<WN QWDC QWDCJM L >HRWN B D<T KWL M L BRJT MCPV W L QRJB RJX NJXWX W BJT TMJM W >MT B JFR>L L HQM BRJT L XWQWT <WLM,,hif,infc,W L QRJB RJX NJXWX,,no complement,no complement,,,,,,,,,,,,,,,,,col 8 9
21133,HLK,1QS,1QS,6,6,LKT,W B HJWT >LH L JXD B JFR>L B TKWNJM H >LH JBDLW M TWK MWCB HNCJ H <WL L LKT L MDBR L PNWT CM >T DRK HW>H> K >CR KTWB B MDBR PNW DRK JJJJ JCRW B <RBH MSLH L >LWHJ NW,,qal,infc,L LKT L MDBR,,L MDBR,L H MDBR,to the desert,0,prep,place,inanim,det,subs,simple,factive,goal,L,,,,,,col 8 14
21182,GLH,1QS,1QS,6,7,GLW,HJ>H MDRC H TWRH >CR YWH B JD MWCH L <FWT K KWL H NGLH <T B <T W K >CR GLW H NBJ>JM B RWX QWDC W,,piel,perf,W K >CR GLW H NBJ>JM B RWX QWDC W,H NBJ>JM,no complement,no complement,,,,,,,,,,,,,,,,,col 8 16
21232,HLK,1QS,1QS,6,8,HLK,W KWL >JC M >NCJ H JXD BRJT H JXD >CR JSWR M KWL H MYWH DBR B JD RMH >L JG< B VHRT >NCJ H QWDC W >L JD< B KWL <YT M <D >CR JZKW M<FJ W M KWL <WL L HLK B TMJM DRK,,piel,infc,L HLK B TMJM DRK,,no complement,no complement,,,,,,,,,,,,,,,,,col 8 18
21237,QRB,1QS,1QS,6,9,QRB,W QRB HW B <YH <L PJ H RBJM W >XR JKTB B TKWN W,,piel,perf,W QRB HW B <YH <L PJ H RBJM,HW,B <YH,B H <YH,in the council,0,prep,pers,anim,det,subs,simple,factive,goal,B,,,,,,col 8 18-19
21270,HLK,1QS,1QS,6,11,JLKW,W >LH H MCPVJM >CR JLKW B M >NCJ H TMJM QWDC >JC >T R< HW KWL H B> B <YT H QWDC H HWLKJM B TMJM DRK K >CR YWH,,qal,impf,>CR JLKW B M >NCJ H TMJM QWDC,>NCJ H TMJM QWDC,B M,B M,in/with them,0,prep,prps,inanim,det,prsf,simple,posture/not motion,other,B,,,,,,col 8 20
21301,<BR,1QS,1QS,6,12,J<BR,KWL >JC M HMH >CR J<BR DBR M TWRT MWCH B JD RMH >W B RMJH JCLX HW M <YT H JXD W LW> JCWB <WD,,qal,impf,>CR J<BR DBR M TWRT MWCH B JD RMH >W B RMJH,,no complement,no complement,,,,,,,,,,,,,,,,,col 8 22
21320,CWB,1QS,1QS,6,12,JCWB,KWL >JC M HMH >CR J<BR DBR M TWRT MWCH B JD RMH >W B RMJH JCLX HW M <YT H JXD W LW> JCWB <WD,,qal,impf,W LW> JCWB <WD,,no complement,no complement,,,,,,,,,,,,,,,,,col 8 23
21409,CWB,1QS,1QS,6,16,JCWB,KJ> <L CGGH >XT J<NC CNTJM W L <WFH B JD RMH LW> JCWB <WD,,qal,impf,LW> JCWB <WD,,no complement,no complement,,,,,,,,,,,,,,,,,col 9 1
21534,JY>,1QS,1QS,6,23,JY>,W <L PJ HM JY> W H GWRL L KWL TKWN >NCJ H JXD W HWN >NCJ H QWDC H HWLKJM B TMJM,,qal,impf,W <L PJ HM JY>,,no complement,no complement,,,,,,,,,,,,,,,,,col 9 7
21573,HLK,1QS,1QS,6,24,LKT,>L JT<RB HWN M <M HWN >NCJ H RMJH >CR LW> HZKW DRK M L HBDL M <WL W L LKT B TMJM DRK,,qal,infc,W L LKT B TMJM DRK,,no complement,no complement,,,,,,,,,,,,,,,,,
21586,HLK,1QS,1QS,6,25,LKT,W M KWL <YT H TWRH LW> JY>W L LKT B KWL CRJRWT LB M,,qal,infc,L LKT B KWL CRJRWT LB M,,no complement,no complement,,,,,,,,,,,,,,,,,
21609,BW>,1QS,1QS,6,26,BW>,W NCPVW B MCPVJM H RCWNJM >CR HXLW >NCJ H JXD L TJSR B M <D BW> NBJ> W MCJXJ >HRWN W JFR>L,,qal,infc,<D BW> NBJ> W MCJXJ >HRWN W JFR>L,NBJ> W MCJXJ >HRWN W JFR>L,no complement,no complement,,,,,,,,,,,,,,,,,
21623,HLK,1QS,1QS,6,27,HTHLK,>LH H XWQJM L MFKJL L HTHLK B M <M KWL XJ L TKWN <T W <T W L MCQL >JC W >JC,,hit,infc,L HTHLK B M <M KWL XJ L TKWN <T W <T W L MCQL >JC W >JC,,B M,B M,,0,prep,,,det,,simple,,,B,,,,,,
21714,QRB,1QS,1QS,6,30,QRB,W >JC K RWX W KN L <FWT MCPV W W >JC K BWR KPJ W L QRB W W L PJ FKL W L HGJC W W KN >HBT W <M FN>T W,,piel,infc,L QRB W,,no complement,no complement,,,,,,,,,,,,,,,,,
21722,NGC,1QS,1QS,6,30,HGJC,W >JC K RWX W KN L <FWT MCPV W W >JC K BWR KPJ W L QRB W W L PJ FKL W L HGJC W W KN >HBT W <M FN>T W,,hif,infc,L HGJC W,,no complement,no complement,,,,,,,,,,,,,,,,,
21795,HLK,1QS,1QS,6,31,HLK,W >CR LW> L HWKJX W L HTRWBB <M >NCJ H CXT W L STR >T <YT H TWRH B TWK >NCJ H <WL W L HWKJX D<T >MT W MCPV YDQ L BWXRJ DRK >JC K RWX W K TKWN H <T L HNXWT M B D<H W KN L HFKJL M B RZJ PL> W >MT B TWK >NCJ H JXD L HLK TMJM >JC >T R< HW B KWL H NGLH L HM,,piel,infc,L HLK TMJM B KWL,,no complement,no complement,,,,,,,,,,,,,,,,,
22183,BW>,1QS,1QS,7,11,>BW>H,<M MBW> JWM W LJLH >BW>H B BRJT >L W <M MWY> <RB W BWQR >MR XWQJ W,,qal,impf,<M MBW> JWM W LJLH >BW>H B BRJT >L,,B BRJT >L,B BRJT >L==,,0,prep,,,und,subs,complex,,,B,,,,,,
22205,CWB,1QS,1QS,7,12,CWB,W B HJWT M >FJM GBWL J L BLTJ CWB,,qal,infc,L BLTJ CWB,,no complement,no complement,,,,,,,,,,,,,,,,,
22272,JY>,1QS,1QS,7,16,Y>T,B RCJT MCLX JDJ W RGLJ >BRK CM W B R>CJT Y>T W BW> L CBT W QWM W <M MCKB JYW< J >RNNH L W,,qal,infc,B R>CJT Y>T,,B R>CJT,B R>CJT,,0,prep,,,und,subs,simple,,,B,,,,,,
22274,BW>,1QS,1QS,7,16,BW>,B RCJT MCLX JDJ W RGLJ >BRK CM W B R>CJT Y>T W BW> L CBT W QWM W <M MCKB JYW< J >RNNH L W,,qal,infc,W BW>,,no complement,no complement,,,,,,,,,,,,,,,,,
22365,CWB,1QS,1QS,7,22,>CJB,LW> >CJB L >JC GMWL R< B VWB >RDP GBR,,hif,impf,LW> >CJB L >JC GMWL R<,,L >JC,L H >JC,,0,prep,,,det,subs,simple,,,L,,,,,,
22570,CWB,1QS,1QS,7,33,HCJB,>XLQH XWQ B QW <TJM W YDQ >HBT XSD L NJKN<JM W XZWQ JDJM L NMHRJ LB W L LMD L TW<J RWX BJNH W L HFKJL RWKNJM B LQX W L HCJB <NWH L NGD RMJ RWX W B RWX NCBRH L >NCJ MVH CWLXJ >YB< W MDBRJ >WN W MQNJ HWN,,hif,infc,W L HCJB <NWH L NGD,,L NGD,L NGD=,,0,prep,,,und,subs,simple,,,L,,,,,,
22863,NGC,1QS,1QS,7,49,HGJCN,B RXMJ W HGJCN J W B XSDJ W JBW> MCPV J,,hif,perf,B RXMJ W HGJCN J,,no complement,no complement,,,,,,,,,,,,,,,,,
22869,BW>,1QS,1QS,7,49,JBW>,B RXMJ W HGJCN J W B XSDJ W JBW> MCPV J,,qal,impf,W B XSDJ W JBW> MCPV J,MCPV J,no complement,no complement,,,,,,,,,,,,,,,,,
22981,CWB,1QS,1QS,7,55,HCJB,W >JN >XR ZWLT KH L HCJB <L <YT KH W L HFKJL B KWL MXCBT QWDC KH W L HBJV B <WMQ RZJ KH W L HTBWNN B KWL NPL>WTJ KH <M KWX GBWRT KH,,hif,infc,L HCJB <L <YT KH,,<L <YT KH,<L <YH K,,0,prep,,,det,subs,complex,,,<L,,,,,,
23034,CWB,1QS,1QS,7,58,JCB,W JLWD >CH MH JCB L PNJ KH,,hif,impf,MH JCB L PNJ KH,,L PNJ KH,L PNH K,,0,prep,,,det,subs,complex,,,L,,,,,,
23061,CWB,1QS,1QS,7,61,JCJB,MH JCJB XMR W JWYR JD W L <YT MH JBJN,,hif,impf,MH JCJB XMR W JWYR JD,XMR W JWYR JD,no complement,no complement,,,,,,,,,,,,,,,,,
