verb_id,lex,scroll,book,chapter,verse_num,gcons_verb,gcons_verse,gcons_clause,subject,complement,cmpl_lex,dir_he,cmpl_constr,cmpl_nt,cmpl_anim,cmpl_det,cmpl_indiv,cmpl_complex,dir_he_dss,sign_info,stem,tense,preposition_1,preposition_2,preposition_3,preposition_4,preposition_5,preposition_6
396723,NPL[,MT,1_Chronicles,10,1,JPLW,W PLCTJM NLXMW B JFR>L W JNS >JC JFR>L M PNJ PLCTJM W JPLW XLLJM B HR GLB<,W JPLW XLLJM B HR GLB<,,B HR GLB<,B HR/ GLB</,0,prep,topo,inanim,[],subs,complex,,,qal,wayq,B,,,,,
396878,NPL[,MT,1_Chronicles,10,8,NPLJM,W JHJ M MXRT W JB>W PLCTJM L PCV >T H XLLJM W JMY>W >T C>WL W >T BNJW NPLJM B HR GLB<,NPLJM B HR GLB<,,B HR GLB<,B HR/ GLB</,0,prep,topo,inanim,[],subs,complex,,,qal,ptca,B,,,,,
182270,NWX[,MT,1_Kings,8,9,HNX,>JN B >RWN RQ CNJ LXWT H >BNJM >CR HNX CM MCH B XRB >CR KRT JHWH <M BNJ JFR>L B Y>TM M >RY MYRJM,>CR HNX CM MCH B XRB,MCH,B XRB,B XRB===/,0,prep,topo,inanim,[],nmpr,simple,,,hif,perf,B,,,,,
183173,CWB[,MT,1_Kings,8,47,HCJBW,W HCJBW >L LBM B >RY >CR NCBW CM W CBW W HTXNNW >LJK B >RY CBJHM L >MR XV>NW W H<WJNW RC<NW,W HCJBW >L LBM B >RY,,B >RY,B H >RY/,0,prep,,,[],subs,simple,,,hif,perf,B,,,,,
183197,CWB[,MT,1_Kings,8,48,CBW,W CBW >LJK B KL LBBM W B KL NPCM B >RY >JBJHM >CR CBW >TM W HTPLLW >LJK DRK >RYM >CR NTTH L >BWTM H <JR >CR BXRT W H BJT >CR BNJT L CMK,W CBW >LJK B KL LBBM W B KL NPCM B >RY >JBJHM,,B >RY >JBJHM,B >RY/ >JB[,0,prep,,,[],subs,complex,,,qal,perf,B,,,,,
190411,HLK[,MT,1_Kings,18,5,LK,W J>MR >X>B >L <BDJHW LK B >RY >L KL M<JNJ H MJM W >L KL H NXLJM >WLJ NMY> XYJR W NXJH SWS W PRD W LW> NKRJT M H BHMH,LK B >RY >L KL M<JNJ H MJM W >L KL H NXLJM,,B >RY,B H >RY/,0,prep,,,[],subs,simple,,,qal,impv,B,,,,,
191578,BW>[,MT,1_Kings,19,9,JB>,W JB> CM >L H M<RH W JLN CM W HNH DBR JHWH >LJW W J>MR LW MH LK PH >LJHW,W JB> CM >L H M<RH,,CM,CM,0,vc,,,[],,simple,,,qal,wayq,,,,,,
192655,BW>[,MT,1_Kings,20,30,JB>,W JNSW H NWTRJM >PQH >L H <JR W TPL H XWMH <L <FRJM W CB<H >LP >JC H NWTRJM W BN_HDD NS W JB> >L H <JR XDR B XDR,W JB> >L H <JR XDR B XDR,,XDR B XDR,XDR/ B XDR/,0,prep,,,[],subs,complex,,,qal,wayq,B,,,,,
194089,NPL[,MT,1_Kings,22,20,JPL,W J>MR JHWH MJ JPTH >T >X>B W J<L W JPL B RMT GL<D W J>MR ZH B KH W ZH >MR B KH,W JPL B RMT GL<D,,B RMT GL<D,B RMT=/ GL<D/,0,prep,topo topo,inanim inanim,[],nmpr,complex,,,qal,impf,B,,,,,
143267,GLH[,MT,1_Samuel,3,21,NGLH,W JSP JHWH L HR>H B CLH KJ NGLH JHWH >L CMW>L B CLW B DBR JHWH,KJ NGLH JHWH >L CMW>L B CLW B DBR JHWH,JHWH,B CLW,B CLW=/,0,prep,topo,inanim,[],nmpr,simple,,,nif,perf,B,,,,,
143714,NPL[,MT,1_Samuel,4,18,JPL,W JHJ K HZKJRW >T >RWN H >LHJM W JPL M <L H KS> >XRNJT B<D JD H C<R W TCBR MPRQTW W JMT KJ ZQN H >JC W KBD W HW> CPV >T JFR>L >RB<JM CNH,W JPL M <L H KS> >XRNJT B<D JD H C<R,,>XRNJT,>XRNJT,0,vc,,,[],,simple,,,qal,wayq,,,,,,
143714,NPL[,MT,1_Samuel,4,18,JPL,W JHJ K HZKJRW >T >RWN H >LHJM W JPL M <L H KS> >XRNJT B<D JD H C<R W TCBR MPRQTW W JMT KJ ZQN H >JC W KBD W HW> CPV >T JFR>L >RB<JM CNH,W JPL M <L H KS> >XRNJT B<D JD H C<R,,B<D JD H C<R,B<D/ JD/ H C<R/,0,vc,,,[],subs,complex,,,qal,wayq,,,,,,
143863,NPL[,MT,1_Samuel,5,3,NPL,W JCKMW >CDWDJM M MXRT W HNH DGWN NPL L PNJW >RYH L PNJ >RWN JHWH W JQXW >T DGWN W JCBW >TW L MQWMW,DGWN NPL L PNJW >RYH L PNJ >RWN JHWH,DGWN,L PNJ >RWN JHWH,L PNH/ >RWN/ JHWH/,0,prep,pers,anim,[],subs,complex,,,qal,ptca,L,,,,,
143890,NPL[,MT,1_Samuel,5,4,NPL,W JCKMW B BQR M MXRT W HNH DGWN NPL L PNJW >RYH L PNJ >RWN JHWH W R>C DGWN W CTJ KPWT JDJW KRTWT >L H MPTN RQ DGWN NC>R <LJW,DGWN NPL L PNJW >RYH L PNJ >RWN JHWH,DGWN,L PNJ >RWN JHWH,L PNH/ >RWN/ JHWH/,0,prep,pers,anim,[],subs,complex,,,qal,ptca,L,,,,,
144690,BW>[,MT,1_Samuel,7,1,JB>W,W JB>W >NCJ QRJT_J<RJM W J<LW >T >RWN JHWH W JB>W >TW >L BJT >BJNDB B GB<H W >T >L<ZR BNW QDCW L CMR >T >RWN JHWH,W JB>W >TW >L BJT >BJNDB B GB<H,,B GB<H,B H GB<H/,0,prep,,,[],subs,simple,,,hif,wayq,B,,,,,
145934,NGC[,MT,1_Samuel,9,18,JGC,W JGC C>WL >T CMW>L B TWK H C<R W J>MR HGJDH N> LJ >J ZH BJT H R>H,W JGC C>WL >T CMW>L B TWK H C<R,C>WL,B TWK H C<R,B TWK/ H C<R/,0,prep,,,[],subs,complex,,,qal,wayq,B,,,,,
146299,<LH[,MT,1_Samuel,10,3,<LJM,W XLPT M CM W HL>H W B>T <D >LWN TBWR W MY>WK CM CLCH >NCJM <LJM >L H >LHJM BJT_>L >XD NF> CLCH GDJJM W >XD NF> CLCT KKRWT LXM W >XD NF> NBL JJN,<LJM >L H >LHJM BJT_>L,,BJT_>L,BJT_>L/,0,vc,topo,inanim,[],nmpr,simple,,,qal,ptca,,,,,,
408281,NWX[,MT,2_Chronicles,4,8,JNX,W J<F CLXNWT <FRH W JNX B HJKL XMCH M JMJN W XMCH M FM>WL W J<F MZRQJ ZHB M>H,W JNX B HJKL XMCH M JMJN,,B HJKL,B H HJKL/,0,prep,,,[],subs,simple,,,hif,wayq,B,,,,,
409885,CWB[,MT,2_Chronicles,6,37,HCJBW,W HCJBW >L LBBM B >RY >CR NCBW CM W CBW W HTXNNW >LJK B >RY CBJM L >MR XV>NW H<WJNW W RC<NW,W HCJBW >L LBBM B >RY,,B >RY,B H >RY/,0,prep,,,[],subs,simple,,,hif,perf,B,,,,,
409909,CWB[,MT,2_Chronicles,6,38,CBW,W CBW >LJK B KL LBM W B KL NPCM B >RY CBJM >CR CBW >TM W HTPLLW DRK >RYM >CR NTTH L >BWTM W H <JR >CR BXRT W L BJT >CR BNJTJ L CMK,W CBW >LJK B KL LBM W B KL NPCM B >RY CBJM,,B >RY CBJM,B >RY/ CBJ/,0,prep,,,[],subs,complex,,,qal,perf,B,,,,,
417370,HLK[,MT,2_Chronicles,22,5,JLK,GM B <YTM HLK W JLK >T JHWRM BN >X>B MLK JFR>L L MLXMH <L XZ>L MLK >RM B RMWT GL<D W JKW H RMJM >T JWRM,W JLK >T JHWRM BN >X>B MLK JFR>L L MLXMH <L XZ>L MLK >RM B RMWT GL<D,,B RMWT GL<D,B RMT=/ GL<D/,0,prep,topo topo,inanim inanim,[],nmpr,complex,,,qal,wayq,B,,,,,
418581,<LH[,MT,2_Chronicles,24,14,M<LJM,W K KLWTM HBJ>W L PNJ H MLK W JHWJD< >T C>R H KSP W J<FHW KLJM L BJT JHWH KLJ CRT W H<LWT W KPWT W KLJ ZHB W KSP W JHJW M<LJM <LWT B BJT JHWH TMJD KL JMJ JHWJD<,W JHJW M<LJM <LWT B BJT JHWH TMJD KL JMJ JHWJD<,,B BJT JHWH,B BJT/ JHWH/,0,prep,pers,anim,[],subs,complex,,,hif,ptca,B,,,,,
421114,<LH[,MT,2_Chronicles,29,7,H<LW,GM SGRW DLTWT H >WLM W JKBW >T H NRWT W QVRT L> HQVJRW W <LH L> H<LW B QDC L >LHJ JFR>L,W <LH L> H<LW B QDC L >LHJ JFR>L,,B QDC,B H QDC/,0,prep,,,[],subs,simple,,,hif,perf,B,,,,,
423605,NPL[,MT,2_Chronicles,32,21,HPJLHW,W JCLX JHWH ML>K W JKXD KL GBWR XJL W NGJD W FR B MXNH MLK >CWR W JCB B BCT PNJM L >RYW W JB> BJT >LHJW W MJYJ>W M<JW CM HPJLHW B XRB,W MJYJ>W M<JW CM HPJLHW B XRB,MJYJ>W M<JW,CM,CM,0,vc,,,[],,simple,,,hif,perf,,,,,,
423980,<BR[,MT,2_Chronicles,33,6,H<BJR,W HW> H<BJR >T BNJW B >C B GJ BN_HNM W <WNN W NXC W KCP W <FH >WB W JD<WNJ HRBH L <FWT H R< B <JNJ JHWH L HK<JSW,W HW> H<BJR >T BNJW B >C B GJ BN_HNM,HW>,B GJ BN_HNM,B GJ>/ BN_HNM/,0,prep,topo,inanim,[],subs,complex,,,hif,perf,B,,,,,
202154,RWY[,MT,2_Kings,11,6,RYJM,W H CLCJT B C<R SWR W H CLCJT B C<R >XR H RYJM W CMRTM >T MCMRT H BJT MSX,W H CLCJT B C<R >XR H RYJM,H CLCJT,>XR H RYJM,>XR/ H RWY[,0,vc,,,[],subs,complex,,,qal,ptca,,,,,,
202265,RWY[,MT,2_Kings,11,11,RYJM,W J<MDW H RYJM >JC W KLJW B JDW M KTP H BJT H JMNJT <D KTP H BJT H FM>LJT L MZBX W L BJT <L H MLK SBJB,W J<MDW H RYJM >JC M KTP H BJT H JMNJT <D KTP H BJT H FM>LJT L MZBX W L BJT <L H MLK SBJB,H RYJM,M KTP H BJT H JMNJT <D KTP H BJT H FM>LJT L MZBX W L BJT,MN KTP/ H BJT/ H JMNJ/ <D KTP/ H BJT/ H FM>LJ/ L H MZBX/ W L H BJT/,0,prep + prep + prep + prep,,,[],subs,complex,,,qal,ptca,MN,<D,L,L,,
207565,NPL[,MT,2_Kings,19,7,HPLTJW,HNNJ NTN BW RWX W CM< CMW<H W CB L >RYW W HPLTJW B XRB B >RYW,W HPLTJW B XRB B >RYW,,B >RYW,B >RY/,0,prep,,,[],subs,simple,,,hif,perf,B,,,,,
209987,JY>[,MT,2_Kings,23,6,JY>,W JY> >T H >CRH M BJT JHWH M XWY L JRWCLM >L NXL QDRWN W JFRP >TH B NXL QDRWN W JDQ L <PR W JCLK >T <PRH <L QBR BNJ H <M,W JY> >T H >CRH M BJT JHWH M XWY L JRWCLM >L NXL QDRWN,,M XWY L JRWCLM,MN XWY/ L JRWCLM/,0,prep + prep,topo,inanim,[],subs,complex,,,hif,wayq,MN,L,,,,
161461,NPL[,MT,2_Samuel,2,23,JPL,W JM>N L SWR W JKHW >BNR B >XRJ H XNJT >L H XMC W TY> H XNJT M >XRJW W JPL CM W JMT TXTW W JHJ KL H B> >L H MQWM >CR NPL CM <FH>L W JMT W J<MDW,W JPL CM,,CM,CM,0,vc,,,[],,simple,,,qal,wayq,,,,,,
161475,NPL[,MT,2_Samuel,2,23,NPL,W JM>N L SWR W JKHW >BNR B >XRJ H XNJT >L H XMC W TY> H XNJT M >XRJW W JPL CM W JMT TXTW W JHJ KL H B> >L H MQWM >CR NPL CM <FH>L W JMT W J<MDW,>CR NPL CM <FH>L,<FH>L,CM,CM,0,vc,,,[],,simple,,,qal,perf,,,,,,
162570,NPL[,MT,2_Samuel,3,38,NPL,W J>MR H MLK >L <BDJW H LW> TD<W KJ FR W GDWL NPL H JWM H ZH B JFR>L,KJ FR W GDWL NPL H JWM H ZH B JFR>L,FR W GDWL,B JFR>L,B JFR>L/,0,prep,"pers,gens,topo",,[],nmpr,simple,,,qal,perf,B,,,,,
163966,NWX[,MT,2_Samuel,7,1,HNJX,W JHJ KJ JCB H MLK B BJTW W JHWH HNJX LW M SBJB M KL >JBJW,W JHWH HNJX LW M SBJB M KL >JBJW,JHWH,M SBJB,MN SBJB/,0,prep,,,[],subs,simple,,,hif,perf,MN,,,,,
173382,GLL[,MT,2_Samuel,20,12,MTGLL,W <MF> MTGLL B DM B TWK H MSLH W JR> H >JC KJ <MD KL H <M W JSB >T <MF> MN H MSLH H FDH W JCLK <LJW BGD K >CR R>H KL H B> <LJW W <MD,W <MF> MTGLL B DM B TWK H MSLH,<MF>,B TWK H MSLH,B TWK/ H MSLH/,0,prep,,,[],subs,complex,,,hit,ptca,B,,,,,
295852,HLK[,MT,Amos,2,10,>WLK,W >NKJ H<LJTJ >TKM M >RY MYRJM W >WLK >TKM B MDBR >RB<JM CNH L RCT >T >RY H >MRJ,W >WLK >TKM B MDBR >RB<JM CNH,,B MDBR,B H MDBR/,0,prep,,,[],subs,simple,,,hif,wayq,B,,,,,
296026,NPL[,MT,Amos,3,5,TPL,H TPL YPWR <L PX H >RY W MWQC >JN LH H J<LH PX MN H >DMH W LKWD L> JLKWD,H TPL YPWR <L PX H >RY,YPWR,H >RY,H >RY/,0,vc,,,[],subs,simple,,,qal,impf,,,,,,
296907,NGC[,MT,Amos,5,25,HGCTM,H ZBXJM W MNXH HGCTM LJ B MDBR >RB<JM CNH BJT JFR>L,H ZBXJM W MNXH HGCTM LJ B MDBR >RB<JM CNH,,B MDBR,B H MDBR/,0,prep,,,[],subs,simple,,,hif,perf,B,,,,,
372396,HWH[,MT,Daniel,4,1,HWJT,>NH NBWKDNYR CLH HWJT B BJTJ W R<NN B HJKLJ,>NH NBWKDNYR CLH HWJT B BJTJ,>NH NBWKDNYR,B BJTJ,B BJT/,0,prep,,,[],subs,simple,,,peal,perf,B,,,,,
374490,HWH[,MT,Daniel,6,27,LHWN,MN QDMJ FJM V<M DJ B KL CLVN MLKWTJ LHWN Z><JN W DXLJN MN QDM >LHH DJ DNJ>L DJ HW> >LH> XJ> W QJM L <LMJN W MLKWTH DJ L> TTXBL W CLVNH <D SWP>,DJ B KL CLVN MLKWTJ LHWN Z><JN,,B KL CLVN MLKWTJ,B KL/ CLVN/ MLKW/,0,prep,,,[],subs,complex,,,peal,impf,B,,,,,
375046,HWH[,MT,Daniel,7,23,THW>,KN >MR XJWT> RBJ<JT> MLKW RBJ<J> THW> B >R<> DJ TCN> MN KL MLKWT> W T>KL KL >R<> W TDWCNH W TDQNH,XJWT> RBJ<JT> MLKW RBJ<J> THW> B >R<>,XJWT> RBJ<JT>,B >R<>,B >R</,0,prep,,,[],subs,simple,,,peal,impf,B,,,,,
376233,NPL[,MT,Daniel,9,20,MPJL,W <WD >NJ MDBR W MTPLL W MTWDH XV>TJ W XV>T <MJ JFR>L W MPJL TXNTJ L PNJ JHWH >LHJ <L HR QDC >LHJ,W MPJL TXNTJ L PNJ JHWH >LHJ <L HR QDC >LHJ,,<L HR QDC >LHJ,<L HR/ QDC/ >LHJM/,0,prep,,,[],subs,complex,,,hif,ptca,<L,,,,,
93470,HLK[,MT,Deuteronomy,1,33,HLK,H HLK L PNJKM B DRK L TWR LKM MQWM L XNTKM B >C LJLH L R>TKM B DRK >CR TLKW BH W B <NN JWMM,H HLK L PNJKM B DRK B >C LJLH,,B DRK,B H DRK/,0,prep,,,[],subs,simple,,,qal,ptca,B,,,,,
94369,JY>[,MT,Deuteronomy,2,32,JY>,W JY> SJXN L QR>TNW HW> W KL <MW L MLXMH JHYH,W JY> SJXN HW> W KL <MW L MLXMH JHYH,SJXN HW> W KL <MW,JHYH,JHYH/,0,vc,topo,inanim,[],nmpr,simple,,,qal,wayq,,,,,,
94494,JY>[,MT,Deuteronomy,3,1,JY>,W NPN W N<L DRK H BCN W JY> <WG MLK H BCN L QR>TNW HW> W KL <MW L MLXMH >DR<J,W JY> <WG MLK H BCN HW> W KL <MW L MLXMH >DR<J,<WG MLK H BCN HW> W KL <MW,>DR<J,>DR<J/,0,vc,topo,inanim,[],nmpr,simple,,,qal,wayq,,,,,,
98031,HLK[,MT,Deuteronomy,8,2,HLJKK,W ZKRT >T KL H DRK >CR HLJKK JHWH >LHJK ZH >RB<JM CNH B MDBR LM<N <NTK L NSTK L D<T >T >CR B LBBK H TCMR MYWTW >M L>,>CR HLJKK JHWH >LHJK ZH >RB<JM CNH B MDBR,JHWH >LHJK,B MDBR,B H MDBR/,0,prep,,,[],subs,simple,,,hif,perf,B,,,,,
105548,JY>[,MT,Deuteronomy,22,15,HWYJ>W,W LQX >BJ H N<R W >MH W HWYJ>W >T BTWLJ H N<R >L ZQNJ H <JR H C<RH,W HWYJ>W >T BTWLJ H N<R >L ZQNJ H <JR H C<RH,,H C<RH,H C<R/,1,dir-he,,,[],subs,simple,,,hif,perf,,,,,,
106108,JY>[,MT,Deuteronomy,23,13,JY>T,W JD THJH LK M XWY L MXNH W JY>T CMH XWY,W JY>T CMH XWY,,XWY,XWY/,0,vc,,,[],subs,simple,,,qal,perf,,,,,,
107130,NWX[,MT,Deuteronomy,25,19,HNJX,W HJH B HNJX JHWH >LHJK LK M KL >JBJK M SBJB B >RY >CR JHWH >LHJK NTN LK NXLH L RCTH TMXH >T ZKR <MLQ M TXT H CMJM L> TCKX,B HNJX JHWH >LHJK LK M KL >JBJK M SBJB B >RY,JHWH >LHJK,B >RY,B H >RY/,0,prep,,,[],subs,simple,,,hif,infc,B,,,,,
109070,JRD[,MT,Deuteronomy,28,52,RDT,W HYR LK B KL C<RJK <D RDT XMTJK H GBHWT W H BYRWT >CR >TH BVX BHN B KL >RYK W HYR LK B KL C<RJK B KL >RYK >CR NTN JHWH >LHJK LK,<D RDT XMTJK H GBHWT W H BYRWT B KL >RYK,XMTJK H GBHWT W H BYRWT,B KL >RYK,B KL/ >RY/,0,prep,,,[],subs,complex,,,qal,infc,B,,,,,
109479,CWB[,MT,Deuteronomy,28,68,HCJBK,W HCJBK JHWH MYRJM B >NJWT B DRK >CR >MRTJ LK L> TSJP <WD L R>TH W HTMKRTM CM L >JBJK L <BDJM W L CPXWT W >JN QNH,W HCJBK JHWH MYRJM B >NJWT B DRK,JHWH,B DRK,B H DRK/,0,prep,,,[],subs,simple,,,hif,perf,B,,,,,
110197,CWB[,MT,Deuteronomy,30,1,HCBT,W HJH KJ JB>W <LJK KL H DBRJM H >LH H BRKH W H QLLH >CR NTTJ L PNJK W HCBT >L LBBK B KL H GWJM >CR HDJXK JHWH >LHJK CMH,W HCBT >L LBBK B KL H GWJM,,B KL H GWJM,B KL/ H GWJ/,0,prep,,,[],subs,complex,,,hif,perf,B,,,,,
111061,BW>[,MT,Deuteronomy,31,16,B>,W J>MR JHWH >L MCH HNK CKB <M >BTJK W QM H <M H ZH W ZNH >XRJ >LHJ NKR H >RY >CR HW> B> CMH B QRBW W <ZBNJ W HPR >T BRJTJ >CR KRTJ >TW,>CR HW> B> CMH B QRBW,HW>,B QRBW,B QRB/,0,prep,,,[],subs,simple,,,qal,ptca,B,,,,,
363084,HWH[,MT,Ecclesiastes,11,3,JHW>,>M JML>W H <BJM GCM <L H >RY JRJQW W >M JPWL <Y B DRWM W >M B YPWN MQWM C JPWL H <Y CM JHW>,CM JHW>,,CM,CM,0,vc,,,[],,simple,,,qal,impf,,,,,,
367255,JY>[,MT,Esther,4,6,JY>,W JY> HTK >L MRDKJ >L RXWB H <JR >CR L PNJ C<R H MLK,W JY> HTK >L MRDKJ >L RXWB H <JR,HTK,>L RXWB H <JR,>L RXB==/ H <JR/,0,prep,,,[],subs,complex,,,qal,wayq,>L,,,,,
29197,HLK[,MT,Exodus,2,5,HLKT,W TRD BT PR<H L RXY <L H J>R W N<RTJH HLKT <L JD H J>R W TR> >T H TBH B TWK H SWP W TCLX >T >MTH W TQXH,W N<RTJH HLKT <L JD H J>R,N<RTJH,<L JD H J>R,<L JD/ H J>R=/,0,prep,topo,inanim,[],subs,complex,,,qal,ptca,<L,,,,,
29644,BW>[,MT,Exodus,3,1,JB>,W MCH HJH R<H >T Y>N JTRW XTNW KHN MDJN W JNHG >T H Y>N >XR H MDBR W JB> >L HR H >LHJM XRBH,W JB> >L HR H >LHJM XRBH,,XRBH,XRB===/,1,dir-he,topo,inanim,[],nmpr,simple,,,qal,wayq,,,,,,
29721,QRB[,MT,Exodus,3,5,TQRB,W J>MR >L TQRB HLM CL N<LJK M <L RGLJK KJ H MQWM >CR >TH <WMD <LJW >DMT QDC HW>,>L TQRB HLM,,HLM,HLM,0,vc,,,[],,simple,,,qal,impf,,,,,,
30862,HLK[,MT,Exodus,5,3,NLKH,W J>MRW >LHJ H <BRJM NQR> <LJNW NLKH N> DRK CLCT JMJM B MDBR W NZBXH L JHWH >LHJNW PN JPG<NW B DBR >W B XRB,NLKH N> DRK CLCT JMJM B MDBR,,B MDBR,B H MDBR/,0,prep,,,[],subs,simple,,,qal,impf,B,,,,,
32901,HLK[,MT,Exodus,8,23,NLK,DRK CLCT JMJM NLK B MDBR W ZBXNW L JHWH >LHJNW K >CR J>MR >LJNW,DRK CLCT JMJM NLK B MDBR,,B MDBR,B H MDBR/,0,prep,,,[],subs,simple,,,qal,impf,B,,,,,
33869,BW>[,MT,Exodus,10,4,MBJ>,KJ >M M>N >TH L CLX >T <MJ HNNJ MBJ> MXR >RBH B GBLK,KJ HNNJ MBJ> MXR >RBH B GBLK,,B GBLK,B GBWL/,0,prep,,,[],subs,simple,,,hif,ptca,B,,,,,
34137,NWX[,MT,Exodus,10,14,JNX,W J<L H >RBH <L KL >RY MYRJM W JNX B KL GBWL MYRJM KBD M>D L PNJW L> HJH KN >RBH KMHW W >XRJW L> JHJH KN,W JNX B KL GBWL MYRJM,,B KL GBWL MYRJM,B KL/ GBWL/ MYRJM/,0,prep,topo,inanim,[],subs,complex,,,qal,wayq,B,,,,,
34538,JY>[,MT,Exodus,11,4,JWY>,W J>MR MCH KH >MR JHWH K XYT H LJLH >NJ JWY> B TWK MYRJM,K XYT H LJLH >NJ JWY> B TWK MYRJM,>NJ,B TWK MYRJM,B TWK/ MYRJM/,0,prep,topo,inanim,[],subs,complex,,,qal,ptca,B,,,,,
36545,BW>[,MT,Exodus,14,16,JB>W,W >TH HRM >T MVK W NVH >T JDK <L H JM W BQ<HW W JB>W BNJ JFR>L B TWK H JM B JBCH,W JB>W BNJ JFR>L B TWK H JM B JBCH,BNJ JFR>L,B TWK H JM,B TWK/ H JM/,0,prep,,,[],subs,complex,,,qal,impf,B,,,,,
36683,BW>[,MT,Exodus,14,22,JB>W,W JB>W BNJ JFR>L B TWK H JM B JBCH W H MJM LHM XMH M JMJNM W M FM>LM,W JB>W BNJ JFR>L B TWK H JM B JBCH,BNJ JFR>L,B TWK H JM,B TWK/ H JM/,0,prep,,,[],subs,complex,,,qal,wayq,B,,,,,
36834,BW>[,MT,Exodus,14,28,B>JM,W JCBW H MJM W JKSW >T H RKB W >T H PRCJM L KL XJL PR<H H B>JM >XRJHM B JM L> NC>R BHM <D >XD,H B>JM >XRJHM B JM,,B JM,B H JM/,0,prep,,,[],subs,simple,,,qal,ptca,B,,,,,
36847,HLK[,MT,Exodus,14,29,HLKW,W BNJ JFR>L HLKW B JBCH B TWK H JM W H MJM LHM XMH M JMJNM W M FM>LM,W BNJ JFR>L HLKW B JBCH B TWK H JM,BNJ JFR>L,B TWK H JM,B TWK/ H JM/,0,prep,,,[],subs,complex,,,qal,perf,B,,,,,
37166,HLK[,MT,Exodus,15,19,HLKW,KJ B> SWS PR<H B RKBW W B PRCJW B JM W JCB JHWH <LHM >T MJ H JM W BNJ JFR>L HLKW B JBCH B TWK H JM,W BNJ JFR>L HLKW B JBCH B TWK H JM,BNJ JFR>L,B TWK H JM,B TWK/ H JM/,0,prep,,,[],subs,complex,,,qal,perf,B,,,,,
39480,JRD[,MT,Exodus,19,20,JRD,W JRD JHWH <L HR SJNJ >L R>C H HR W JQR> JHWH L MCH >L R>C H HR W J<L MCH,W JRD JHWH <L HR SJNJ >L R>C H HR,JHWH,>L R>C H HR,>L R>C/ H HR/,0,prep,,,[],subs,complex,,,qal,wayq,>L,,,,,
39984,BW>[,MT,Exodus,20,24,>BW>,MZBX >DMH T<FH LJ W ZBXT <LJW >T <LTJK W >T CLMJK >T Y>NK W >T BQRK B KL H MQWM >CR >ZKJR >T CMJ >BW> >LJK W BRKTJK,B KL H MQWM >BW> >LJK,,B KL H MQWM,B KL/ H MQWM/,0,prep,,,[],subs,complex,,,qal,impf,B,,,,,
40006,<LH[,MT,Exodus,20,26,T<LH,W L> T<LH B M<LT <L MZBXJ >CR L> TGLH <RWTK <LJW,W L> T<LH B M<LT <L MZBXJ,,B M<LT,B M<LH=/,0,prep,,,[],subs,simple,,,qal,impf,B,,,,,
40277,HLK[,MT,Exodus,21,19,HTHLK,>M JQWM W HTHLK B XWY <L MC<NTW W NQH H MKH RQ CBTW JTN W RP> JRP>,W HTHLK B XWY <L MC<NTW,,B XWY,B H XWY/,0,prep,,,[],subs,simple,,,hit,perf,B,,,,,
44360,BW>[,MT,Exodus,28,35,B>W,W HJH <L >HRN L CRT W NCM< QWLW B B>W >L H QDC L PNJ JHWH W B Y>TW W L> JMWT,B B>W >L H QDC L PNJ JHWH,,L PNJ JHWH,L PNH/ JHWH/,0,prep,pers,anim,[],subs,complex,,,qal,infc,L,,,,,
44715,QRB[,MT,Exodus,29,10,HQRBT,W HQRBT >T H PR L PNJ >HL MW<D W SMK >HRN W BNJW >T JDJHM <L R>C H PR,W HQRBT >T H PR L PNJ >HL MW<D,,L PNJ >HL MW<D,L PNH/ >HL/ MW<D/,0,prep,,,[],subs,complex,,,hif,perf,L,,,,,
47096,CWB[,MT,Exodus,32,27,CWBW,W J>MR LHM KH >MR JHWH >LHJ JFR>L FJMW >JC XRBW <L JRKW <BRW W CWBW M C<R L C<R B MXNH W HRGW >JC >T >XJW W >JC >T R<HW W >JC >T QRBW,W CWBW M C<R L C<R B MXNH,,M C<R,MN C<R/,0,prep,,,[],subs,simple,,,qal,impv,MN,,,,,
47096,CWB[,MT,Exodus,32,27,CWBW,W J>MR LHM KH >MR JHWH >LHJ JFR>L FJMW >JC XRBW <L JRKW <BRW W CWBW M C<R L C<R B MXNH W HRGW >JC >T >XJW W >JC >T R<HW W >JC >T QRBW,W CWBW M C<R L C<R B MXNH,,L C<R,L C<R/,0,prep,,,[],subs,simple,,,qal,impv,L,,,,,
47335,<LH[,MT,Exodus,33,3,><LH,>L >RY ZBT XLB W DBC KJ L> ><LH B QRBK KJ <M QCH <RP >TH PN >KLK B DRK,KJ L> ><LH B QRBK,,B QRBK,B QRB/,0,prep,,,[],subs,simple,,,qal,impf,B,,,,,
47382,<LH[,MT,Exodus,33,5,><LH,W J>MR JHWH >L MCH >MR >L BNJ JFR>L >TM <M QCH <RP RG< >XD ><LH B QRBK W KLJTJK W <TH HWRD <DJK M <LJK W >D<H MH ><FH LK,RG< >XD ><LH B QRBK,,B QRBK,B QRB/,0,prep,,,[],subs,simple,,,qal,impf,B,,,,,
50547,BW>[,MT,Exodus,38,7,JB>,W JB> >T H BDJM B VB<T <L YL<T H MZBX L F>T >TW BHM NBWB LXT <FH >TW,W JB> >T H BDJM B VB<T <L YL<T H MZBX,,<L YL<T H MZBX,<L YL</ H MZBX/,0,prep,,,[],subs,complex,,,hif,wayq,<L,,,,,
51283,SBB[,MT,Exodus,39,13,MWSBT,W H VWR H RBJ<J TRCJC CHM W JCPH MWSBT MCBYWT ZHB B ML>TM,MWSBT MCBYWT ZHB B ML>TM,,MCBYWT ZHB,MCBYWT/ ZHB/,0,vc,,,[],subs,complex,,,hof,ptcp,,,,,,
52285,<LH[,MT,Exodus,40,25,J<L,W J<L H NRT L PNJ JHWH K >CR YWH JHWH >T MCH,W J<L H NRT L PNJ JHWH,,L PNJ JHWH,L PNH/ JHWH/,0,prep,pers,anim,[],subs,complex,,,hif,wayq,L,,,,,
268405,BW>[,MT,Ezekiel,10,2,B>,W J>MR >L H >JC LBC H BDJM W J>MR B> >L BJNWT L GLGL >L TXT L KRWB W ML> XPNJK GXLJ >C M BJNWT L KRBJM W ZRQ <L H <JR W JB> L <JNJ,B> >L BJNWT L GLGL >L TXT L KRWB,,>L TXT L KRWB,>L TXT/ L H KRWB/,0,prep + prep,,,[],subs,complex,,,qal,impv,>L,L,,,,
279994,NPL[,MT,Ezekiel,31,12,NPLW,W JKRTHW ZRJM <RJYJ GWJM W JVCHW >L H HRJM W B KL G>JWT NPLW DLJWTJW W TCBRNH P>RTJW B KL >PJQJ H >RY W JRDW M YLW KL <MJ H >RY W JVCHW,>L H HRJM W B KL G>JWT NPLW DLJWTJW,DLJWTJW,>L H HRJM W B KL G>JWT,>L H HR/ W B KL/ GJ>/,0,prep + prep,,,[],subs,complex,,,qal,perf,>L,B,,,,
284980,BW>[,MT,Ezekiel,40,1,JB>,B <FRJM W XMC CNH L GLWTNW B R>C H CNH B <FWR L XDC B >RB< <FRH CNH >XR >CR HKTH H <JR B <YM H JWM H ZH HJTH <LJ JD JHWH W JB> >TJ CMH,W JB> >TJ CMH,,CMH,CM,1,dir-he,,,[],,simple,,,hif,wayq,,,,,,
285004,BW>[,MT,Ezekiel,40,3,JBJ>,W JBJ> >WTJ CMH W HNH >JC MR>HW K MR>H NXCT W PTJL PCTJM B JDW W QNH H MDH W HW> <MD B C<R,W JBJ> >WTJ CMH,,CMH,CM,1,dir-he,,,[],,simple,,,hif,wayq,,,,,,
286866,BW>[,MT,Ezekiel,42,9,MBW>,W M TXTH LCKWT H >LH H MBW> M H QDJM B B>W L HNH M H XYR H XYNH,W M TXTH LCKWT H >LH H MBW> M H QDJM,H MBW>,M TXTH LCKWT H >LH,MN TXT/ H LCKH/ H >LH,0,prep,,,[],subs,complex,,,hif,ptca,MN,,,,,
289694,JRD[,MT,Ezekiel,47,1,JRDJM,W JCBNJ >L PTX H BJT W HNH MJM JY>JM M TXT MPTN H BJT QDJMH KJ PNJ H BJT QDJM W H MJM JRDJM M TXT M KTP H BJT H JMNJT M NGB L MZBX,W H MJM JRDJM M TXT M KTP H BJT H JMNJT M NGB L MZBX,H MJM,M NGB L MZBX,MN NGB/ L H MZBX/,0,prep + prep,,,[],subs,complex,,,qal,ptca,MN,L,,,,
289863,BW>[,MT,Ezekiel,47,9,JBW>,W HJH KL NPC XJH >CR JCRY >L KL >CR JBW> CM NXLJM JXJH W HJH H DGH RBH M>D KJ B>W CMH H MJM H >LH W JRP>W W XJ KL >CR JBW> CMH H NXL,>CR JBW> CM NXLJM,NXLJM,CM,CM,0,vc,,,[],,simple,,,qal,impf,,,,,,
289874,BW>[,MT,Ezekiel,47,9,B>W,W HJH KL NPC XJH >CR JCRY >L KL >CR JBW> CM NXLJM JXJH W HJH H DGH RBH M>D KJ B>W CMH H MJM H >LH W JRP>W W XJ KL >CR JBW> CMH H NXL,KJ B>W CMH H MJM H >LH,H MJM H >LH,CMH,CM,1,dir-he,,,[],,simple,,,qal,perf,,,,,,
289886,BW>[,MT,Ezekiel,47,9,JBW>,W HJH KL NPC XJH >CR JCRY >L KL >CR JBW> CM NXLJM JXJH W HJH H DGH RBH M>D KJ B>W CMH H MJM H >LH W JRP>W W XJ KL >CR JBW> CMH H NXL,>CR JBW> CMH H NXL,H NXL,CMH,CM,1,dir-he,,,[],,simple,,,qal,impf,,,,,,
289929,<LH[,MT,Ezekiel,47,12,J<LH,W <L H NXL J<LH <L FPTW M ZH W M ZH KL <Y M>KL L> JBWL <LHW W L> JTM PRJW L XDCJW JBKR KJ MJMJW MN H MQDC HMH JWY>JM W HJW PRJW L M>KL W <LHW L TRWPH,W <L H NXL J<LH <L FPTW M ZH W M ZH KL <Y M>KL,KL <Y M>KL,<L H NXL,<L H NXL/,0,prep,,,[],subs,simple,,,qal,impf,<L,,,,,
378174,<BR[,MT,Ezra,1,1,J<BR,W B CNT >XT L KWRC MLK PRS L KLWT DBR JHWH M PJ JRMJH H<JR JHWH >T RWX KRC MLK PRS W J<BR QWL B KL MLKWTW W GM B MKTB L >MR,W J<BR QWL B KL MLKWTW,,B KL MLKWTW,B KL/ MLKWT/,0,prep,,,[],subs,complex,,,hif,wayq,B,,,,,
379557,<LH[,MT,Ezra,4,2,M<LH,W JGCW >L ZRBBL W >L R>CJ H >BWT W J>MRW LHM NBNH <MKM KJ KKM NDRWC L >LHJKM W L> >NXNW ZBXJM M JMJ >SR_XDN MLK >CWR H M<LH >TNW PH,H M<LH >TNW PH,,PH,PH,0,vc,,,[],,simple,,,hif,ptca,,,,,,
379751,>TH[,MT,Ezra,4,12,>TW,JDJ< LHW> L MLK> DJ JHWDJ> DJ SLQW MN LWTK <LJN> >TW L JRWCLM QRJT> MRDT> W B>JCT> BNJN W CWRJ >CKLLW W >CJ> JXJVW,DJ JHWDJ> <LJN> >TW L JRWCLM,JHWDJ>,L JRWCLM,L JRWCLM/,0,prep,topo,inanim,[],nmpr,simple,,,peal,perf,L,,,,,
380446,NXT[,MT,Ezra,6,1,MHXTJN,B >DJN DRJWC MLK> FM V<M W BQRW B BJT SPRJ> DJ GNZJ> MHXTJN TMH B BBL,DJ GNZJ> MHXTJN TMH B BBL,GNZJ>,TMH B BBL,TMH B BBL/,0,prep,topo,inanim,[],nmpr,complex,,,haf,ptca,B,,,,,
381264,QRB[,MT,Ezra,7,17,TQRB,K L QBL DNH >SPRN> TQN> B KSP> DNH TWRJN DKRJN >MRJN W MNXTHWN W NSKJHWN W TQRB HMW <L MDBXH DJ BJT >LHKM DJ B JRWCLM,W TQRB HMW <L MDBXH DJ BJT >LHKM,,<L MDBXH DJ BJT >LHKM,<L MDBX/ DJ BJT/ >LH/,0,prep + prep,,,[],subs,complex,,,pael,impf,<L,DJ,,,,
4417,GLH[,MT,Genesis,9,21,JTGL,W JCT MN H JJN W JCKR W JTGL B TWK >HLH,W JTGL B TWK >HLH,,B TWK >HLH,B TWK/ >HL/,0,prep,,,[],subs,complex,,,hit,wayq,B,,,,,
7832,RWY[,MT,Genesis,18,2,JRY,W JF> <JNJW W JR> W HNH CLCH >NCJM NYBJM <LJW W JR> W JRY L QR>TM M PTX H >HL W JCTXW >RYH,W JRY M PTX H >HL,,M PTX H >HL,MN PTX/ H >HL/,0,prep,,,[],subs,complex,,,qal,wayq,MN,,,,,
8597,NGC[,MT,Genesis,19,9,GC,W J>MRW GC HL>H W J>MRW H >XD B> L GWR W JCPV CPWV <TH NR< LK MHM W JPYRW B >JC B LWV M>D W JGCW L CBR H DLT,GC HL>H,,HL>H,HL>H,0,vc,,,[],,simple,,,qal,impv,,,,,,
9247,NS<[,MT,Genesis,20,1,JS<,W JS< M CM >BRHM >RYH H NGB W JCB BJN QDC W BJN CWR W JGR B GRR,W JS< M CM >BRHM >RYH H NGB,>BRHM,>RYH H NGB,>RY/ H NGB/,1,dir-he,,,[],subs,complex,,,qal,wayq,,,,,,
10261,<LH[,MT,Genesis,22,2,H<LHW,W J>MR QX N> >T BNK >T JXJDK >CR >HBT >T JYXQ W LK LK >L >RY H MRJH W H<LHW CM L <LH <L >XD H HRJM >CR >MR >LJK,W H<LHW CM L <LH <L >XD H HRJM,,CM,CM,0,vc,,,[],,simple,,,hif,impv,,,,,,
10261,<LH[,MT,Genesis,22,2,H<LHW,W J>MR QX N> >T BNK >T JXJDK >CR >HBT >T JYXQ W LK LK >L >RY H MRJH W H<LHW CM L <LH <L >XD H HRJM >CR >MR >LJK,W H<LHW CM L <LH <L >XD H HRJM,,<L >XD H HRJM,<L >XD/ H HR/,0,prep,,,[],subs,complex,,,hif,impv,<L,,,,,
15014,CWB[,MT,Genesis,29,3,HCJBW,W N>SPW CMH KL H <DRJM W GLLW >T H >BN M <L PJ H B>R W HCQW >T H Y>N W HCJBW >T H >BN <L PJ H B>R L MQMH,W HCJBW >T H >BN <L PJ H B>R L MQMH,,L MQMH,L MQWM/,0,prep,,,[],subs,simple,,,hif,perf,L,,,,,
19198,GLH[,MT,Genesis,35,7,NGLW,W JBN CM MZBX W JQR> L MQWM >L BJT_>L KJ CM NGLW >LJW H >LHJM B BRXW M PNJ >XJW,KJ CM NGLW >LJW H >LHJM,H >LHJM,CM,CM,0,vc,,,[],,simple,,,nif,perf,,,,,,
19304,<LH[,MT,Genesis,35,13,J<L,W J<L M <LJW >LHJM B MQWM >CR DBR >TW,W J<L M <LJW >LHJM B MQWM,>LHJM,B MQWM,B H MQWM/,0,prep,,,[],subs,simple,,,qal,wayq,B,,,,,
304788,QRB[,MT,Haggai,2,14,JQRJBW,W J<N XGJ W J>MR KN H <M H ZH W KN H GWJ H ZH L PNJ N>M JHWH W KN KL M<FH JDJHM W >CR JQRJBW CM VM> HW>,W >CR JQRJBW CM,,CM,CM,0,vc,,,[],,simple,,,hif,impf,,,,,,
214306,JY>[,MT,Isaiah,7,3,Y>,W J>MR JHWH >L JC<JHW Y> N> L QR>T >XZ >TH W C>R_JCWB BNK >L QYH T<LT H BRKH H <LJWNH >L MSLT FDH KWBS,Y> N> >TH W C>R_JCWB BNK >L QYH T<LT H BRKH H <LJWNH >L MSLT FDH KWBS,>TH W C>R_JCWB BNK,>L QYH T<LT H BRKH H <LJWNH >L MSLT FDH KWBS,>L QYH=/ T<LH/ H BRKH=/ H <LJWN/ >L MSLH/ FDH/ KBS[,0,prep + prep,,,[],subs,complex,,,qal,impv,>L,>L,,,,
216346,<WP[,MT,Isaiah,11,14,<PW,W <PW B KTP PLCTJM JMH JXDW JBZW >T BNJ QDM >DWM W MW>B MCLWX JDM W BNJ <MWN MCM<TM,W <PW B KTP PLCTJM JMH,,JMH,JM/,1,dir-he,,,[],subs,simple,,,qal,perf,,,,,,
217322,XSH[,MT,Isaiah,14,32,JXSW,W MH J<NH ML>KJ GWJ KJ JHWH JSD YJWN W BH JXSW <NJJ <MW,W BH JXSW <NJJ <MW,<NJJ <MW,BH,B,0,prep,,,[],,simple,,,qal,impf,B,,,,,
218744,BW>[,MT,Isaiah,21,1,B>,MF> MDBR JM K SWPWT B NGB L XLP M MDBR B> M >RY NWR>H,K SWPWT B NGB M MDBR B> M >RY NWR>H,,B NGB,B H NGB/,0,prep,,,[],subs,simple,,,qal,perf,B,,,,,
219569,NWX[,MT,Isaiah,23,12,JNWX,W J>MR L> TWSJPJ <WD L <LWZ H M<CQH BTWLT BT YJDWN KTJJM QWMJ <BRJ GM CM L> JNWX LK,GM CM L> JNWX LK,,GM CM,GM CM,0,vc,,,[],,complex,,,qal,impf,,,,,,
220911,CWB[,MT,Isaiah,28,6,MCJBJ,W L RWX MCPV L JWCB <L H MCPV W L GBWRH MCJBJ MLXMH C<RH,MCJBJ MLXMH C<RH,,C<RH,C<R/,1,dir-he,,,[],subs,simple,,,hif,ptca,,,,,,
222571,JRD[,MT,Isaiah,31,4,JRD,KJ KH >MR JHWH >LJ K >CR JHGH H >RJH W H KPJR <L VRPW >CR JQR> <LJW ML> R<JM M QWLM L> JXT W M HMWNM L> J<NH KN JRD JHWH YB>WT L YB> <L HR YJWN W <L GB<TH,KN JRD JHWH YB>WT <L HR YJWN W <L GB<TH,JHWH YB>WT,<L HR YJWN W <L GB<TH,<L HR/ YJWN==/ W <L GB<H/,0,prep + prep,topo,inanim,[],subs,complex,,,qal,impf,<L,<L,,,,
224403,NPL[,MT,Isaiah,37,7,HPLTJW,HNNJ NWTN BW RWX W CM< CMW<H W CB >L >RYW W HPLTJW B XRB B >RYW,W HPLTJW B XRB B >RYW,,B >RYW,B >RY/,0,prep,,,[],subs,simple,,,hif,perf,B,,,,,
225609,PNH[,MT,Isaiah,40,3,PNW,QWL QWR> B MDBR PNW DRK JHWH JCRW B <RBH MSLH L >LHJNW,B MDBR PNW DRK JHWH,,B MDBR,B H MDBR/,0,prep,,,[],subs,simple,,,piel,impv,B,,,,,
231658,<LH[,MT,Isaiah,57,7,<LJT,<L HR GBH W NF> FMT MCKBK GM CM <LJT L ZBX ZBX,GM CM <LJT,,GM CM,GM CM,0,vc,,,[],,complex,,,qal,perf,,,,,,
235387,HLK[,MT,Jeremiah,2,2,LKTK,HLK W QR>T B >ZNJ JRWCLM L >MR KH >MR JHWH ZKRTJ LK XSD N<WRJK >HBT KLWLTJK LKTK >XRJ B MDBR B >RY L> ZRW<H,LKTK >XRJ B MDBR B >RY,,B MDBR B >RY,B H MDBR/ B >RY/,0,prep + prep,,,[],subs,complex,,,qal,infc,B,B,,,,
248065,QHL[,MT,Jeremiah,26,9,JQHL,MDW< NBJT B CM JHWH L >MR K CLW JHJH H BJT H ZH W H <JR H Z>T TXRB M >JN JWCB W JQHL KL H <M >L JRMJHW B BJT JHWH,W JQHL KL H <M >L JRMJHW B BJT JHWH,KL H <M,B BJT JHWH,B BJT/ JHWH/,0,prep,pers,anim,[],subs,complex,,,nif,wayq,B,,,,,
252882,<BR[,MT,Jeremiah,33,13,T<BRNH,B <RJ H HR B <RJ H CPLH W B <RJ H NGB W B >RY BNJMN W B SBJBJ JRWCLM W B <RJ JHWDH <D T<BRNH H Y>N <L JDJ MWNH >MR JHWH,B <RJ H HR B <RJ H CPLH W B <RJ H NGB W B >RY BNJMN W B SBJBJ JRWCLM W B <RJ JHWDH <D T<BRNH H Y>N <L JDJ MWNH,H Y>N,B <RJ H HR B <RJ H CPLH W B <RJ H NGB W B >RY BNJMN W B SBJBJ JRWCLM W B <RJ JHWDH,B <JR/ H HR/ B <JR/ H CPLH=/ W B <JR/ H NGB/ W B >RY/ BNJMN/ W B SBJB/ JRWCLM/ W B <JR/ JHWDH/,0,prep + prep + prep + prep + prep + prep,"pers,gens,topo topo pers,gens,topo",inanim,[],subs,complex,,,qal,impf,B,B,B,B,B,B
258997,NPL[,MT,Jeremiah,44,12,JPLW,W LQXTJ >T C>RJT JHWDH >CR FMW PNJHM L BW> >RY MYRJM L GWR CM W TMW KL B >RY MYRJM JPLW B XRB B R<B JTMW M QVN W <D GDWL B XRB W B R<B JMTW W HJW L >LH L CMH W L QLLH W L XRPH,B >RY MYRJM JPLW B XRB,,B >RY MYRJM,B >RY/ MYRJM/,0,prep,topo,inanim,[],subs,complex,,,qal,impf,B,,,,,
260433,<LH[,MT,Jeremiah,48,5,J<LH,KJ M<LH H LXWT B BKJ J<LH BKJ KJ B MWRD XWRNJM YRJ Y<QT CBR CM<W,KJ M<LH H LXWT B BKJ J<LH BKJ,BKJ,M<LH H LXWT,M<LH/ H LWXJT/,0,vc,topo,inanim,[],subs,complex,,,qal,impf,,,,,,
264110,<LH[,MT,Jeremiah,52,9,J<LW,W JTPFW >T H MLK W J<LW >TW >L MLK BBL RBLTH B >RY XMT W JDBR >TW MCPVJM,W J<LW >TW >L MLK BBL RBLTH B >RY XMT,,RBLTH B >RY XMT,RBLH/ B >RY/ XMT=/,1,dir-he + prep,topo topo,inanim inanim,[],nmpr,complex,,,hif,wayq,B,,,,,
337007,NWX[,MT,Job,3,17,JNWXW,CM RC<JM XDLW RGZ W CM JNWXW JGJ<J KX,W CM JNWXW JGJ<J KX,JGJ<J KX,CM,CM,0,vc,,,[],,simple,,,qal,impf,,,,,,
295205,NXT[,MT,Joel,4,11,HNXT,<WCW W B>W KL H GWJM M SBJB W NQBYW CMH HNXT JHWH GBWRJK,CMH HNXT GBWRJK,,CMH,CM,1,dir-he,,,[],,simple,,,hif,impv,,,,,,
299319,BRX[,MT,Jonah,4,2,BRX,W JTPLL >L JHWH W J>MR >NH JHWH H LW> ZH DBRJ <D HJWTJ <L >DMTJ <L KN QDMTJ L BRX TRCJCH KJ JD<TJ KJ >TH >L XNWN W RXWM >RK >PJM W RB XSD W NXM <L H R<H,L BRX TRCJCH,,TRCJCH,TRCJC=/,1,dir-he,topo,inanim,[],nmpr,simple,,,qal,infc,,,,,,
113532,<LH[,MT,Joshua,2,8,<LTH,W HMH VRM JCKBWN W HJ> <LTH <LJHM <L H GG,W HJ> <LTH <LJHM <L H GG,HJ>,<L H GG,<L H GG/,0,prep,,,[],subs,simple,,,qal,perf,<L,,,,,
114143,NGC[,MT,Joshua,3,9,GCW,W J>MR JHWC< >L BNJ JFR>L GCW HNH W CM<W >T DBRJ JHWH >LHJKM,GCW HNH,,HNH,HNH==,0,vc,,,[],,simple,,,qal,impv,,,,,,
114350,<BR[,MT,Joshua,3,16,<BRW,W J<MDW H MJM H JRDJM M L M<LH QMW ND >XD HRXQ M>D B >DM H <JR >CR M YD YRTN W H JRDJM <L JM H <RBH JM H MLX TMW NKRTW W H <M <BRW NGD JRJXW,W H <M <BRW NGD JRJXW,H <M,NGD JRJXW,NGD/ JRJXW/,0,vc,topo,inanim,[],subs,complex,,,qal,perf,,,,,,
121114,NGC[,MT,Joshua,14,6,JGCW,W JGCW BNJ JHWDH >L JHWC< B GLGL W J>MR >LJW KLB BN JPNH H QNZJ >TH JD<T >T H DBR >CR DBR JHWH >L MCH >JC H >LHJM <L >DWTJ W <L >DWTJK B QDC_BRN<,W JGCW BNJ JHWDH >L JHWC< B GLGL,BNJ JHWDH,B GLGL,B H GLGL===/,0,prep,topo,inanim,[],nmpr,simple,,,qal,wayq,B,,,,,
121521,PNH[,MT,Joshua,15,7,PNH,W <LH H GBWL DBRH M <MQ <KWR W YPWNH PNH >L H GLGL >CR NKX L M<LH_>DMJM >CR M NGB L NXL W <BR H GBWL >L MJ <JN_CMC W HJW TY>TJW >L <JN_RGL,W YPWNH PNH >L H GLGL,,YPWNH,YPWN/,1,dir-he,,,[],subs,simple,,,qal,ptca,,,,,,
122199,<LH[,MT,Joshua,16,1,<LH,W JY> H GWRL L BNJ JWSP M JRDN JRJXW L MJ JRJXW MZRXH H MDBR <LH M JRJXW B HR BJT_>L,<LH M JRJXW B HR BJT_>L,,B HR BJT_>L,B H HR/ BJT_>L/,0,prep,topo,inanim,[],subs,complex,,,qal,ptca,B,,,,,
126271,NPL[,MT,Joshua,23,4,HPLTJ,R>W HPLTJ LKM >T H GWJM H NC>RJM H >LH B NXLH L CBVJKM MN H JRDN W KL H GWJM >CR HKRTJ W H JM H GDWL MBW> H CMC,HPLTJ LKM >T H GWJM H NC>RJM H >LH B NXLH L CBVJKM MN H JRDN,,MN H JRDN,MN H JRDN/,0,prep,topo,inanim,[],nmpr,simple,,,hif,perf,MN,,,,,
130351,NPL[,MT,Judges,5,27,NPL,BJN RGLJH KR< NPL CKB BJN RGLJH KR< NPL B >CR KR< CM NPL CDWD,CM NPL CDWD,,CM,CM,0,vc,,,[],,simple,,,qal,perf,,,,,,
131099,<LH[,MT,Judges,6,28,H<LH,W JCKJMW >NCJ H <JR B BQR W HNH NTY MZBX H B<L W H >CRH >CR <LJW KRTH W >T H PR H CNJ H<LH <L H MZBX H BNWJ,W >T H PR H CNJ H<LH <L H MZBX,>T H PR H CNJ,<L H MZBX,<L H MZBX/,0,prep,,,[],subs,simple,,,hof,perf,<L,,,,,
132030,NWS[,MT,Judges,7,22,JNS,W JTQ<W CLC M>WT H CWPRWT W JFM JHWH >T XRB >JC B R<HW W B KL H MXNH W JNS H MXNH <D BJT_HCVH YRRTH <D FPT >BL_MXWLH <L VBT,W JNS H MXNH <D BJT_HCVH YRRTH <D FPT >BL_MXWLH <L VBT,H MXNH,<D FPT >BL_MXWLH,<D FPH/ >BL_MXWLH/,0,prep,topo,inanim,[],subs,complex,,,qal,wayq,<D,,,,,
132030,NWS[,MT,Judges,7,22,JNS,W JTQ<W CLC M>WT H CWPRWT W JFM JHWH >T XRB >JC B R<HW W B KL H MXNH W JNS H MXNH <D BJT_HCVH YRRTH <D FPT >BL_MXWLH <L VBT,W JNS H MXNH <D BJT_HCVH YRRTH <D FPT >BL_MXWLH <L VBT,H MXNH,<L VBT,<L VBT/,0,prep,topo,inanim,[],nmpr,simple,,,qal,wayq,<L,,,,,
132133,BW>[,MT,Judges,7,25,HBJ>W,W JLKDW CNJ FRJ MDJN >T <RB W >T Z>B W JHRGW >T <WRB B YWR <WRB W >T Z>B HRGW B JQB Z>B W JRDPW >L MDJN W R>C <RB W Z>B HBJ>W >L GD<WN M <BR L JRDN,W R>C <RB W Z>B HBJ>W >L GD<WN M <BR L JRDN,,M <BR L JRDN,MN <BR/ L H JRDN/,0,prep + prep,topo,inanim,[],subs,complex,,,hif,perf,MN,L,,,,
132369,<LH[,MT,Judges,8,11,J<L,W J<L GD<WN DRK H CKWNJ B >HLJM M QDM L NBX W JGBHH W JK >T H MXNH W H MXNH HJH BVX,W J<L GD<WN DRK M QDM L NBX W JGBHH,GD<WN,M QDM L NBX W JGBHH,MN QDM/ L NBX/ W JGBHH/,0,prep + prep,topo topo,inanim inanim,[],subs,complex,,,qal,wayq,MN,L,,,,
132418,CWB[,MT,Judges,8,13,JCB,W JCB GD<WN BN JW>C MN H MLXMH M L M<LH_HXRS,W JCB GD<WN BN JW>C MN H MLXMH M L M<LH_HXRS,GD<WN BN JW>C,M L M<LH_HXRS,MN L M<LH_HXRS/,0,prep + prep,topo,inanim,[],nmpr,simple,,,qal,wayq,MN,L,,,,
133726,NPL[,MT,Judges,9,40,JPLW,W JRDPHW >BJMLK W JNS M PNJW W JPLW XLLJM RBJM <D PTX H C<R,W JPLW XLLJM RBJM <D PTX H C<R,XLLJM RBJM,<D PTX H C<R,<D PTX/ H C<R/,0,prep,,,[],subs,complex,,,qal,wayq,<D,,,,,
134855,BW>[,MT,Judges,11,18,JB>,W JLK B MDBR W JSB >T >RY >DWM W >T >RY MW>B W JB> M MZRX CMC L >RY MW>B W JXNWN B <BR >RNWN W L> B>W B GBWL MW>B KJ >RNWN GBWL MW>B,W JB> M MZRX CMC L >RY MW>B,,M MZRX CMC,MN MZRX/ CMC/,0,prep,,,[],subs,complex,,,qal,wayq,MN,,,,,
135124,<BR[,MT,Judges,11,29,<BR,W THJ <L JPTX RWX JHWH W J<BR >T H GL<D W >T MNCH W J<BR >T MYPH GL<D W M MYPH GL<D <BR BNJ <MWN,W M MYPH GL<D <BR BNJ <MWN,,M MYPH GL<D,MN MYPH/ GL<D/,0,prep,topo,inanim,[],subs,complex,,,qal,perf,MN,,,,,
136106,<LH[,MT,Judges,13,19,J<L,W JQX MNWX >T GDJ H <ZJM W >T H MNXH W J<L <L H YWR L JHWH W MPL> L <FWT W MNWX W >CTW R>JM,W J<L <L H YWR L JHWH,,<L H YWR,<L H YWR/,0,prep,,,[],subs,simple,,,hif,wayq,<L,,,,,
138319,NPL[,MT,Judges,18,1,NPLH,B JMJM H HM >JN MLK B JFR>L W B JMJM H HM CBV H DNJ MBQC LW NXLH L CBT KJ L> NPLH LW <D H JWM H HW> B TWK CBVJ JFR>L B NXLH,KJ L> NPLH LW <D H JWM H HW> B TWK CBVJ JFR>L B NXLH,,B TWK CBVJ JFR>L,B TWK/ CBV/ JFR>L/,0,prep,"pers,gens,topo",,[],subs,complex,,,qal,perf,B,,,,,
139424,BW>[,MT,Judges,19,14,TB>,W J<BRW W JLKW W TB> LHM H CMC >YL H GB<H >CR L BNJMN,W TB> LHM H CMC >YL H GB<H,H CMC,>YL H GB<H,>YL/ H GB<H=/,0,vc,topo,inanim,[],subs,complex,,,qal,wayq,,,,,,
139765,NPL[,MT,Judges,19,26,TPL,W TB> H >CH L PNWT H BQR W TPL PTX BJT H >JC >CR >DWNJH CM <D H >WR,W TPL PTX BJT H >JC <D H >WR,,PTX BJT H >JC,PTX/ BJT/ H >JC/,0,vc,,,[],subs,complex,,,qal,wayq,,,,,,
139798,NPL[,MT,Judges,19,27,NPLT,W JQM >DNJH B BQR W JPTX DLTWT H BJT W JY> L LKT L DRKW W HNH H >CH PJLGCW NPLT PTX H BJT W JDJH <L H SP,W HNH H >CH PJLGCW NPLT PTX H BJT,H >CH PJLGCW,PTX H BJT,PTX/ H BJT/,0,vc,,,[],subs,complex,,,qal,ptca,,,,,,
139896,QHL[,MT,Judges,20,1,TQHL,W JY>W KL BNJ JFR>L W TQHL H <DH K >JC >XD L M DN W <D B>R CB< W >RY H GL<D >L JHWH H MYPH,W TQHL H <DH K >JC >XD L M DN W <D B>R CB< W >RY H GL<D >L JHWH H MYPH,H <DH,L M DN W <D B>R CB< W >RY H GL<D,L MN DN/ W <D B>R/ CB<==/ W >RY/ H GL<D/,0,prep + prep + prep,"pers,gens,topo topo topo",inanim inanim,[],nmpr,complex,,,nif,wayq,L,MN,<D,,,
55035,QRB[,MT,Leviticus,6,7,HQRB,W Z>T TWRT H MNXH HQRB >TH BNJ >HRN L PNJ JHWH >L PNJ H MZBX,HQRB >TH BNJ >HRN L PNJ JHWH >L PNJ H MZBX,BNJ >HRN,>L PNJ H MZBX,>L PNH/ H MZBX/,0,prep,,,[],subs,complex,,,hif,infa,>L,,,,,
56031,QRB[,MT,Leviticus,7,38,HQRJB,>CR YWH JHWH >T MCH B HR SJNJ B JWM YWTW >T BNJ JFR>L L HQRJB >T QRBNJHM L JHWH B MDBR SJNJ,L HQRJB >T QRBNJHM L JHWH B MDBR SJNJ,,B MDBR SJNJ,B MDBR/ SJNJ=/,0,prep,topo,inanim,[],subs,complex,,,hif,infc,B,,,,,
57790,BW>[,MT,Leviticus,10,18,HWB>,HN L> HWB> >T DMH >L H QDC PNJMH >KWL T>KLW >TH B QDC K >CR YWJTJ,L> HWB> >T DMH >L H QDC PNJMH,>T DMH,PNJMH,PNJMH,0,vc,,,[],,simple,,,hof,perf,,,,,,
60686,<LH[,MT,Leviticus,14,20,H<LH,W H<LH H KHN >T H <LH W >T H MNXH H MZBXH W KPR <LJW H KHN W VHR,W H<LH H KHN >T H <LH W >T H MNXH H MZBXH,H KHN,H MZBXH,H MZBX/,1,dir-he,,,[],subs,simple,,,hif,perf,,,,,,
60755,BW>[,MT,Leviticus,14,23,HBJ>,W HBJ> >TM B JWM H CMJNJ L VHRTW >L H KHN >L PTX >HL MW<D L PNJ JHWH,W HBJ> >TM B JWM H CMJNJ L VHRTW >L H KHN >L PTX >HL MW<D L PNJ JHWH,,>L PTX >HL MW<D,>L PTX/ >HL/ MW<D/,0,prep,,,[],subs,complex,,,hif,perf,>L,,,,,
68737,BW>[,MT,Leviticus,26,36,HB>TJ,W H NC>RJM BKM W HB>TJ MRK B LBBM B >RYT >JBJHM W RDP >TM QWL <LH NDP W NSW MNST XRB W NPLW W >JN RDP,W HB>TJ MRK B LBBM B >RYT >JBJHM,,B >RYT >JBJHM,B >RY/ >JB[,0,prep,,,[],subs,complex,,,hif,perf,B,,,,,
309692,NGC[,MT,Malachi,1,11,MGC,KJ M MZRX CMC W <D MBW>W GDWL CMJ B GWJM W B KL MQWM MQVR MGC L CMJ W MNXH VHWRH KJ GDWL CMJ B GWJM >MR JHWH YB>WT,W B KL MQWM MQVR MGC L CMJ W MNXH VHWRH,MQVR W MNXH VHWRH,B KL MQWM,B KL/ MQWM/,0,prep,,,[],subs,complex,,,hof,ptcp,B,,,,,
301826,HLK[,MT,Nahum,2,12,HLK,>JH M<WN >RJWT W MR<H HW> L KPRJM >CR HLK >RJH LBJ> CM GWR >RJH W >JN MXRJD,>CR HLK >RJH LBJ> CM,>RJH LBJ>,CM,CM,0,vc,,,[],,simple,,,qal,perf,,,,,,
390226,<LH[,MT,Nehemiah,12,37,<LW,W <L C<R H <JN W NGDM <LW <L M<LWT <JR DWJD B M<LH L XWMH M <L L BJT DWJD W <D C<R H MJM MZRX,W NGDM <LW <L M<LWT <JR DWJD B M<LH L XWMH M <L L BJT DWJD W <D C<R H MJM MZRX,,NGDM,NGD/,0,vc,,,[],subs,simple,,,qal,perf,,,,,,
70963,QRB[,MT,Numbers,3,4,HQRBM,W JMT NDB W >BJHW> L PNJ JHWH B HQRBM >C ZRH L PNJ JHWH B MDBR SJNJ W BNJM L> HJW LHM W JKHN >L<ZR W >JTMR <L PNJ >HRN >BJHM,B HQRBM >C ZRH L PNJ JHWH B MDBR SJNJ,,B MDBR SJNJ,B MDBR/ SJNJ=/,0,prep,topo,inanim,[],subs,complex,,,hif,infc,B,,,,,
73558,BW>[,MT,Numbers,6,10,JB>,W B JWM H CMJNJ JB> CTJ TRJM >W CNJ BNJ JWNH >L H KHN >L PTX >HL MW<D,W B JWM H CMJNJ JB> CTJ TRJM >W CNJ BNJ JWNH >L H KHN >L PTX >HL MW<D,,>L PTX >HL MW<D,>L PTX/ >HL/ MW<D/,0,prep,,,[],subs,complex,,,hif,impf,>L,,,,,
78500,NPL[,MT,Numbers,14,5,JPL,W JPL MCH W >HRN <L PNJHM L PNJ KL QHL <DT BNJ JFR>L,W JPL MCH W >HRN <L PNJHM L PNJ KL QHL <DT BNJ JFR>L,MCH W >HRN,L PNJ KL QHL <DT BNJ JFR>L,L PNH/ KL/ QHL/ <DH/ BN/ JFR>L/,0,prep,"pers,gens,topo",,[],subs,complex,,,qal,wayq,L,,,,,
78982,NPL[,MT,Numbers,14,29,JPLW,B MDBR H ZH JPLW PGRJKM W KL PQDJKM L KL MSPRKM M BN <FRJM CNH W M<LH >CR HLJNTM <LJ,B MDBR H ZH JPLW PGRJKM W KL PQDJKM L KL MSPRKM M BN <FRJM CNH W M<LH,PGRJKM W KL PQDJKM L KL MSPRKM M BN <FRJM CNH W M<LH,B MDBR H ZH,B H MDBR/ H ZH,0,prep,,,[],subs,complex,,,qal,impf,B,,,,,
79043,NPL[,MT,Numbers,14,32,JPLW,W PGRJKM >TM JPLW B MDBR H ZH,W PGRJKM >TM JPLW B MDBR H ZH,PGRJKM >TM,B MDBR H ZH,B H MDBR/ H ZH,0,prep,,,[],subs,complex,,,qal,impf,B,,,,,
80424,QHL[,MT,Numbers,16,19,JQHL,W JQHL <LJHM QRX >T KL H <DH >L PTX >HL MW<D W JR> KBWD JHWH >L KL H <DH,W JQHL <LJHM QRX >T KL H <DH >L PTX >HL MW<D,QRX,>L PTX >HL MW<D,>L PTX/ >HL/ MW<D/,0,prep,,,[],subs,complex,,,hif,wayq,>L,,,,,
80555,<LH[,MT,Numbers,16,27,J<LW,W J<LW M <L MCKN QRX DTN W >BJRM M SBJB W DTN W >BJRM JY>W NYBJM PTX >HLJHM W NCJHM W BNJHM W VPM,W J<LW M <L MCKN QRX DTN W >BJRM M SBJB,,M SBJB,MN SBJB/,0,prep,,,[],subs,simple,,,nif,wayq,MN,,,,,
81047,CWB[,MT,Numbers,17,15,JCB,W JCB >HRN >L MCH >L PTX >HL MW<D W H MGPH N<YRH,W JCB >HRN >L MCH >L PTX >HL MW<D,>HRN,>L PTX >HL MW<D,>L PTX/ >HL/ MW<D/,0,prep,,,[],subs,complex,,,qal,wayq,>L,,,,,
81111,NWX[,MT,Numbers,17,19,HNXTM,W HNXTM B >HL MW<D L PNJ H <DWT >CR >W<D LKM CMH,W HNXTM B >HL MW<D L PNJ H <DWT,,L PNJ H <DWT,L PNH/ H <DWT/,0,prep,,,[],subs,complex,,,hif,perf,L,,,,,
81176,NWX[,MT,Numbers,17,22,JNX,W JNX MCH >T H MVT L PNJ JHWH B >HL H <DT,W JNX MCH >T H MVT L PNJ JHWH B >HL H <DT,MCH,B >HL H <DT,B >HL/ H <DWT/,0,prep,,,[],subs,complex,,,hif,wayq,B,,,,,
82175,NWX[,MT,Numbers,19,9,HNJX,W >SP >JC VHWR >T >PR H PRH W HNJX M XWY L MXNH B MQWM VHWR W HJTH L <DT BNJ JFR>L L MCMRT L MJ NDH XV>T HW>,W HNJX M XWY L MXNH B MQWM VHWR,,B MQWM VHWR,B MQWM/ VHR/,0,prep,,,[],subs,complex,,,hif,perf,B,,,,,
84716,<LH[,MT,Numbers,23,2,J<L,W J<F BLQ K >CR DBR BL<M W J<L BLQ W BL<M PR W >JL B MZBX,W J<L BLQ W BL<M PR W >JL B MZBX,BLQ W BL<M,B MZBX,B H MZBX/,0,prep,,,[],subs,simple,,,hif,wayq,B,,,,,
84765,<LH[,MT,Numbers,23,4,><L,W JQR >LHJM >L BL<M W J>MR >LJW >T CB<T H MZBXT <RKTJ W ><L PR W >JL B MZBX,W ><L PR W >JL B MZBX,,B MZBX,B H MZBX/,0,prep,,,[],subs,simple,,,hif,wayq,B,,,,,
84941,<LH[,MT,Numbers,23,14,J<L,W JQXHW FDH YPJM >L R>C H PSGH W JBN CB<H MZBXT W J<L PR W >JL B MZBX,W J<L PR W >JL B MZBX,,B MZBX,B H MZBX/,0,prep,,,[],subs,simple,,,hif,wayq,B,,,,,
85202,<LH[,MT,Numbers,23,30,J<L,W J<F BLQ K >CR >MR BL<M W J<L PR W >JL B MZBX,W J<L PR W >JL B MZBX,,B MZBX,B H MZBX/,0,prep,,,[],subs,simple,,,hif,wayq,B,,,,,
91563,JRD[,MT,Numbers,34,11,JRD,W JRD H GBL M CPM H RBLH M QDM L <JN W JRD H GBWL W MXH <L KTP JM KNRT QDMH,W JRD H GBL M CPM H RBLH M QDM L <JN,H GBL,M QDM L <JN,MN QDM/ L H <JN=/,0,prep + prep,topo,inanim,[],subs,complex,,,qal,perf,MN,L,,,,
352844,NPL[,MT,Proverbs,22,14,JPWL,CWXH <MQH PJ ZRWT Z<WM JHWH JPWL CM,Z<WM JHWH JPWL CM,Z<WM JHWH,CM,CM,0,vc,,,[],,simple,,,qal,impf,,,,,,
354276,GLH[,MT,Proverbs,26,26,TGLH,TKSH FN>H B MC>WN TGLH R<TW B QHL,TGLH R<TW B QHL,R<TW,B QHL,B QHL/,0,prep,,,[],subs,simple,,,nif,impf,B,,,,,
311364,CWB[,MT,Psalms,7,8,CWBH,W <DT L>MJM TSWBBK W <LJH L MRWM CWBH,W <LJH L MRWM CWBH,,L MRWM,L H MRWM/,0,prep,,,[],subs,simple,,,qal,impv,L,,,,,
319462,SBB[,MT,Psalms,55,11,JSWBBH,JWMM W LJLH JSWBBH <L XWMTJH W >WN W <ML B QRBH,JWMM W LJLH JSWBBH <L XWMTJH,,<L XWMTJH,<L XWMH/,0,prep,,,[],subs,simple,,,piel,impf,<L,,,,,
323757,NS<[,MT,Psalms,78,26,JS<,JS< QDJM B CMJM W JNHG B <ZW TJMN,JS< QDJM B CMJM,,B CMJM,B H CMJM/,0,prep,,,[],subs,simple,,,hif,impf,B,,,,,
323781,NPL[,MT,Psalms,78,28,JPL,W JPL B QRB MXNHW SBJB L MCKNTJW,W JPL B QRB MXNHW SBJB L MCKNTJW,,B QRB MXNHW SBJB L MCKNTJW,B QRB/ MXNH/ SBJB/ L MCKN/,0,prep + prep,,,[],subs,complex,,,hif,wayq,B,L,,,,
329221,NPL[,MT,Psalms,106,26,HPJL,W JF> JDW LHM L HPJL >WTM B MDBR,L HPJL >WTM B MDBR,,B MDBR,B H MDBR/,0,prep,,,[],subs,simple,,,hif,infc,B,,,,,
329491,T<H[,MT,Psalms,107,4,T<W,T<W B MDBR B JCJMWN DRK <JR MWCB L> MY>W,T<W B MDBR B JCJMWN DRK,,B JCJMWN DRK,B JCJMWN/ DRK/,0,prep,,,[],subs,complex,,,qal,perf,B,,,,,
356542,NGC[,MT,Ruth,2,14,GCJ,W J>MR LH B<Z L <T H >KL GCJ HLM W >KLT MN H LXM W VBLT PTK B XMY W TCB M YD H QWYRJM W JYBV LH QLJ W T>KL W TFB< W TTR,GCJ HLM,,HLM,HLM,0,vc,,,[],,simple,,,qal,impv,,,,,,
306384,NWX[,MT,Zechariah,5,11,HNJXH,W J>MR >LJ L BNWT LH BJT B >RY CN<R W HWKN W HNJXH CM <L MKNTH,W HNJXH CM <L MKNTH,,CM,CM,0,vc,,,[],,simple,,,hof,perf,,,,,,
309139,SBB[,MT,Zechariah,14,10,JSWB,JSWB KL H >RY K <RBH M GB< L RMWN NGB JRWCLM W R>MH W JCBH TXTJH L M C<R BNJMN <D MQWM C<R H R>CWN <D C<R H PNJM W MGDL XNN>L <D JQBJ H MLK,JSWB KL H >RY K <RBH M GB< L RMWN NGB JRWCLM,KL H >RY,M GB< L RMWN NGB JRWCLM,MN GB</ L RMWN=/ NGB/ JRWCLM/,0,prep + prep,topo topo topo,inanim inanim inanim,[],nmpr,complex,,,qal,impf,MN,L,,,,
