verb_id,lex,scroll,book,chapter,verse_num,gcons_verb,gcons_verse,sign_info,stem,tense,gcons_clause,subject,complement,cmpl_lex,cmpl_translation,dir_he,cmpl_constr,cmpl_nt,cmpl_anim,cmpl_det,cmpl_indiv,cmpl_complex,motion_type,preposition_1,preposition_2,preposition_3,preposition_4,comments,reconstructed_verse,spatial_arg_type
28771_mt,BW>[,MT,Exodus,1,1,B>JM,W >LH CMWT BNJ JFR>L H B>JM MYRJMH >T J<QB >JC W BJTW B>W,,qal,ptca,H B>JM MYRJMH >T J<QB,,MYRJMH,MYRJM/,to Egypt,1.0,dir_he,topo,inanim,det,nmpr,simple,factive,,,,,,,goal
28778_mt,BW>[,MT,Exodus,1,1,B>W,W >LH CMWT BNJ JFR>L H B>JM MYRJMH >T J<QB >JC W BJTW B>W,,qal,perf,>JC W BJTW B>W,>JC W BJTW,no complement,no complement,,,,,,,,,,,,,,,,
28771_lxx,,LXX,Exodus,1,1,,"ταῦτα τὰ ὀνόματα τῶν υἱῶν Ἰσραὴλ εἰσπεπορευμένων εἰς Αἴγυπτον ἅμα Ἰακὼβ τῷ πατρὶ αὐτῶν, ἕκαστος πανοικὶ αὐτῶν εἰσήλθοσαν.",,,,,,,,,,,,,,,,,,,,,,,
28778_lxx,,LXX,Exodus,1,1,,"ταῦτα τὰ ὀνόματα τῶν υἱῶν Ἰσραὴλ εἰσπεπορευμένων εἰς Αἴγυπτον ἅμα Ἰακὼβ τῷ πατρὶ αὐτῶν, ἕκαστος πανοικὶ αὐτῶν εἰσήλθοσαν.",,,,,,,,,,,,,,,,,,,,,,,
29061_mt,BW>[,MT,Exodus,1,19,TBW>,W T>MRN H MJLDT >L PR<H KJ L> K NCJM H MYRJT H <BRJT KJ XJWT HNH B VRM TBW> >LHN H MJLDT W JLDW,,qal,impf,B VRM TBW> >LHN H MJLDT,H MJLDT,>LHN,>L,to them (the Hebrew women),0.0,prep,pers,anim,det,prsf,simple,factive,>L,,,,,,goal
29061_lxx,,LXX,Exodus,1,19,,"εἶπαν δὲ αἱ μαῖαι τῷ Φαραώ · οὐχ ὡς γυναῖκες Αἰγύπτου αἱ Ἑβραῖαι, τίκτουσι γὰρ πρὶν ἢ εἰσελθεῖν πρὸς αὐτὰς τὰς μαίας · E καὶ ἔτικτον.",,,,,,,,,,,,,,,,,,,,,,,
29308_mt,BW>[,MT,Exodus,2,10,TB>HW,W JGDL H JLD W TB>HW L BT PR<H W JHJ LH L BN W TQR> CMW MCH W T>MR KJ MN H MJM MCJTHW,,hif,wayq,W TB>HW L BT PR<H,,L BT PR<H,L BT/ PR<H/,to the daughter of Pharaoh ,0.0,prep,pers,anim,det,subs,complex,factive,L,,,,,,goal
29308_lxx,,LXX,Exodus,2,10,,"ἀδρυνθέντος δὲ τοῦ παιδίου, εἰσήγαγεν αὐτὸ πρὸς τὴν θυγατέρα Φαραώ, καὶ ἐγενήθη αὐτῇ εἰς υἱόν · ἐπωνόμασε δὲ τὸ ὄνομα αὐτοῦ Μωυσῆν λέγουσα · ἐκ τοῦ ὕδατος αὐτὸν ἀνειλόμην.",,,,,,,,,,,,,,,,,,,,,,,
29463_mt,BW>[,MT,Exodus,2,16,TB>NH,W L KHN MDJN CB< BNWT W TB>NH W TDLNH W TML>NH >T H RHVJM L HCQWT Y>N >BJHN,,qal,wayq,W TB>NH,,no complement,no complement,,,,,,,,,,,,,,,,
29463_lxx,,LXX,Exodus,2,16,,τῷ δὲ ἱερεῖ Μαδιὰμ ἦσαν ἑπτὰ θυγατέρες ποιμαίνουσαι τὰ πρόβατα τοῦ πατρὸς αὐτῶν Ἰοθόρ · παραγενόμεναι δὲ ἤντλουν ἕως ἔπλησαν τὰς δεξαμενὰς ποτίσαι τὰ πρόβατα τοῦ πατρὸς αὐτῶν Ἰοθόρ.,,,,,,,,,,,,,,,,,,,,,,,
29476_mt,BW>[,MT,Exodus,2,17,JB>W,W JB>W H R<JM W JGRCWM W JQM MCH W JWC<N W JCQ >T Y>NM,,qal,wayq,W JB>W H R<JM,H R<JM,no complement,no complement,,,,,,,,,,,,,,,,
29476_lxx,,LXX,Exodus,2,17,,παραγενόμενοι δὲ οἱ ποιμένες ἐξέβαλλον αὐτάς · ἀναστὰς δὲ Μωυσῆς ἐρρύσατο αὐτὰς καὶ ἤντλησεν αὐταῖς καὶ ἐπότισε τὰ πρόβατα αὐτῶν ·,,,,,,,,,,,,,,,,,,,,,,,
29491_mt,BW>[,MT,Exodus,2,18,TB>NH,W TB>NH >L R<W>L >BJHN W J>MR MDW< MHRTN B> H JWM,,qal,wayq,W TB>NH >L R<W>L >BJHN,,>L R<W>L >BJHN,>L R<W>L/ >B/,to Reuel their father,0.0,prep,pers,anim,det,nmpr,complex,factive,>L,,,,,,goal
29499_mt,BW>[,MT,Exodus,2,18,B>,W TB>NH >L R<W>L >BJHN W J>MR MDW< MHRTN B> H JWM,,qal,infc,B>,,no complement,no complement,,,,,,,,,,,,,,,,
29491_lxx,,LXX,Exodus,2,18,,παρεγένοντο δὲ πρὸς Ραγουὴλ τὸν πατέρα αὐτῶν. ὁ δὲ εἶπεν αὐταῖς · διατί ἐταχύνατε τοῦ παραγενέσθαι σήμερον;,,,,,,,,,,,,,,,,,,,,,,,
29499_lxx,,LXX,Exodus,2,18,,παρεγένοντο δὲ πρὸς Ραγουὴλ τὸν πατέρα αὐτῶν. ὁ δὲ εἶπεν αὐταῖς · διατί ἐταχύνατε τοῦ παραγενέσθαι σήμερον;,,,,,,,,,,,,,,,,,,,,,,,
29644_mt,BW>[,MT,Exodus,3,1,JB>,W MCH HJH R<H >T Y>N JTRW XTNW KHN MDJN W JNHG >T H Y>N >XR H MDBR W JB> >L HR H >LHJM XRBH,,qal,wayq,W JB> >L HR H >LHJM XRBH,,>L HR H >LHJM,>L HR/ H >LHJM/,to the mountain of the God,0.0,prep,topo,inanim,det,subs,complex,factive,>L,,,,,,goal
29644_lxx,,LXX,Exodus,3,1,,καὶ Μωυσῆς ἦν ποιμαίνων τὰ πρόβατα Ἰοθόρ τοῦ γαμβροῦ αὐτοῦ τοῦ ἱερέως Μαδιὰμ καὶ ἤγαγε τὰ πρόβατα ὑπὸ τὴν ἔρημον καὶ ἦλθεν εἰς τὸ ὄρος Χωρήβ.,,,,,,,,,,,,,,,,,,,,,,,
29834_mt,BW>[,MT,Exodus,3,9,B>H,W <TH HNH Y<QT BNJ JFR>L B>H >LJ W GM R>JTJ >T H LXY >CR MYRJM LXYJM >TM,,qal,perf,HNH Y<QT BNJ JFR>L B>H >LJ,Y<QT BNJ JFR>L,>LJ,>L,to me (God),0.0,prep,prps,anim,det,prsf,simple,fictive,>L,,,,the cry of the people has come to me,,goal
29834_lxx,,LXX,Exodus,3,9,,"καὶ νῦν ἰδοὺ κραυγὴ τῶν υἱῶν Ἰσραὴλ ἥκει πρός με, κα- κἀγὼ ἑώρακα τὸν θλιμμόν, ὃν οἱ Αἰγύπτιοι θλίβουσιν αὐτούς.",,,,,,,,,,,,,,,,,,,,,,,
29918_mt,BW>[,MT,Exodus,3,13,B>,W J>MR MCH >L H >LHJM HNH >NKJ B> >L BNJ JFR>L W >MRTJ LHM >LHJ >BWTJKM CLXNJ >LJKM W >MRW LJ MH CMW MH >MR >LHM,,qal,ptca,HNH >NKJ B> >L BNJ JFR>L,>NKJ,>L BNJ JFR>L,>L BN/ JFR>L/,to the people of Israel,0.0,prep,gens,anim,det,subs,complex,factive,>L,,,,,,goal
29918_lxx,,LXX,Exodus,3,13,,"καὶ εἶπε Μωυσῆς πρὸς τὸν Θεόν · ἰδοὺ ἐγὼ ἐξελεύσομαι πρὸς τοὺς υἱοὺς Ἰσραήλ, καὶ ἐρῶ πρὸς αὐτούς · ὁ Θεὸς τῶν πατέρων ἡμῶν ἀπέσταλκέ με πρὸς ὑμᾶς. ἐρωτήσουσί με · τί ὄνομα αὐτῷ; E τί ἐρῶ πρὸς αὐτούς;",,,,,,,,,,,,,,,,,,,,,,,
30056_mt,BW>[,MT,Exodus,3,18,B>T,W CM<W L QLK W B>T >TH W ZQNJ JFR>L >L MLK MYRJM W >MRTM >LJW JHWH >LHJ H <BRJJM NQRH <LJNW W <TH NLKH N> DRK CLCT JMJM B MDBR W NZBXH L JHWH >LHJNW,,qal,perf,W B>T >TH W ZQNJ JFR>L >L MLK MYRJM,>TH W ZQNJ JFR>L,>L MLK MYRJM,>L MLK/ MYRJM/,to the king of Egypt,0.0,prep,topo,inanim,det,subs,complex,factive,>L,,,,,,goal
30056_lxx,,LXX,Exodus,3,18,,"καὶ εἰσακούσονταί σου τῆς φωνῆς · καὶ εἰσελεύσῃ σὺ καὶ ἡ γερουσία Ἰσραὴλ πρὸς Φαραὼ βασιλέα Αἰγύπτου καὶ ἐρεῖς πρὸς αὐτόν · ὁ Θεὸς τῶν Ἑβραίων προσκέκληται ἡμᾶς · πορευσόμεθα οὖν ὁδὸν τριῶν ἡμερῶν εἰς τὴν ἔρημον, ἵνα θύσωμεν τῷ Θεῷ ἡμῶν.",,,,,,,,,,,,,,,,,,,,,,,
30260_mt,BW>[,MT,Exodus,4,6,HB>,W J>MR JHWH LW <WD HB> N> JDK B XJQK W JB> JDW B XJQW W JWY>H W HNH JDW MYR<T K CLG,,hif,impv,HB> N> JDK B XJQK,,B XJQK,B XJQ/,in (to) your chest (Moses'),0.0,prep,bopa,inanim,det,subs,complex,factive,B,,,,,,goal
30266_mt,BW>[,MT,Exodus,4,6,JB>,W J>MR JHWH LW <WD HB> N> JDK B XJQK W JB> JDW B XJQW W JWY>H W HNH JDW MYR<T K CLG,,hif,wayq,W JB> JDW B XJQW,,B XJQW,B XJQ/,to his chest (Moses'),0.0,prep,bopa,inanim,det,subs,complex,factive,B,,,,,,goal
30260_lxx,,LXX,Exodus,4,6,,"εἶπε δὲ αὐτῷ Κύριος πάλιν · εἰσένεγκον τὴν χεῖρά σου εἰς τὸν κόλπον σου. καὶ εἰσήνεγκε τὴν χεῖρα αὐτοῦ εἰς τὸν κόλπον αὐτοῦ · καὶ ἐξήνεγκε τὴν χεῖρα αὐτοῦ ἐκ τοῦ κόλπου αὐτοῦ, καὶ ἐγενήθη ἡ χεὶρ αὐτοῦ ὡσεὶ χιών.",,,,,,,,,,,,,,,,,,,,,,,
30266_lxx,,LXX,Exodus,4,6,,"εἶπε δὲ αὐτῷ Κύριος πάλιν · εἰσένεγκον τὴν χεῖρά σου εἰς τὸν κόλπον σου. καὶ εἰσήνεγκε τὴν χεῖρα αὐτοῦ εἰς τὸν κόλπον αὐτοῦ · καὶ ἐξήνεγκε τὴν χεῖρα αὐτοῦ ἐκ τοῦ κόλπου αὐτοῦ, καὶ ἐγενήθη ἡ χεὶρ αὐτοῦ ὡσεὶ χιών.",,,,,,,,,,,,,,,,,,,,,,,
30810_mt,BW>[,MT,Exodus,5,1,B>W,W >XR B>W MCH W >HRN W J>MRW >L PR<H KH >MR JHWH >LHJ JFR>L CLX >T <MJ W JXGW LJ B MDBR,,qal,perf,W >XR B>W MCH W >HRN,MCH W >HRN,no complement,no complement,,,,,,,,,,,,,,,,
30810_lxx,,LXX,Exodus,5,1,,"καὶ μετὰ ταῦτα εἰσῆλθε Μωυσῆς καὶ Ἀαρὼν πρὸς Φαραὼ καὶ εἶπαν αὐτῷ · τάδε λέγει Κύριος ὁ Θεὸς Ἰσραήλ · ἐξαπόστειλον τὸν λαόν μου, ἵνα μοι ἑορτάσωσιν ἐν τῇ ἐρήμῳ.",,,,,,,,,,,,,,,,,,,,,,,
31093_mt,BW>[,MT,Exodus,5,15,JB>W,W JB>W CVRJ BNJ JFR>L W JY<QW >L PR<H L >MR LMH T<FH KH L <BDJK,,qal,wayq,W JB>W CVRJ BNJ JFR>L,CVRJ BNJ JFR>L,no complement,no complement,,,,,,,,,,,,,,,,
31093_lxx,,LXX,Exodus,5,15,,εἰσελθόντες δὲ οἱ γραμματεῖς τῶν υἱῶν Ἰσραὴλ κατεβόησαν πρὸς Φαραὼ λέγοντες · ἱνατί σὺ οὕτως ποιεῖς τοῖς σοῖς οἰκέταις;,,,,,,,,,,,,,,,,,,,,,,,
31231_mt,BW>[,MT,Exodus,5,23,B>TJ,W M >Z B>TJ >L PR<H L DBR B CMK HR< L <M H ZH W HYL L> HYLT >T <MK,,qal,perf,W M >Z B>TJ >L PR<H,,>L PR<H,>L PR<H/,to Pharaoh,0.0,prep,pers,anim,det,subs,simple,factive,>L,,,,,,goal
31231_lxx,,LXX,Exodus,5,23,,"καὶ ἀφ’ οὗ πεπόρευμαι πρὸς Φαραὼ λαλῆσαι ἐπὶ τῷ σῷ ὀνόματι, ἐκάκωσε τὸν λαὸν τοῦτον, καὶ οὐκ ἐρρύσω τὸν λαόν σου.",,,,,,,,,,,,,,,,,,,,,,,
31389_mt,BW>[,MT,Exodus,6,8,HB>TJ,W HB>TJ >TKM >L H >RY >CR NF>TJ >T JDJ L TT >TH L >BRHM L JYXQ W L J<QB W NTTJ >TH LKM MWRCH >NJ JHWH,,hif,perf,W HB>TJ >TKM >L H >RY,,>L H >RY,>L H >RY/,into the land,0.0,prep,topo,inanim,det,subs,simple,factive,>L,,,,,,goal
31389_lxx,,LXX,Exodus,6,8,,"καὶ εἰσάξω ὑμᾶς εἰς τὴν γῆν, εἰς ἣν ἐξέτεινα τὴν χεῖρά μου, δοῦναι αὐτὴν τῷ Ἁβραὰμ καὶ Ἰσαὰκ καὶ Ἰακώβ, καὶ δώσω ὑμῖν αὐτὴν ἐν κλήρῳ · E ἐγὼ Κύριος. E",,,,,,,,,,,,,,,,,,,,,,,
31441_mt,BW>[,MT,Exodus,6,11,B>,B> DBR >L PR<H MLK MYRJM W JCLX >T BNJ JFR>L M >RYW,,qal,impv,B>,,no complement,no complement,,,,,,,,,,,,,,,,
31441_lxx,,LXX,Exodus,6,11,,"εἴσελθε, λάλησον Φαραὼ βασιλεῖ Αἰγύπτου, ἵνα ἐξαποστείλῃ τοὺς υἱοὺς Ἰσραὴλ ἐκ τῆς γῆς αὐτοῦ.",,,,,,,,,,,,,,,,,,,,,,,
31942_mt,BW>[,MT,Exodus,7,10,JB>,W JB> MCH W >HRN >L PR<H W J<FW KN K >CR YWH JHWH W JCLK >HRN >T MVHW L PNJ PR<H W L PNJ <BDJW W JHJ L TNJN,,qal,wayq,W JB> MCH W >HRN >L PR<H,MCH W >HRN,>L PR<H,>L PR<H/,to Pharaoh,0.0,prep,pers,anim,det,subs,simple,factive,>L,,,,,,goal
31942_lxx,,LXX,Exodus,7,10,,"εἰσῆλθε δὲ Μωυσῆς καὶ Ἀαρὼν ἐναντίον Φαραὼ καὶ τῶν θεραπόντων αὐτοῦ καὶ ἐποίησαν οὕτως, καθάπερ ἐνετείλατο αὐτοῖς Κύριος · καὶ ἔρριψεν Ἀαρὼν τὴν ράβδον ἐναντίον Φαραώ, καὶ ἐναντίον τῶν θεραπόντων αὐτοῦ, καὶ ἐγένετο δράκων.",,,,,,,,,,,,,,,,,,,,,,,
32274_mt,BW>[,MT,Exodus,7,23,JB>,W JPN PR<H W JB> >L BJTW W L> CT LBW GM L Z>T,,qal,wayq,W JB> >L BJTW,,>L BJTW,>L BJT/,to his house (Pharaoh's),0.0,prep,topo,inanim,det,subs,complex,factive,>L,,,,,,goal
32274_lxx,,LXX,Exodus,7,23,,ἐπιστραφεὶς δὲ Φαραὼ εἰσῆλθεν εἰς τὸν οἶκον αὐτοῦ καὶ οὐκ ἐπέστησε τὸν νοῦν αὐτοῦ οὐ -δὲ ἐπὶ τούτῳ.,,,,,,,,,,,,,,,,,,,,,,,
32318_mt,BW>[,MT,Exodus,7,26,B>,W J>MR JHWH >L MCH B> >L PR<H W >MRT >LJW KH >MR JHWH CLX >T <MJ W J<BDNJ,,qal,impv,B> >L PR<H,,>L PR<H,>L PR<H/,to Pharaoh,0.0,prep,pers,anim,det,subs,simple,factive,>L,,,,,,goal
32318_lxx,,LXX,Exodus,7,26,,"εἶπε δὲ Κύριος πρὸς Μωυσῆν · εἴσελθε πρὸς Φαραὼ καὶ ἐρεῖς πρὸς αὐτόν · τάδε λέγει Κύριος · ἐξαπόστειλον τὸν λαόν μου, ἵνα μοι λατρεύσωσιν ·",,,,,,,,,,,,,,,,,,,,,,,
32355_mt,BW>[,MT,Exodus,7,28,B>W,W CRY H J>R YPRD<JM W <LW W B>W B BJTK W B XDR MCKBK W <L MVTK W B BJT <BDJK W B <MK W B TNWRJK W B MC>RWTJK,,qal,perf,W B>W B BJTK W B XDR MCKBK W <L MVTK W B BJT <BDJK W B <MK W B TNWRJK W B MC>RWTJK,,B BJTK W B XDR MCKBK W <L MVTK W B BJT <BDJK W B <MK W B TNWRJK W B MC>RWTJK,B BJT/ W B XDR/ MCKB/ W <L MVH=/ W B BJT/ <BD/ W B <M/ W B TNWR/ W B MC>RT/,in your house and in the inner room of your bed and on your bed and in the house of your servants and among your people and in your ovens and in your kneading bowls ,0.0,prep + prep,topo,inanim,det,subs,complex,factive,B,B,<L,B,,,goal
32355_lxx,,LXX,Exodus,7,28,,"καὶ ἐξερεύξεται ὁ ποταμὸς βατράχους, καὶ ἀναβάντες εἰσελεύσονται εἰς τοὺς οἴκους σου καὶ εἰς τὰ ταμιεῖα τῶν κοιτώνων σου καὶ ἐπὶ τῶν κλινῶν σου καὶ ἐπὶ τοὺς οἴκους τῶν θεραπόντων σου καὶ τοῦ λαοῦ σου καὶ ἐν τοῖς φυράμασί σου καὶ ἐν τοῖς κλιβάνοις σου ·",,,,,,,,,,,,,,,,,,,,,,,
32836_mt,BW>[,MT,Exodus,8,20,JB>,W J<F JHWH KN W JB> <RB KBD BJTH PR<H W BJT <BDJW W B KL >RY MYRJM TCXT H >RY M PNJ H <RB,,qal,wayq,W JB> <RB KBD BJTH PR<H W BJT <BDJW W B KL >RY MYRJM,<RB KBD,BJTH PR<H W BJT <BDJW W B KL >RY MYRJM,BJT/ PR<H/ W BJT/ <BD/ W B KL/ >RY/ MYRJM/,in the house of Pharaoh and the house of his servants and in all the land of Egypt,1.0,prep + dir-he,topo,inanim,det,subs,complex,factive,B,,,,,,goal
32836_lxx,,LXX,Exodus,8,20,,"ἐποίησε δὲ Κύριος οὕτως, καὶ παρεγένετο ἡ κυνόμυια πλῆθος εἰς τοὺς οἴκους Φαραὼ καὶ εἰς τοὺς οἴκους τῶν θεραπόντων αὐτοῦ καὶ εἰς πᾶσαν τὴν γῆν Αἰγύπτου, καὶ ἐξωλοθρεύθη ἡ γῆ ἀπὸ τῆς κυνομυίης.",,,,,,,,,,,,,,,,,,,,,,,
33027_mt,BW>[,MT,Exodus,9,1,B>,W J>MR JHWH >L MCH B> >L PR<H W DBRT >LJW KH >MR JHWH >LHJ H <BRJM CLX >T <MJ W J<BDNJ,,qal,impv,B> >L PR<H,,>L PR<H,>L PR<H/,to Pharaoh,0.0,prep,pers,anim,det,subs,simple,factive,>L,,,,,,goal
33027_lxx,,LXX,Exodus,9,1,,"εἶπε δὲ Κύριος πρὸς Μωυσῆν · εἴσελθε πρὸς Φαραὼ καὶ ἐρεῖς αὐτῷ · τάδε λέγει Κύριος ὁ Θεὸς τῶν Ἑβραίων · ἐξαπόστειλον τὸν λαόν μου, ἵνα μοι λατρεύσωσιν ·",,,,,,,,,,,,,,,,,,,,,,,
33790_mt,BW>[,MT,Exodus,10,1,B>,W J>MR JHWH >L MCH B> >L PR<H KJ >NJ HKBDTJ >T LBW W >T LB <BDJW LM<N CTJ >TTJ >LH B QRBW,,qal,impv,B> >L PR<H,,>L PR<H,>L PR<H/,to Pharaoh,0.0,prep,pers,anim,det,subs,simple,factive,>L,,,,,,goal
33790_lxx,,LXX,Exodus,10,1,,"εἶπε δὲ Κύριος πρὸς Μωυσῆν λέγων · εἴσελθε πρὸς Φαραώ · ἐγὼ γὰρ ἐσκλήρυνα αὐτοῦ τὴν καρδίαν καὶ τῶν θεραπόντων αὐτοῦ, ἵνα ἑξῆς ἐπέλθῃ τὰ σημεῖα ταῦτα ἐπ’ αὐτούς ·",,,,,,,,,,,,,,,,,,,,,,,
33834_mt,BW>[,MT,Exodus,10,3,JB>,W JB> MCH W >HRN >L PR<H W J>MRW >LJW KH >MR JHWH >LHJ H <BRJM <D MTJ M>NT L <NT M PNJ CLX <MJ W J<BDNJ,,qal,wayq,W JB> MCH W >HRN >L PR<H,MCH W >HRN,>L PR<H,>L PR<H/,to Pharaoh,0.0,prep,pers,anim,det,subs,simple,factive,>L,,,,,,goal
33834_lxx,,LXX,Exodus,10,3,,"εἰσῆλθε δὲ Μωυσῆς καὶ Ἀαρὼν ἐναντίον Φαραὼ καὶ εἶπαν αὐτῷ · τάδε λέγει Κύριος ὁ Θεὸς τῶν Ἑβραίων · ἕως τίνος οὐ βούλῃ ἐντραπῆναί με; ἐξαπόστειλον τὸν λαόν μου, ἵνα λατρεύσωσί μοι.",,,,,,,,,,,,,,,,,,,,,,,
33869_mt,BW>[,MT,Exodus,10,4,MBJ>,KJ >M M>N >TH L CLX >T <MJ HNNJ MBJ> MXR >RBH B GBLK,,hif,ptca,KJ HNNJ MBJ> MXR >RBH B GBLK,,no complement,no complement,,,,,,,,,,,,,,B GBLK locative in database,,
33869_lxx,,LXX,Exodus,10,4,,"ἐὰν δὲ μὴ θέλῃς σὺ ἐξαποστεῖλαι τὸν λαόν μου, ἰδοὺ ἐγὼ ἐπάγω ταύτην τὴν ὥραν αὔριον ἀκρίδα πολλὴν ἐπὶ πάντα τὰ ὅριά σου,",,,,,,,,,,,,,,,,,,,,,,,
34407_mt,BW>[,MT,Exodus,10,26,B>NW,W GM MQNNW JLK <MNW L> TC>R PRSH KJ MMNW NQX L <BD >T JHWH >LHJNW W >NXNW L> ND< MH N<BD >T JHWH <D B>NW CMH,,qal,infc,<D B>NW CMH,,CMH,CM,there,1.0,dir_he,adv,inanim,det,adv,simple,factive,,,,,,,goal
34407_lxx,,LXX,Exodus,10,26,,"καὶ τὰ κτήνη ἡμῶν πορεύσεται μεθ’ ἡμῶν, καὶ οὐχ ὑπολειψόμεθα ὁπλήν · ἀπ’ αὐτῶν γὰρ ληψόμεθα λατρεῦσαι Κυρίῳ τῷ Θεῷ ἡμῶν, ἡμεῖς δὲ οὐκ οἴδαμεν τί λατρεύσομεν Κυρίῳ τῷ Θεῷ ἡμῶν, ἕως τοῦ ἐλθεῖν ἡμᾶς ἐκεῖ.",,,,,,,,,,,,,,,,,,,,,,,
34457_mt,BW>[,MT,Exodus,11,1,>BJ>,W J>MR JHWH >L MCH <WD NG< >XD >BJ> <L PR<H W <L MYRJM >XRJ KN JCLX >TKM M ZH K CLXW KLH GRC JGRC >TKM M ZH,,hif,impf,<WD NG< >XD >BJ> <L PR<H W <L MYRJM,,<L PR<H W <L MYRJM,<L PR<H/ W <L MYRJM/,upon Pharaoh and upon Egypt,0.0,prep + prep,other,anim inanim,det,subs,complex,factive fictive,<L,<L,,,,,
34457_lxx,,LXX,Exodus,11,1,,"εἶπε δὲ Κύριος πρὸς Μωυσῆν · ἔτι μίαν πληγὴν ἐγὼ ἐπάξω ἐπὶ Φαραὼ καὶ ἐπ’ Αἴγυπτον, καὶ μετὰ ταῦτα ἐξαποστελεῖ ὑμᾶς ἐντεῦθεν · ὅταν δὲ ἐξαποστέλλῃ ὑμᾶς, σὺν παντὶ ἐκβαλεῖ ὑμᾶς ἐκβολῇ.",,,,,,,,,,,,,,,,,,,,,,,
35241_mt,BW>[,MT,Exodus,12,23,B>,W <BR JHWH L NGP >T MYRJM W R>H >T H DM <L H MCQWP W <L CTJ H MZWZT W PSX JHWH <L H PTX W L> JTN H MCXJT L B> >L BTJKM L NGP,,qal,infc,L B> >L BTJKM,,>L BTJKM,>L BJT/,in your houses,0.0,prep,topo,inanim,det,subs,complex,factive,>L,,,,,,goal
35241_lxx,,LXX,Exodus,12,23,,"καὶ παρελεύσεται Κύριος πατάξαι τοὺς Αἰγυπτίους καὶ ὄψεται τὸ αἷμα ἐπὶ τῆς φλιᾶς καὶ ἐπ’ ἀμφοτέρων τῶν σταθμῶν, καὶ παρελεύσεται Κύριος τὴν θύραν καὶ οὐκ ἀφήσει τὸν ὀλοθρεύοντα εἰσελθεῖν εἰς τὰς οἰκίας ὑμῶν πατάξαι.",,,,,,,,,,,,,,,,,,,,,,,
35264_mt,BW>[,MT,Exodus,12,25,TB>W,W HJH KJ TB>W >L H >RY >CR JTN JHWH LKM K >CR DBR W CMRTM >T H <BDH H Z>T,,qal,impf,KJ TB>W >L H >RY,,>L H >RY,>L H >RY/,into the land,0.0,prep,topo,inanim,det,subs,simple,factive,>L,,,,,,goal
35264_lxx,,LXX,Exodus,12,25,,"ἐὰν δὲ εἰσέλθητε εἰς τὴν γῆν, ἣν ἂν δῷ Κύριος ὑμῖν, καθότι ἐλάλησε, φυλάξασθε τὴν λατρείαν ταύτην.",,,,,,,,,,,,,,,,,,,,,,,
35832_mt,BW>[,MT,Exodus,13,5,JBJ>K,W HJH KJ JBJ>K JHWH >L >RY H KN<NJ W H XTJ W H >MRJ W H XWJ W H JBWSJ >CR NCB< L >BTJK L TT LK >RY ZBT XLB W DBC W <BDT >T H <BDH H Z>T B XDC H ZH,,hif,impf,KJ JBJ>K JHWH >L >RY H KN<NJ W H XTJ W H >MRJ W H XWJ W H JBWSJ >RY ZBT XLB W DBC,JHWH,>L >RY H KN<NJ W H XTJ W H >MRJ W H XWJ W H JBWSJ >RY ZBT XLB W DBC,>L >RY/ H KN<NJ/ W H XTJ/ W H >MRJ/ W H XWJ/ W H JBWSJ/ >RY/ ZWB[ XLB/ W DBC/,"into the land of the Canaanites, and the Hittites, and the Amorites, and the Hivites, and the Jebusites, a land flowing with milk and honey",0.0,prep,topo,inanim,det,subs,complex,factive,>L,,,,,,goal
35832_lxx,,LXX,Exodus,13,5,,"καὶ ἔσται ἡνίκα ἐὰν εἰσαγάγῃ σε Κύριος ὁ Θεός σου εἰς τὴν γῆν τῶν Χαναναίων καὶ Χετταίων καὶ Ἀμορραίων καὶ Εὐαίων καὶ Ἰεβουσαίων καὶ Γεργεσαίων καὶ Φερεζαίων, ἣν ὤμοσε τοῖς πατράσι σου δοῦναί σοι γῆν ρέουσαν γάλα καὶ μέλι, καὶ ποιήσεις τὴν λατρείαν ταύτην ἐν τῷ μηνὶ τούτῳ.",,,,,,,,,,,,,,,,,,,,,,,
35968_mt,BW>[,MT,Exodus,13,11,JB>K,W HJH KJ JB>K JHWH >L >RY H KN<NJ K >CR NCB< LK W L >BTJK W NTNH LK,,hif,impf,KJ JB>K JHWH >L >RY H KN<NJ,JHWH,>L >RY H KN<NJ,>L >RY/ H KN<NJ/,in the land of the Canaanites,0.0,prep,topo,inanim,det,subs,complex,factive,>L,,,,,,goal
35968_lxx,,LXX,Exodus,13,11,,"καὶ ἔσται ὡς ἂν εἰσαγάγῃ σε Κύριος ὁ Θεός σου εἰς τὴν γῆν τῶν Χαναναίων, ὃν τρόπον ὤμοσε τοῖς πατράσι σου, καὶ δώσει σοι αὐτήν,",,,,,,,,,,,,,,,,,,,,,,,
36545_mt,BW>[,MT,Exodus,14,16,JB>W,W >TH HRM >T MVK W NVH >T JDK <L H JM W BQ<HW W JB>W BNJ JFR>L B TWK H JM B JBCH,,qal,impf,W JB>W BNJ JFR>L B TWK H JM B JBCH,BNJ JFR>L,B TWK H JM,B TWK/ H JM/,in/through the midst of the sea,0.0,prep,topo,inanim,det,subs,complex,factive,B,,,,,,trajectory
36545_lxx,,LXX,Exodus,14,16,,"καὶ σὺ ἔπαρον τῇ ράβδῳ σου καὶ ἔκτεινον τὴν χεῖρά σου ἐπὶ τὴν θάλασσαν καὶ ρῆξον αὐτήν, καὶ εἰσελθάτωσαν οἱ υἱοὶ Ἰσραὴλ εἰς μέσον τῆς θαλάσσης κατὰ τὸ ξηρόν.",,,,,,,,,,,,,,,,,,,,,,,
36563_mt,BW>[,MT,Exodus,14,17,JB>W,W >NJ HNNJ MXZQ >T LB MYRJM W JB>W >XRJHM W >KBDH B PR<H W B KL XJLW B RKBW W B PRCJW,,qal,impf,W JB>W >XRJHM,,>XRJHM,>XR/,after/behind them,0.0,prep,prps,inanim,det,prsf,simple,factive,>XR/,,,,,,other
36563_lxx,,LXX,Exodus,14,17,,"καὶ ἰδοὺ ἐγὼ σκληρυνῶ τὴν καρδίαν Φαραὼ καὶ τῶν Αἰγυπτίων πάντων, καὶ εἰσελεύσονται ὀπίσω αὐτῶν · καὶ ἐνδοξασθήσομαι ἐν Φαραὼ καὶ ἐν πάσῃ τῇ στρατιᾷ αὐτοῦ καὶ ἐν τοῖς ἅρμασι καὶ ἐν τοῖς ἵπποις αὐτοῦ.",,,,,,,,,,,,,,,,,,,,,,,
36620_mt,BW>[,MT,Exodus,14,20,JB>,W JB> BJN MXNH MYRJM W BJN MXNH JFR>L W JHJ H <NN W H XCK W J>R >T H LJLH W L> QRB ZH >L ZH KL H LJLH,,qal,wayq,W JB> BJN MXNH MYRJM W BJN MXNH JFR>L,,BJN MXNH MYRJM W BJN MXNH JFR>L,BJN/ MXNH/ MYRJM/ W BJN/ MXNH/ JFR>L/,between the camp of Egypt and the camp of Israel,0.0,prep,topo,inanim,det,subs,complex,factive,BJN/,BJN/,,,,,location
36620_lxx,,LXX,Exodus,14,20,,"καὶ εἰσῆλθεν ἀνὰ μέσον τῆς παρεμβολῆς τῶν Αἰγυπτίων καὶ ἀνὰ μέσον τῆς παρεμβολῆς Ἰσραὴλ καὶ ἔστη · καὶ ἐγένετο σκότος καὶ γνόφος, καὶ διῆλθεν ἡ νύξ, καὶ οὐ συνέμιξαν ἀλλήλοις ὅλην τὴν νύκτα ·",,,,,,,,,,,,,,,,,,,,,,,
36683_mt,BW>[,MT,Exodus,14,22,JB>W,W JB>W BNJ JFR>L B TWK H JM B JBCH W H MJM LHM XMH M JMJNM W M FM>LM,,qal,wayq,W JB>W BNJ JFR>L B TWK H JM B JBCH,BNJ JFR>L,B TWK H JM,B TWK/ H JM/,in/through the midst of the sea,0.0,prep,topo,inanim,det,subs,complex,factive,B,,,,,,trajectory
36683_lxx,,LXX,Exodus,14,22,,"καὶ εἰσῆλθον οἱ υἱοὶ Ἰσραὴλ εἰς μέσον τῆς θαλάσσης κατὰ τὸ ξηρόν, καὶ τὸ ὕδωρ αὐτῆς τεῖχος ἐκ δεξιῶν καὶ τεῖχος ἐξ εὐωνύμων · E",,,,,,,,,,,,,,,,,,,,,,,
36707_mt,BW>[,MT,Exodus,14,23,JB>W,W JRDPW MYRJM W JB>W >XRJHM KL SWS PR<H RKBW W PRCJW >L TWK H JM,,qal,wayq,W JB>W >XRJHM KL SWS PR<H RKBW W PRCJW >L TWK H JM,KL SWS PR<H RKBW W PRCJW,>XRJHM,>XR/,after/behind them,0.0,prep,prps,anim,det,prsf,simple,factive,>XR/,,,,,,other
36707_mt,BW>[,MT,Exodus,14,23,JB>W,W JRDPW MYRJM W JB>W >XRJHM KL SWS PR<H RKBW W PRCJW >L TWK H JM,,qal,wayq,W JB>W >XRJHM KL SWS PR<H RKBW W PRCJW >L TWK H JM,KL SWS PR<H RKBW W PRCJW,>L TWK H JM,>L TWK/ H JM/,into the midst of the sea,0.0,prep,topo,inanim,det,subs,complex,factive,>L,,,,,,trajectory
36707_lxx,,LXX,Exodus,14,23,,"καὶ κατεδίωξαν οἱ Αἰγύπτιοι καὶ εἰσῆλθον ὀπίσω αὐτῶν, πᾶς ἵππος Φαραὼ καὶ τὰ ἅρματα καὶ οἱ ἀναβάται, εἰς μέσον τῆς θαλάσσης.",,,,,,,,,,,,,,,,,,,,,,,
36707_lxx,,LXX,Exodus,14,23,,"καὶ κατεδίωξαν οἱ Αἰγύπτιοι καὶ εἰσῆλθον ὀπίσω αὐτῶν, πᾶς ἵππος Φαραὼ καὶ τὰ ἅρματα καὶ οἱ ἀναβάται, εἰς μέσον τῆς θαλάσσης.",,,,,,,,,,,,,,,,,,,,,,,
36834_mt,BW>[,MT,Exodus,14,28,B>JM,W JCBW H MJM W JKSW >T H RKB W >T H PRCJM L KL XJL PR<H H B>JM >XRJHM B JM L> NC>R BHM <D >XD,,qal,ptca,H B>JM >XRJHM B JM,,>XRJHM,>XR/,after/behind them,0.0,prep,prps,anim,det,prsf,simple,factive,>XR/,,,,,,other
36834_mt,BW>[,MT,Exodus,14,28,B>JM,W JCBW H MJM W JKSW >T H RKB W >T H PRCJM L KL XJL PR<H H B>JM >XRJHM B JM L> NC>R BHM <D >XD,,qal,ptca,H B>JM >XRJHM B JM,,B JM,B H JM/,in the sea,0.0,prep,topo,inanim,det,subs,simple,factive,B,,,,locative in the database,,goal
36834_lxx,,LXX,Exodus,14,28,,"καὶ ἐπαναστραφὲν τὸ ὕδωρ ἐκάλυψε τὰ ἅρματα καὶ τοὺς ἀναβάτας καὶ πᾶσαν τὴν δύναμιν Φαραώ, τοὺς εἰσπορευομένους ὀπίσω αὐτῶν, εἰς τὴν θάλασσαν, καὶ οὐ κατελήφθη ἐξ αὐτῶν οὐ -δὲ εἷς.",,,,,,,,,,,,,,,,,,,,,,,
36834_lxx,,LXX,Exodus,14,28,,"καὶ ἐπαναστραφὲν τὸ ὕδωρ ἐκάλυψε τὰ ἅρματα καὶ τοὺς ἀναβάτας καὶ πᾶσαν τὴν δύναμιν Φαραώ, τοὺς εἰσπορευομένους ὀπίσω αὐτῶν, εἰς τὴν θάλασσαν, καὶ οὐ κατελήφθη ἐξ αὐτῶν οὐ -δὲ εἷς.",,,,,,,,,,,,,,,,,,,,,,,
37122_mt,BW>[,MT,Exodus,15,17,TB>MW,TB>MW W TV<MW B HR NXLTK MKWN L CBTK P<LT JHWH MQDC >DNJ KWNNW JDJK,,hif,impf,TB>MW,,no complement,no complement,,,,,,,,,,,,,,,,
37122_lxx,,LXX,Exodus,15,17,,"εἰσαγαγὼν καταφύτευσον αὐτοὺς εἰς ὄρος κληρονομίας σου, εἰς ἕτοιμον κατοικητήριόν σου, ὃ κατηρτίσω, Κύριε, ἁγίασμα, Κύριε, ὃ ἡτοίμασαν αἱ χεῖρές σου.",,,,,,,,,,,,,,,,,,,,,,,
37144_mt,BW>[,MT,Exodus,15,19,B>,KJ B> SWS PR<H B RKBW W B PRCJW B JM W JCB JHWH <LHM >T MJ H JM W BNJ JFR>L HLKW B JBCH B TWK H JM,,qal,perf,KJ B> SWS PR<H B RKBW W B PRCJW B JM,SWS PR<H,B JM,B H JM/,in the water,0.0,prep,topo,inanim,det,subs,simple,factive fictive,B,,,,water not a destination here,,goal
37144_lxx,,LXX,Exodus,15,19,,"ὅτι εἰσῆλθεν ἵππος Φαραὼ σὺν ἅρμασι καὶ ἀναβάταις εἰς θάλασσαν, καὶ ἐπήγαγεν ἐπ’ αὐτοὺς Κύριος τὸ ὕδωρ τῆς θαλάσσης · οἱ δὲ υἱοὶ Ἰσραὴλ ἐπορεύθησαν διὰ ξηρᾶς ἐν μέσῳ τῆς θαλάσσης.",,,,,,,,,,,,,,,,,,,,,,,
37239_mt,BW>[,MT,Exodus,15,23,JB>W,W JB>W MRTH W L> JKLW L CTT MJM M MRH KJ MRJM HM <L KN QR> CMH MRH,,qal,wayq,W JB>W MRTH,,MRTH,MRH=/,to Marah,1.0,dir-he,topo,inanim,det,nmpr,simple,factive,,,,,,,goal
37239_lxx,,LXX,Exodus,15,23,,"ἦλθον δὲ εἰς Μερρᾶ καὶ οὐκ ἠδύναντο πιεῖν ἐκ Μερρᾶς, πικρὸν γὰρ ἦν · διὰ τοῦτο ἐπωνόμασε τὸ ὄνομα τοῦ τόπου ἐκείνου Πικρία.",,,,,,,,,,,,,,,,,,,,,,,
37331_mt,BW>[,MT,Exodus,15,27,JB>W,W JB>W >JLMH W CM CTJM <FRH <JNT MJM W CB<JM TMRJM W JXNW CM <L H MJM,,qal,wayq,W JB>W >JLMH,,>JLMH,>JLM=/,to Elim,1.0,dir-he,topo,inanim,det,nmpr,simple,factive,,,,,,,goal
37331_lxx,,LXX,Exodus,15,27,,"καὶ ἤλθοσαν εἰς Αἰλείμ, καὶ ἦσαν ἐκεῖ δώδεκα πηγαὶ ὑδάτων καὶ ἑβδομήκοντα στελέχη φοινίκων · παρενέβαλον δὲ ἐκεῖ παρὰ τὰ ὕδατα.",,,,,,,,,,,,,,,,,,,,,,,
37353_mt,BW>[,MT,Exodus,16,1,JB>W,W JS<W M >JLM W JB>W KL <DT BNJ JFR>L >L MDBR SJN >CR BJN >JLM W BJN SJNJ B XMCH <FR JWM L XDC H CNJ L Y>TM M >RY MYRJM,,qal,wayq,W JB>W KL <DT BNJ JFR>L >L MDBR SJN B XMCH <FR JWM L XDC H CNJ,KL <DT BNJ JFR>L,>L MDBR SJN,>L MDBR/ SJN/,into the wilderness of Sin,0.0,prep,topo,inanim,det,subs,complex,factive,>L,,,,,,goal
37353_lxx,,LXX,Exodus,16,1,,"ἀπῆραν δὲ ἐξ Αἰλεὶμ καὶ ἤλθοσαν πᾶσα συναγωγὴ υἱῶν Ἰσραὴλ εἰς τὴν ἔρημον Σίν, ὅ ἐστιν ἀνὰ μέσον Αἰλεὶμ καὶ ἀνὰ μέσον Σινά. τῇ δὲ πεντεκαιδεκάτῃ ἡμέρᾳ τῷ μηνὶ τῷ δευτέρῳ ἐξεληλυθότων αὐτῶν ἐκ γῆς Αἰγύπτου,",,,,,,,,,,,,,,,,,,,,,,,
37480_mt,BW>[,MT,Exodus,16,5,JBJ>W,W HJH B JWM H CCJ W HKJNW >T >CR JBJ>W W HJH MCNH <L >CR JLQVW JWM JWM,,hif,impf,>T >CR JBJ>W,,no complement,no complement,,,,,,,,,,,,,,,,
37480_lxx,,LXX,Exodus,16,5,,"καὶ ἔσται ἐν τῇ ἡμέρᾳ τῇ ἕκτῃ καὶ ἑτοιμάσουσιν ὃ ἂν εἰσενέγκωσι, καὶ ἔσται διπλοῦν ὃ ἐὰν συναγάγωσι τὸ καθ’ ἡμέραν εἰς ἡμέραν.",,,,,,,,,,,,,,,,,,,,,,,
37837_mt,BW>[,MT,Exodus,16,22,JB>W,W JHJ B JWM H CCJ LQVW LXM MCNH CNJ H <MR L >XD W JB>W KL NFJ>J H <DH W JGJDW L MCH,,qal,wayq,W JB>W KL NFJ>J H <DH,KL NFJ>J H <DH,no complement,no complement,,,,,,,,,,,,,,,,
37837_lxx,,LXX,Exodus,16,22,,"ἐγένετο δὲ τῇ ἡμέρᾳ τῇ ἕκτῃ, συνέλεξαν τὰ δέοντα διπλᾶ, δύο γομὸρ τῷ ἑνί · εἰσήλθοσαν δὲ πάντες οἱ ἄρχοντες τῆς συναγωγῆς καὶ ἀνήγγειλαν Μωυσῇ ·",,,,,,,,,,,,,,,,,,,,,,,
38103_mt,BW>[,MT,Exodus,16,35,B>M,W BNJ JFR>L >KLW >T H MN >RB<JM CNH <D B>M >L >RY NWCBT >T H MN >KLW <D B>M >L QYH >RY KN<N,,qal,infc,<D B>M >L >RY NWCBT,,>L >RY NWCBT,>L >RY/ JCB[,to an inhabited land,0.0,prep,topo,inanim,und,subs,complex,factive,>L,,,,,,goal
38112_mt,BW>[,MT,Exodus,16,35,B>M,W BNJ JFR>L >KLW >T H MN >RB<JM CNH <D B>M >L >RY NWCBT >T H MN >KLW <D B>M >L QYH >RY KN<N,,qal,infc,<D B>M >L QYH >RY KN<N,,>L QYH >RY KN<N,>L QYH=/ >RY/ KN<N/,to the border of the land of Canaan,0.0,prep,topo,inanim,det,subs,complex,factive,>L,,,,,,goal
38103_lxx,,LXX,Exodus,16,35,,"οἱ δὲ υἱοὶ Ἰσραὴλ ἔφαγον τὸ μὰν ἔτη τεσσαράκοντα, ἕως ἦλθον εἰς γῆν οἰκουμένην · ἐφάγοσαν τὸ μάν, ἕως παρεγένοντο εἰς μέρος τῆς Φοινίκης.",,,,,,,,,,,,,,,,,,,,,,,
38112_lxx,,LXX,Exodus,16,35,,"οἱ δὲ υἱοὶ Ἰσραὴλ ἔφαγον τὸ μὰν ἔτη τεσσαράκοντα, ἕως ἦλθον εἰς γῆν οἰκουμένην · ἐφάγοσαν τὸ μάν, ἕως παρεγένοντο εἰς μέρος τῆς Φοινίκης.",,,,,,,,,,,,,,,,,,,,,,,
38311_mt,BW>[,MT,Exodus,17,8,JB>,W JB> <MLQ W JLXM <M JFR>L B RPJDM,,qal,wayq,W JB> <MLQ,<MLQ,no complement,no complement,,,,,,,,,,,,,,,,
38311_lxx,,LXX,Exodus,17,8,,ἦλθε δὲ Ἀμαλὴκ καὶ ἐπολέμει Ἰσραὴλ ἐν Ραφιδείν.,,,,,,,,,,,,,,,,,,,,,,,
38416_mt,BW>[,MT,Exodus,17,12,B>,W JDJ MCH KBDJM W JQXW >BN W JFJMW TXTJW W JCB <LJH W >HRN W XWR TMKW B JDJW M ZH >XD W M ZH >XD W JHJ JDJW >MWNH <D B> H CMC,,qal,infc,<D B> H CMC,H CMC,no complement,no complement,,,,,,,,,,,,,,,,
38416_lxx,,LXX,Exodus,17,12,,"αἱ δὲ χεῖρες Μωυσῆ βαρεῖαι · E καὶ λαβόντες λίθον ὑπέθηκαν ὑπ’ αὐτόν, καὶ ἐκάθητο ἐπ’ αὐτοῦ, καὶ Ἀαρὼν καὶ Ὢρ ἐστήριζον τὰς χεῖρας αὐτοῦ, ἐντεῦθεν εἷς καὶ ἐντεῦθεν εἷς · E καὶ ἐγένοντο αἱ χεῖρες Μωυσῆ ἐστηριγμέναι ἕως δυσμῶν ἡλίου.",,,,,,,,,,,,,,,,,,,,,,,
38548_mt,BW>[,MT,Exodus,18,5,JB>,W JB> JTRW XTN MCH W BNJW W >CTW >L MCH >L H MDBR >CR HW> XNH CM HR H >LHJM,,qal,wayq,W JB> JTRW XTN MCH W BNJW W >CTW >L MCH >L H MDBR,JTRW XTN MCH W BNJW W >CTW,>L MCH >L H MDBR,>L MCH=/ >L H MDBR/,to Moses into the wilderness,0.0,prep + prep,pers,anim,det,nmpr,complex,factive,>L,>L,,,,,goal
38548_lxx,,LXX,Exodus,18,5,,"καὶ ἐξῆλθεν Ἰοθὸρ ὁ γαμβρὸς Μωυσῆ καὶ οἱ υἱοὶ καὶ ἡ γυνὴ πρὸς Μωυσῆν εἰς τὴν ἔρημον, οὗ παρενέβαλεν ἐπ’ ὄρους τοῦ Θεοῦ.",,,,,,,,,,,,,,,,,,,,,,,
38575_mt,BW>[,MT,Exodus,18,6,B>,W J>MR >L MCH >NJ XTNK JTRW B> >LJK W >CTK W CNJ BNJH <MH,,qal,ptca,>NJ XTNK JTRW B> >LJK,>NJ XTNK JTRW,>LJK,>L,to you,0.0,prep,prps,anim,det,prsf,simple,factive,>LJK,,,,,,goal
38575_lxx,,LXX,Exodus,18,6,,"ἀνηγγέλη δὲ Μωυσῇ λέγοντες · ἰδοὺ ὁ γαμβρός σου Ἰοθὸρ παραγίνεται πρὸς σέ, καὶ ἡ γυνὴ καὶ οἱ δύο υἱοί σου μετ’ αὐτοῦ.",,,,,,,,,,,,,,,,,,,,,,,
38602_mt,BW>[,MT,Exodus,18,7,JB>W,W JY> MCH L QR>T XTNW W JCTXW W JCQ LW W JC>LW >JC L R<HW L CLWM W JB>W H >HLH,,qal,wayq,W JB>W H >HLH,,H >HLH,H >HL/,to the tent,1.0,dir-he,topo,inanim,det,subs,simple,factive,,,,,,,goal
38602_lxx,,LXX,Exodus,18,7,,"ἐξῆλθε δὲ Μωυσῆς εἰς συνάντησιν τῷ γαμβρῷ καὶ προσεκύνησεν αὐτῷ καὶ ἐφίλησεν αὐτόν, καὶ ἠσπάσαντο ἀλλήλους · καὶ εἰσήγαγεν αὐτοὺς εἰς τὴν σκηνήν.",,,,,,,,,,,,,,,,,,,,,,,
38703_mt,BW>[,MT,Exodus,18,12,JB>,W JQX JTRW XTN MCH <LH W ZBXJM L >LHJM W JB> >HRN W KL ZQNJ JFR>L L >KL LXM <M XTN MCH L PNJ H >LHJM,,qal,wayq,W JB> >HRN W KL ZQNJ JFR>L,>HRN W KL ZQNJ JFR>L,no complement,no complement,,,,,,,,,,,,,,,,
38703_lxx,,LXX,Exodus,18,12,,καὶ ἔλαβεν Ἰοθὸρ ὁ γαμβρὸς Μωυσῆ ὁλοκαυτώματα καὶ θυσίας τῷ Θεῷ · παρεγένετο δὲ Ἀαρὼν καὶ πάντες οἱ πρεσβύτεροι Ἰσραὴλ συμφαγεῖν ἄρτον μετὰ τοῦ γαμβροῦ Μωυσῆ ἐναντίον τοῦ Θεοῦ.,,,,,,,,,,,,,,,,,,,,,,,
38789_mt,BW>[,MT,Exodus,18,15,JB>,W J>MR MCH L XTNW KJ JB> >LJ H <M L DRC >LHJM,,qal,impf,KJ JB> >LJ H <M,H <M,>LJ,>L,to me,0.0,prep,prps,anim,det,prsf,simple,factive,>LJ,,,,,,goal
38789_lxx,,LXX,Exodus,18,15,,"καὶ λέγει Μωυσῆς τῷ γαμβρῷ, ὅτι παραγίνεται πρός με ὁ λαὸς ἐκζητῆσαι κρίσιν παρὰ τοῦ Θεοῦ.",,,,,,,,,,,,,,,,,,,,,,,
38800_mt,BW>[,MT,Exodus,18,16,B>,KJ JHJH LHM DBR B> >LJ W CPVTJ BJN >JC W BJN R<HW W HWD<TJ >T XQJ H >LHJM W >T TWRTJW,,qal,perf,B> >LJ,,>LJ,>L,to me,0.0,prep,prps,anim,det,prsf,simple,factive,>LJ,,,,,,goal
38800_lxx,,LXX,Exodus,18,16,,"ὅταν γὰρ γένηται αὐτοῖς ἀντιλογία καὶ ἔλθωσι πρός με, διακρίνω ἕκαστον καὶ συμβιβάζω αὐτοὺς τὰ προστάγματα τοῦ Θεοῦ καὶ τὸν νόμον αὐτοῦ.",,,,,,,,,,,,,,,,,,,,,,,
38869_mt,BW>[,MT,Exodus,18,19,HB>T,<TH CM< B QLJ >J<YK W JHJ >LHJM <MK HJH >TH L <M MWL H >LHJM W HB>T >TH >T H DBRJM >L H >LHJM,,hif,perf,W HB>T >TH >T H DBRJM >L H >LHJM,>TH,>L H >LHJM,>L H >LHJM/,to the God,0.0,prep,pers,anim,det,subs,simple,factive fictive,>L,,,,"bring the matters to God, actual motion?",,other
38869_lxx,,LXX,Exodus,18,19,,"νῦν οὖν ἄκουσόν μου καὶ συμβουλεύσω σοι, καὶ ἔσται ὁ Θεὸς μετὰ σοῦ. γίνου σὺ τῷ λαῷ τὰ πρὸς τὸν Θεὸν καὶ ἀνοίσεις τοὺς λόγους αὐτῶν πρὸς τὸν Θεόν,",,,,,,,,,,,,,,,,,,,,,,,
38943_mt,BW>[,MT,Exodus,18,22,JBJ>W,W CPVW >T H <M B KL <T W HJH KL H DBR H GDL JBJ>W >LJK W KL H DBR H QVN JCPVW HM W HQL M <LJK W NF>W >TK,,hif,impf,KL H DBR H GDL JBJ>W >LJK,,>LJK,>L,to you,0.0,prep,prps,anim,det,prsf,simple,fictive,>L,,,,bring the matters to you fictive motion,,other
38943_lxx,,LXX,Exodus,18,22,,"καὶ κρινοῦσι τὸν λαὸν πᾶσαν ὥραν · τὸ δὲ ρῆμα τὸ ὑπέρογκον ἀνοίσουσιν ἐπὶ σέ, τὰ δὲ βραχέα τῶν κριμάτων κρινοῦσιν αὐτοὶ καὶ κουφιοῦσιν ἀπὸ σοῦ καὶ συναντιλήψονταί σοι.",,,,,,,,,,,,,,,,,,,,,,,
38982_mt,BW>[,MT,Exodus,18,23,JB>,>M >T H DBR H ZH T<FH W YWK >LHJM W JKLT <MD W GM KL H <M H ZH <L MQMW JB> B CLWM,,qal,impf,W GM KL H <M H ZH <L MQMW JB> B CLWM,GM KL H <M H ZH,<L MQMW,<L MQWM/,to his/their place (of the people),0.0,prep,topo,inanim,det,subs,complex,factive fictive,<L,,,,all the people will go to their place / place as actual place or describing a status?,,goal
38982_lxx,,LXX,Exodus,18,23,,"ἐὰν τὸ ρῆμα τοῦτο ποιήσῃς, κατισχύσει σε ὁ Θεός, καὶ δυνήσῃ παραστῆναι, καὶ πᾶς ὁ λαὸς οὗτος εἰς τὸν ἑαυτοῦ τόπον μετ’ εἰρήνης ἥξει.",,,,,,,,,,,,,,,,,,,,,,,
39033_mt,BW>[,MT,Exodus,18,26,JBJ>WN,W CPVW >T H <M B KL <T >T H DBR H QCH JBJ>WN >L MCH W KL H DBR H QVN JCPWVW HM,,hif,impf,>T H DBR H QCH JBJ>WN >L MCH,,>L MCH,>L MCH=/,to Moses,0.0,prep,pers,anim,det,nmpr,simple,fictive,>L,,,,,,other
39033_lxx,,LXX,Exodus,18,26,,"καὶ ἐκρίνοσαν τὸν λαὸν πᾶσαν ὥραν · πᾶν δὲ ρῆμα ὑπέρογκον ἀνεφέροσαν ἐπὶ Μωυσῆν, πᾶν δὲ ρῆμα ἐλαφρὸν ἐκρίνοσαν αὐτοί.",,,,,,,,,,,,,,,,,,,,,,,
39071_mt,BW>[,MT,Exodus,19,1,B>W,B XDC H CLJCJ L Y>T BNJ JFR>L M >RY MYRJM B JWM H ZH B>W MDBR SJNJ,,qal,perf,B XDC H CLJCJ B JWM H ZH B>W MDBR SJNJ,,MDBR SJNJ,MDBR/ SJNJ=/,to the wilderness of Sinai,0.0,vc,topo,inanim,det,subs,complex,factive,,,,,,,goal
39071_lxx,,LXX,Exodus,19,1,,τοῦ δὲ μηνὸς τοῦ τρίτου τῆς ἐξόδου τῶν υἱῶν Ἰσραὴλ ἐκ γῆς Αἰγύπτου τῇ ἡμέρᾳ ταύτῃ ἤλθοσαν εἰς τὴν ἔρημον τοῦ Σινά.,,,,,,,,,,,,,,,,,,,,,,,
39079_mt,BW>[,MT,Exodus,19,2,JB>W,W JS<W M RPJDJM W JB>W MDBR SJNJ W JXNW B MDBR W JXN CM JFR>L NGD H HR,,qal,wayq,W JB>W MDBR SJNJ,,MDBR SJNJ,MDBR/ SJNJ=/,to the wilderness of Sinai,0.0,vc,topo,inanim,det,subs,complex,factive,,,,,,,goal
39079_lxx,,LXX,Exodus,19,2,,"καὶ ἀπῇραν ἐκ Ραφιδεὶν καὶ ἤλθοσαν εἰς τὴν ἔρημον τοῦ Σινά, καὶ παρενέβαλεν ἐκεῖ Ἰσραὴλ κατέναντι τοῦ ὄρους.",,,,,,,,,,,,,,,,,,,,,,,
39132_mt,BW>[,MT,Exodus,19,4,>B>,>TM R>JTM >CR <FJTJ L MYRJM W >F> >TKM <L KNPJ NCRJM W >B> >TKM >LJ,,hif,wayq,W >B> >TKM >LJ,,>LJ,>L,to me/to myself,0.0,prep,prps,anim,det,prsf,simple,factive fictive,>L,,,,,,goal
39132_lxx,,LXX,Exodus,19,4,,"αὐτοὶ ἑωράκατε ὅσα πεποίηκα τοῖς Αἰγυπτίοις, καὶ ἀνέλαβον ὑμᾶς ὡσεὶ ἐπὶ πτερύγων ἀετῶν καὶ προσηγαγόμην ὑμᾶς πρὸς ἐμαυτόν.",,,,,,,,,,,,,,,,,,,,,,,
39177_mt,BW>[,MT,Exodus,19,7,JB>,W JB> MCH W JQR> L ZQNJ H <M W JFM L PNJHM >T KL H DBRJM H >LH >CR YWHW JHWH,,qal,wayq,W JB> MCH,MCH,no complement,no complement,,,,,,,,,,,,,,,,
39177_lxx,,LXX,Exodus,19,7,,"ἦλθε δὲ Μωυσῆς καὶ ἐκάλεσε τοὺς πρεσβυτέρους τοῦ λαοῦ καὶ παρέθηκεν αὐτοῖς πάντας τοὺς λόγους τούτους, οὓς συνέταξεν αὐτῷ ὁ Θεός.",,,,,,,,,,,,,,,,,,,,,,,
39227_mt,BW>[,MT,Exodus,19,9,B>,W J>MR JHWH >L MCH HNH >NKJ B> >LJK B <B H <NN B <BWR JCM< H <M B DBRJ <MK W GM BK J>MJNW L <WLM W JGD MCH >T DBRJ H <M >L JHWH,,qal,ptca,HNH >NKJ B> >LJK B <B H <NN,>NKJ,>LJK,>L,to you,0.0,prep,prps,anim,det,prsf,simple,factive,>L,,,,,,goal
39227_lxx,,LXX,Exodus,19,9,,"εἶπε δὲ Κύριος πρὸς Μωυσῆν · ἰδοὺ ἐγὼ παραγίνομαι πρὸς σὲ ἐν στύλῳ νεφέλης, ἵνα ἀκούσῃ ὁ λαὸς λαλοῦντός μου πρὸς σὲ καὶ σοὶ πιστεύσωσιν εἰς τὸν αἰῶνα. ἀνήγγειλε δὲ Μωυσῆς τὰ ρήματα τοῦ λαοῦ πρὸς Κύριον.",,,,,,,,,,,,,,,,,,,,,,,
39901_mt,BW>[,MT,Exodus,20,20,B>,W J>MR MCH >L H <M >L TJR>W KJ L B <BWR NSWT >TKM B> H >LHJM W B <BWR THJH JR>TW <L PNJKM L BLTJ TXV>W,,qal,perf,KJ B> H >LHJM,H >LHJM,no complement,no complement,,,,,,,,,,,,,,,,
39901_lxx,,LXX,Exodus,20,20,,"καὶ λέγει αὐτοῖς Μωυσῆς · θαρσεῖτε, ἕνεκεν γὰρ τοῦ πειράσαι ὑμᾶς παρεγενήθη ὁ Θεὸς πρὸς ὑμᾶς, ὅπως ἂν γένηται ὁ φόβος αὐτοῦ ἐν ὑμῖν, ἵνα μὴ ἁμαρτάνητε.",,,,,,,,,,,,,,,,,,,,,,,
39984_mt,BW>[,MT,Exodus,20,24,>BW>,MZBX >DMH T<FH LJ W ZBXT <LJW >T <LTJK W >T CLMJK >T Y>NK W >T BQRK B KL H MQWM >CR >ZKJR >T CMJ >BW> >LJK W BRKTJK,,qal,impf,B KL H MQWM >BW> >LJK,,>LJK,>L,to you,0.0,prep,prps,anim,det,prsf,simple,factive fictive,>L,,,,"God says to Moses ""I will come to you"", factive or fictive?",,goal
39984_lxx,,LXX,Exodus,20,24,,"θυσιαστήριον ἐκ γῆς ποιήσετέ μοι καὶ θύσετε ἐπ’ αὐτοῦ τὰ ὁλοκαυτώματα ὑμῶν καὶ τὰ σωτήρια ὑμῶν καὶ τὰ πρόβατα καὶ τοὺς μόσχους ὑμῶν ἐν παντὶ τόπῳ, οὗ ἐὰν ἐπονομάσω τὸ ὄνομά μου ἐκεῖ, καὶ ἥξω πρὸς σὲ καὶ εὐλογήσω σε.",,,,,,,,,,,,,,,,,,,,,,,
40043_mt,BW>[,MT,Exodus,21,3,JB>,>M B GPW JB> B GPW JY> >M B<L >CH HW> W JY>H >CTW <MW,,qal,impf,>M B GPW JB>,,no complement,no complement,,,,,,,,,,,,,,,,
40043_lxx,,LXX,Exodus,21,3,,"ἐὰν αὐτὸς μόνος εἰσέλθῃ, καὶ μόνος ἐξελεύσεται · ἐὰν δὲ γυνὴ συνεισέλθῃ μετ’ αὐτοῦ, ἐξελεύσεται καὶ ἡ γυνὴ αὐτοῦ.",,,,,,,,,,,,,,,,,,,,,,,
40767_mt,BW>[,MT,Exodus,22,8,JB>,<L KL DBR PC< <L CWR <L XMWR <L FH <L FLMH <L KL >BDH >CR J>MR KJ HW> ZH <D H >LHJM JB> DBR CNJHM >CR JRCJ<N >LHJM JCLM CNJM L R<HW,,qal,impf,<L KL DBR PC< <L CWR <L XMWR <L FH <L FLMH <L KL >BDH <D H >LHJM JB> DBR CNJHM,DBR CNJHM,<D H >LHJM,<D H >LHJM/,to (the) God,0.0,prep,pers,anim,det,subs,simple,factive fictive,<D,,,,come to God?,,other
40767_lxx,,LXX,Exodus,22,8,,"ἐὰν δὲ μὴ εὑρεθῇ ὁ κλέψας, προσελεύσεται ὁ κύριος τῆς οἰκίας ἐνώπιον τοῦ Θεοῦ καὶ ὀμεῖται ἦ μὴν μὴ αὐτὸν πεπονηρεῦσθαι ἐφ’ ὅλης τῆς παρακαταθήκης τοῦ πλησίον.",,,,,,,,,,,,,,,,,,,,,,,
40830_mt,BW>[,MT,Exodus,22,12,JB>HW,>M VRP JVRP JB>HW <D H VRPH L> JCLM,,hif,impf,JB>HW <D,,no complement,no complement,,,,,,,,,,,,,,,,
40830_lxx,,LXX,Exodus,22,12,,"ἐὰν δὲ κλαπῇ παρ’ αὐτοῦ, ἀποτίσει τῷ κυρίῳ.",,,,,,,,,,,,,,,,,,,,,,,
40860_mt,BW>[,MT,Exodus,22,14,B>,>M B<LJW <MW L> JCLM >M FKJR HW> B> B FKRW,,qal,perf,B> B FKRW,,B FKRW,B FKR/,for (to) its wages,0.0,prep,other,inanim,det,subs,complex,factive fictive,B,,,,"come for its wages, curious as a complement",,other
40860_lxx,,LXX,Exodus,22,14,,"ἐὰν δὲ αἰτήσῃ τις παρὰ τοῦ πλησίον, καὶ συντριβῇ ἢ ἀποθάνῃ ἢ αἰχμάλωτον γένηται, ὁ δὲ κύριος μὴ ᾖ μετ’ αὐτοῦ, ἀποτίσει ·",,,,,,,,,,,,,,,,,,,,,,,
40982_mt,BW>[,MT,Exodus,22,25,B>,>M XBL TXBL FLMT R<K <D B> H CMC TCJBNW LW,,qal,infc,<D B> H CMC,H CMC,no complement,no complement,,,,,,,,,,,,,,,,
40982_lxx,,LXX,Exodus,22,25,,"ἐὰν δὲ ἀργύριον ἐκδανείσῃς τῷ ἀδελφῷ τῷ πενιχρῷ παρὰ σοί, οὐκ ἔσῃ αὐτὸν κατεπείγων, οὐκ ἐπιθήσεις αὐτῷ τόκον.",,,,,,,,,,,,,,,,,,,,,,,
41335_mt,BW>[,MT,Exodus,23,19,TBJ>,R>CJT BKWRJ >DMTK TBJ> BJT JHWH >LHJK L> TBCL GDJ B XLB >MW,,hif,impf,R>CJT BKWRJ >DMTK TBJ> BJT JHWH >LHJK,,BJT JHWH >LHJK,BJT/ JHWH/ >LHJM/,in the house of Yahweh your God,0.0,vc,topo,inanim,det,subs,complex,factive,,,,,,,goal
41335_lxx,,LXX,Exodus,23,19,,τὰς ἀπαρχὰς τῶν πρωτογεννημάτων τῆς γῆς σου εἰσοίσεις εἰς τὸν οἶκον Κυρίου τοῦ Θεοῦ σου. οὐχ ἑψήσεις ἄρνα ἐν γάλακτι μητρὸς αὐτοῦ.,,,,,,,,,,,,,,,,,,,,,,,
41358_mt,BW>[,MT,Exodus,23,20,HBJ>K,HNH >NKJ CLX ML>K L PNJK L CMRK B DRK W L HBJ>K >L H MQWM >CR HKNTJ,,hif,infc,W L HBJ>K >L H MQWM,,>L H MQWM,>L H MQWM/,to the place,0.0,prep,topo,inanim,det,subs,simple,factive,>L,,,,,,goal
41358_lxx,,LXX,Exodus,23,20,,"καὶ ἰδοὺ ἐγὼ ἀποστέλλω τὸν ἄγγελόν μου πρὸ προσώπου σου, ἵνα φυλάξῃ σε ἐν τῇ ὁδῷ, ὅπως εἰσαγάγῃ σε εἰς τὴν γῆν, ἣν ἡτοίμασά σοι.",,,,,,,,,,,,,,,,,,,,,,,
41408_mt,BW>[,MT,Exodus,23,23,HBJ>K,KJ JLK ML>KJ L PNJK W HBJ>K >L H >MRJ W H XTJ W H PRZJ W H KN<NJ H XWJ W H JBWSJ W HKXDTJW,,hif,perf,W HBJ>K >L H >MRJ W H XTJ W H PRZJ W H KN<NJ H XWJ W H JBWSJ,,>L H >MRJ W H XTJ W H PRZJ W H KN<NJ H XWJ W H JBWSJ,>L H >MRJ/ W H XTJ/ W H PRZJ/ W H KN<NJ/ H XWJ/ W H JBWSJ/,to the Amorites and the Hittites and the Perizzites and the Canaanites the Hivites and the Jebusites,0.0,prep,gens,anim,det,nmpr,complex,factive,>L,,,,,,goal
41408_lxx,,LXX,Exodus,23,23,,"πορεύσεται γὰρ ὁ ἄγγελός μου ἡγούμενός σου καὶ εἰσάξει σε πρὸς τὸν Ἀμορραῖον καὶ Χετταῖον καὶ Φερεζαῖον καὶ Χαναναῖον καὶ Γεργεσαῖον καὶ Εὐαῖον καὶ Ἰεβουσαῖον, καὶ ἐκτρίψω αὐτούς.",,,,,,,,,,,,,,,,,,,,,,,
41487_mt,BW>[,MT,Exodus,23,27,TB>,>T >JMTJ >CLX L PNJK W HMTJ >T KL H <M >CR TB> BHM W NTTJ >T KL >JBJK >LJK <RP,,qal,impf,>CR TB> BHM,,BHM,B,against them,0.0,prep,prps,anim,det,prsf,simple,factive,B,,,,"B with the sense against, ",,other
41487_lxx,,LXX,Exodus,23,27,,"καὶ τὸν φόβον ἀποστελῶ ἡγούμενόν σου καὶ ἐκστήσω πάντα τά ἔθνη, εἰς οὓς σὺ εἰσπορεύῃ εἰς αὐτούς, καὶ δώσω πάντας τούς ὑπεναντίους σου φυγάδας.",,,,,,,,,,,,,,,,,,,,,,,
41642_mt,BW>[,MT,Exodus,24,3,JB>,W JB> MCH W JSPR L <M >T KL DBRJ JHWH W >T KL H MCPVJM W J<N KL H <M QWL >XD W J>MRW KL H DBRJM >CR DBR JHWH N<FH,,qal,wayq,W JB> MCH,MCH,no complement,no complement,,,,,,,,,,,,,,,,
41642_lxx,,LXX,Exodus,24,3,,"εἰσῆλθε δὲ Μωυσῆς καὶ διηγήσατο τῷ λαῷ πάντα τὰ ρήματα τοῦ Θεοῦ καὶ τὰ δικαιώματα · ἀπεκρίθη δὲ πᾶς ὁ λαὸς φωνῇ μιᾷ λέγοντες · πάντας τοὺς λόγους, οὓς ἐλάλησε Κύριος, ποιήσομεν καὶ ἀκουσόμεθα.",,,,,,,,,,,,,,,,,,,,,,,
41954_mt,BW>[,MT,Exodus,24,18,JB>,W JB> MCH B TWK H <NN W J<L >L H HR W JHJ MCH B HR >RB<JM JWM W >RB<JM LJLH,,qal,wayq,W JB> MCH B TWK H <NN,MCH,B TWK H <NN,B TWK/ H <NN/,in the midst of the cloud,0.0,prep,phen,inanim,det,subs,complex,factive,B,,,,,,goal
41954_lxx,,LXX,Exodus,24,18,,καὶ εἰσῆλθε Μωυσῆς εἰς τὸ μέσον τῆς νεφέλης καὶ ἀνέβη εἰς τὸ ὄρος καὶ ἦν ἐκεῖ ἐν τῷ ὄρει τεσσαράκοντα ἡμέρας καὶ τεσσαράκοντα νύκτας.,,,,,,,,,,,,,,,,,,,,,,,
42158_mt,BW>[,MT,Exodus,25,14,HB>T,W HB>T >T H BDJM B VB<T <L YL<T H >RN L F>T >T H >RN BHM,,hif,perf,W HB>T >T H BDJM B VB<T <L YL<T H >RN,,B VB<T <L YL<T H >RN,B H VB<T/ <L YL</ H >RWN/,in the rings on the sides of the ark,0.0,prep + prep,obj,inanim,det,subs,complex,factive fictive,B,<L,,,"put the poles into the rings etc, not horizontal motion?",,other
42158_lxx,,LXX,Exodus,25,14,,ἐν τοῖς δακτυλίοις τῆς κιβωτοῦ ἔσονται οἱ ἀναφορεῖς ἀκίνητοι.,,,,,,,,,,,,,,,,,,,,,,,
42846_mt,BW>[,MT,Exodus,26,11,HB>T,W <FJT QRSJ NXCT XMCJM W HB>T >T H QRSJM B LL>T W XBRT >T H >HL W HJH >XD,,hif,perf,W HB>T >T H QRSJM B LL>T,,B LL>T,B H LL>T/,into the loops,0.0,prep,obj,inanim,det,subs,simple,factive fictive,B,,,,"put something / make something go into something, motion?",,other
42846_lxx,,LXX,Exodus,26,11,,"καὶ ποιήσεις κρίκους χαλκοῦς πεντήκοντα. καὶ συνάψεις τοὺς κρίκους ἐκ τῶν ἀγκυλῶν, καὶ συνάψεις τὰς δέρρεις, καὶ ἔσται ἕν.",,,,,,,,,,,,,,,,,,,,,,,
43242_mt,BW>[,MT,Exodus,26,33,HB>T,W NTTH >T H PRKT TXT H QRSJM W HB>T CMH M BJT L PRKT >T >RWN H <DWT W HBDJLH H PRKT LKM BJN H QDC W BJN QDC H QDCJM,,hif,perf,W HB>T CMH M BJT L PRKT >T >RWN H <DWT,,CMH,CM,there,1.0,dir-he,adv,inanim,det,adv,simple,factive,,,,,,,goal
43242_lxx,,LXX,Exodus,26,33,,καὶ θήσεις τὸ καταπέτασμα ἐπὶ τῶν στύλων. καὶ εἰσοίσεις ἐκεῖ ἐσώτερον τοῦ καταπετάσματος τὴν κιβωτὸν τοῦ μαρτυρίου. καὶ διοριεῖ τό καταπέτασμα ὑμῖν ἀνὰ μέσον τοῦ ἁγίου καὶ ἀνὰ μέσον τοῦ ἁγίου τῶν ἁγίων.,,,,,,,,,,,,,,,,,,,,,,,
43449_mt,BW>[,MT,Exodus,27,7,HWB>,W HWB> >T BDJW B VB<T W HJW H BDJM <L CTJ YL<T H MZBX B F>T >TW,,hof,perf,W HWB> >T BDJW B VB<T,>T BDJW,B VB<T,B H VB<T/,into the rings,0.0,prep,obj,inanim,det,subs,simple,factive fictive,B,,,,put something into something,,other
43449_lxx,,LXX,Exodus,27,7,,"καὶ εἰσάξεις τοὺς ἀναφορεῖς εἰς τοὺς δακτυλίους, καὶ ἔστωσαν ἀναφορεῖς κατὰ πλευρὰ τοῦ θυσιαστηρίου ἐν τῷ αἴρειν αὐτό.",,,,,,,,,,,,,,,,,,,,,,,
44243_mt,BW>[,MT,Exodus,28,29,B>W,W NF> >HRN >T CMWT BNJ JFR>L B XCN H MCPV <L LBW B B>W >L H QDC L ZKRN L PNJ JHWH TMJD,,qal,infc,B B>W >L H QDC,,>L H QDC,>L H QDC/,into the Holy Place,0.0,prep,topo,inanim,det,subs,simple,factive,>L,,,,,,goal
44243_lxx,,LXX,Exodus,28,29,,"καὶ ποιήσεις ἐπὶ τὸ λῶμα τοῦ ὑποδύτου κάτωθεν, ὡσεὶ ἐξανθούσης ρόας ροΐσκους ἐξ ὑακίνθου καὶ πορφύρας καὶ κοκκίνου διανενησμένου καὶ βύσσου κεκλωσμένης ἐπί τοῦ λώματος τοῦ ὑποδύτου κύκλῳ · τὸ αὐτὸ εἶδος ροΐσκους χρυσοῦς καὶ κώδωνας ἀναμέσον τούτων περικύκλῳ · E",,,,,,,,,,,,,,,,,,,,,,,
44272_mt,BW>[,MT,Exodus,28,30,B>W,W NTT >L XCN H MCPV >T H >WRJM W >T H TMJM W HJW <L LB >HRN B B>W L PNJ JHWH W NF> >HRN >T MCPV BNJ JFR>L <L LBW L PNJ JHWH TMJD,,qal,infc,B B>W L PNJ JHWH,,L PNJ JHWH,L PNH/ JHWH/,from the presence of Yahweh,0.0,prep,other,inanim,det,subs,complex,factive,L,,,,,,goal
44272_lxx,,LXX,Exodus,28,30,,παρὰ ροΐσκον χρυσοῦν κώδωνα καὶ ἄνθινον ἐπὶ τοῦ λώματος τοῦ ὑποδύτου κύκλῳ. E,,,,,,,,,,,,,,,,,,,,,,,
44360_mt,BW>[,MT,Exodus,28,35,B>W,W HJH <L >HRN L CRT W NCM< QWLW B B>W >L H QDC L PNJ JHWH W B Y>TW W L> JMWT,,qal,infc,B B>W >L H QDC L PNJ JHWH,,>L H QDC,>L H QDC/,into the Holy Place,0.0,prep,topo,inanim,det,subs,simple,factive,>L,,,,,,goal
44360_lxx,,LXX,Exodus,28,35,,"καὶ οἱ κοσυμβωτοὶ τῶν χιτώνων ἐκ βύσσου · E καὶ ποιήσεις κίδαριν βυσσίνην καὶ ζώνην ποιήσεις, ἔργον ποικιλτοῦ.",,,,,,,,,,,,,,,,,,,,,,,
44513_mt,BW>[,MT,Exodus,28,43,B>M,W HJW <L >HRN W <L BNJW B B>M >L >HL MW<D >W B GCTM >L H MZBX L CRT B QDC W L> JF>W <WN W MTW XQT <WLM LW W L ZR<W >XRJW,,qal,infc,B B>M >L >HL MW<D,,>L >HL MW<D,>L >HL/ MW<D/,into the tent of the assembly,0.0,prep,topo,inanim,det,subs,complex,factive,>L,,,,,,goal
45211_mt,BW>[,MT,Exodus,29,30,JB>,CB<T JMJM JLBCM H KHN TXTJW M BNJW >CR JB> >L >HL MW<D L CRT B QDC,,qal,impf,>CR JB> >L >HL MW<D,,>L >HL MW<D,>L >HL/ MW<D/,to the tent of the assembly,0.0,prep,topo,inanim,det,subs,complex,factive,>L,,,,,,goal
45211_lxx,,LXX,Exodus,29,30,,"ἑπτὰ ἡμέρας ἐνδύσεται αὐτὰ ὁ ἱερεὺς ὁ ἀντ’ αὐτοῦ ἐκ τῶν υἱῶν αὐτοῦ, ὃς εἰσελεύσεται εἰς τὴν σκηνὴν τοῦ μαρτυρίου λειτουργεῖν ἐν τοῖς ἁγίοις.",,,,,,,,,,,,,,,,,,,,,,,
45868_mt,BW>[,MT,Exodus,30,20,B>M,B B>M >L >HL MW<D JRXYW MJM W L> JMTW >W B GCTM >L H MZBX L CRT L HQVJR >CH L JHWH,,qal,infc,B B>M >L >HL MW<D,,>L >HL MW<D,>L >HL/ MW<D/,into the tent of the assembly,0.0,prep,topo,inanim,det,subs,complex,factive,>L,,,,,,goal
45868_lxx,,LXX,Exodus,30,20,,"ὅταν εἰσπορεύωνται εἰς τὴν σκηνὴν τοῦ μαρτυρίου, νίψονται ὕδατι καὶ οὐ μὴ ἀποθάνωσιν · ἢ ὅταν προσπορεύωνται πρὸς τὸ θυσιαστήριον λειτουργεῖν καὶ ἀναφέρειν τὰ ὁλοκαυτώματα Κυρίῳ,",,,,,,,,,,,,,,,,,,,,,,,
46565_mt,BW>[,MT,Exodus,32,2,HBJ>W,W J>MR >LHM >HRN PRQW NZMJ H ZHB >CR B >ZNJ NCJKM BNJKM W BNTJKM W HBJ>W >LJ,,hif,impv,W HBJ>W >LJ,,>LJ,>L,to me (Aaron),0.0,prep,prps,anim,det,prsf,simple,factive,>L,,,,,,goal
46565_lxx,,LXX,Exodus,32,2,,καὶ λέγει αὐτοῖς Ἀαρών · περιέλεσθε τὰ ἐνώτια τὰ χρυσὰ τὰ ἐκ τοῖς ὠσὶ τῶν γυναικῶν ὑμῶν καὶ θυγατέρων καὶ ἐνέγκατε πρός με.,,,,,,,,,,,,,,,,,,,,,,,
46580_mt,BW>[,MT,Exodus,32,3,JBJ>W,W JTPRQW KL H <M >T NZMJ H ZHB >CR B >ZNJHM W JBJ>W >L >HRN,,hif,wayq,W JBJ>W >L >HRN,,>L >HRN,>L >HRN/,to Aaron,0.0,prep,pers,anim,det,nmpr,simple,factive,>L,,,,,,goal
46580_lxx,,LXX,Exodus,32,3,,καὶ περιείλαντο πᾶς ὁ λαὸς τὰ ἐνώτια τὰ χρυσᾶ τὰ ἐν τοῖς ὠσὶν αὐτῶν καὶ ἤνεγκαν πρὸς Ἀαρών.,,,,,,,,,,,,,,,,,,,,,,,
46980_mt,BW>[,MT,Exodus,32,21,HB>T,W J>MR MCH >L >HRN MH <FH LK H <M H ZH KJ HB>T <LJW XV>H GDLH,,hif,perf,KJ HB>T <LJW XV>H GDLH,,<LJW,<L,upon them (this people),0.0,prep,prps,anim,det,prsf,simple,factive fictive,<L,,,,have brought sin upon them fictive but not horizontal?,,goal/recipient
46980_lxx,,LXX,Exodus,32,21,,"καὶ εἶπε Μωυσῆς τῷ Ἀαρών · τί ἐποίησέ σοι ὁ λαὸς οὗτος, ὅτι ἐπήγαγες ἐπ’ αὐτοὺς ἁμαρτίαν μεγάλην;",,,,,,,,,,,,,,,,,,,,,,,
47467_mt,BW>[,MT,Exodus,33,8,B>W,W HJH K Y>T MCH >L H >HL JQWMW KL H <M W NYBW >JC PTX >HLW W HBJVW >XRJ MCH <D B>W H >HLH,,qal,infc,<D B>W H >HLH,,H >HLH,H >HL/,in the tent,1.0,dir-he,topo,inanim,det,subs,simple,factive,,,,,,,goal
47467_lxx,,LXX,Exodus,33,8,,"ἡνίκα δ’ ἂν εἰσεπορεύετο Μωυσῆς εἰς τὴν σκηνὴν ἔξω τῆς παρεμβολῆς, εἱστήκει πᾶς ὁ λαὸς σκοπεύοντες ἕκαστος παρὰ τὰς θύρας τῆς σκηνῆς αὐτοῦ καὶ κατενοοῦσαν ἀπιόντος Μωυσῆ ἕως τοῦ εἰσελθεῖν αὐτὸν εἰς τὴν σκηνήν.",,,,,,,,,,,,,,,,,,,,,,,
47473_mt,BW>[,MT,Exodus,33,9,B>,W HJH K B> MCH H >HLH JRD <MWD H <NN W <MD PTX H >HL W DBR <M MCH,,qal,infc,K B> MCH H >HLH,MCH,H >HLH,H >HL/,in the tent,1.0,dir-he,topo,inanim,det,subs,simple,factive,,,,,,,goal
47473_lxx,,LXX,Exodus,33,9,,"ὡς δ’ ἂν εἰσῆλθε Μωυσῆς εἰς τὴν σκηνήν, κατέβαινεν ὁ στῦλος τῆς νεφέλης, καὶ ἵστατο ἐπὶ τὴν θύραν τῆς σκηνῆς, καὶ ἐλάλει Μωυσῇ ·",,,,,,,,,,,,,,,,,,,,,,,
48059_mt,BW>[,MT,Exodus,34,12,B>,HCMR LK PN TKRT BRJT L JWCB H >RY >CR >TH B> <LJH PN JHJH L MWQC B QRBK,,qal,ptca,>CR >TH B> <LJH,>TH,<LJH,<L,on it (the land),0.0,prep,prps,inanim,det,prsf,simple,factive,<L,,,,,,location
48059_lxx,,LXX,Exodus,34,12,,"πρόσεχε σεαυτῷ, μή ποτε θῇς διαθήκην τοῖς ἐγκαθημένοις ἐπὶ τῆς γῆς, εἰς ἣν εἰσπορεύῃ εἰς αὐτήν, μή σοι γένηται πρόσκομμα ἐν ὑμῖν.",,,,,,,,,,,,,,,,,,,,,,,
48288_mt,BW>[,MT,Exodus,34,26,TBJ>,R>CJT BKWRJ >DMTK TBJ> BJT JHWH >LHJK L> TBCL GDJ B XLB >MW,,hif,impf,R>CJT BKWRJ >DMTK TBJ> BJT JHWH >LHJK,,BJT JHWH >LHJK,BJT/ JHWH/ >LHJM/,to the house of God,0.0,vc,topo,inanim,det,subs,complex,factive,,,,,,,goal
48288_lxx,,LXX,Exodus,34,26,,τὰ πρωτογεννήματα τῆς γῆς σου θήσεις εἰς τὸν οἶκον Κυρίου τοῦ Θεοῦ σου. οὐχ ἑψήσεις ἄρνα ἐν γάλακτι μητρὸς αὐτοῦ.,,,,,,,,,,,,,,,,,,,,,,,
48453_mt,BW>[,MT,Exodus,34,34,B>,W B B> MCH L PNJ JHWH L DBR >TW JSJR >T H MSWH <D Y>TW W JY> W DBR >L BNJ JFR>L >T >CR JYWH,,qal,infc,B B> MCH L PNJ JHWH,MCH,L PNJ JHWH,L PNH/ JHWH/,before / in front of Yahweh,0.0,prep,other,inanim,det,subs,complex,factive,L,,,,,,goal
48453_lxx,,LXX,Exodus,34,34,,"ἡνίκα δ’ ἂν εἰσεπορεύετο Μωυσῆς ἔναντι Κυρίου λαλεῖν αὐτῷ, περιῃρεῖτο τὸ κάλυμμα ἕως τοῦ ἐκπορεύεσθαι. καὶ ἐξελθὼν ἐλάλει πᾶσι τοῖς υἱοῖς Ἰσραὴλ ὅσα ἐνετείλατο αὐτῷ Κύριος,",,,,,,,,,,,,,,,,,,,,,,,
48498_mt,BW>[,MT,Exodus,34,35,B>W,W R>W BNJ JFR>L >T PNJ MCH KJ QRN <WR PNJ MCH W HCJB MCH >T H MSWH <L PNJW <D B>W L DBR >TW,,qal,infc,<D B>W,,no complement,no complement,,,,,,,,,,,,,,,,
48498_lxx,,LXX,Exodus,34,35,,"καὶ εἶδον οἱ υἱοὶ Ἰσραὴλ τὸ πρόσωπον Μωυσέως ὅτι δεδόξασται, καὶ περιέθηκε Μωυσῆς κάλυμμα ἐπὶ τὸ πρόσωπον ἑαυτοῦ, ἕως ἂν εἰσέλθῃ συλλαλεῖν αὐτῷ.",,,,,,,,,,,,,,,,,,,,,,,
48582_mt,BW>[,MT,Exodus,35,5,JBJ>H,QXW M >TKM TRWMH L JHWH KL NDJB LBW JBJ>H >T TRWMT JHWH ZHB W KSP W NXCT,,hif,impf,KL NDJB LBW JBJ>H >T TRWMT JHWH ZHB W KSP W NXCT,KL NDJB LBW,no complement,no complement,,,,,,,,,,,,,,,,
48582_lxx,,LXX,Exodus,35,5,,"λάβετε παρ’ ὑμῶν αὐτῶν ἀφαίρεμα Κυρίῳ · πᾶς ὁ καταδεχόμενος τῇ καρδίᾳ οἴσουσι τὰς ἀπαρχὰς Κυρίῳ, χρυσίον, ἀργύριον, χαλκόν,",,,,,,,,,,,,,,,,,,,,,,,
48646_mt,BW>[,MT,Exodus,35,10,JB>W,W KL XKM LB BKM JB>W W J<FW >T KL >CR YWH JHWH,,qal,impf,W KL XKM LB BKM JB>W,KL XKM LB BKM,no complement,no complement,,,,,,,,,,,,,,,,
48646_lxx,,LXX,Exodus,35,10,,τὴν σκηνὴν καὶ τὰ παραρύματα καὶ τὰ κατακαλύμματα καὶ τά διατόνια καὶ τοὺς μοχλοὺς καὶ τοὺς στύλους,,,,,,,,,,,,,,,,,,,,,,,
48830_mt,BW>[,MT,Exodus,35,21,JB>W,W JB>W KL >JC >CR NF>W LBW W KL >CR NDBH RWXW >TW HBJ>W >T TRWMT JHWH L ML>KT >HL MW<D W L KL <BDTW W L BGDJ H QDC,,qal,wayq,W JB>W KL >JC,KL >JC,no complement,no complement,,,,,,,,,,,,,,,,
48842_mt,BW>[,MT,Exodus,35,21,HBJ>W,W JB>W KL >JC >CR NF>W LBW W KL >CR NDBH RWXW >TW HBJ>W >T TRWMT JHWH L ML>KT >HL MW<D W L KL <BDTW W L BGDJ H QDC,,hif,perf,W KL HBJ>W >T TRWMT JHWH L ML>KT >HL MW<D W L KL <BDTW W L BGDJ H QDC,KL,L ML>KT >HL MW<D W L KL <BDTW W L BGDJ H QDC,L ML>KT/ >HL/ MW<D/ W L KL/ <BDH/ W L BGD/ H QDC/,for the work of the tent of meeting and for all its service and for the holy garments,0.0,prep + prep + prep,other,inanim,det,subs,complex,factive fictive,L,L,L,,"no a destination, motion?",,other
48830_lxx,,LXX,Exodus,35,21,,"καὶ ἤνεγκαν ἕκαστος, ὧν ἔφερεν ἡ καρδία αὐτῶν, καὶ ὅσοις ἔδοξε τῇ ψυχῇ αὐτῶν, ἤνεγκαν ἀφαίρεμα Κυρίῳ εἰς πάντα τὰ ἔργα τῆς σκηνῆς τοῦ μαρτυρίου καὶ εἰς πάντα τὰ κάτεργα αὐτῆς, καὶ εἰς πάσας τὰς στολὰς τοῦ ἁγίου.",,,,,,,,,,,,,,,,,,,,,,,
48842_lxx,,LXX,Exodus,35,21,,"καὶ ἤνεγκαν ἕκαστος, ὧν ἔφερεν ἡ καρδία αὐτῶν, καὶ ὅσοις ἔδοξε τῇ ψυχῇ αὐτῶν, ἤνεγκαν ἀφαίρεμα Κυρίῳ εἰς πάντα τὰ ἔργα τῆς σκηνῆς τοῦ μαρτυρίου καὶ εἰς πάντα τὰ κάτεργα αὐτῆς, καὶ εἰς πάσας τὰς στολὰς τοῦ ἁγίου.",,,,,,,,,,,,,,,,,,,,,,,
48860_mt,BW>[,MT,Exodus,35,22,JB>W,W JB>W H >NCJM <L H NCJM KL NDJB LB HBJ>W XX W NZM W VB<T W KWMZ KL KLJ ZHB W KL >JC >CR HNJP TNWPT ZHB L JHWH,,qal,wayq,W JB>W H >NCJM <L H NCJM,H >NCJM,<L H NCJM,<L H >CH/,in addition to the women,0.0,prep,pers,anim,det,subs,simple,factive fictive,<L,,,,not destination/origin,,other
48869_mt,BW>[,MT,Exodus,35,22,HBJ>W,W JB>W H >NCJM <L H NCJM KL NDJB LB HBJ>W XX W NZM W VB<T W KWMZ KL KLJ ZHB W KL >JC >CR HNJP TNWPT ZHB L JHWH,,hif,perf,KL NDJB LB HBJ>W XX W NZM W VB<T W KWMZ KL KLJ ZHB,KL NDJB LB,no complement,no complement,,,,,,,,,,,,,,,,
48860_lxx,,LXX,Exodus,35,22,,"καὶ ἤνεγκαν οἱ ἄνδρες παρὰ τῶν γυναικῶν, πᾶς ᾧ ἔδοξε τῇ διανοίᾳ, ἤνεγκαν σφραγῖδας καὶ ἐνώτια καὶ δακτυλίους καὶ ἐμπλόκια καὶ περιδέξια, πᾶν σκεῦος χρυσοῦν, καὶ πάντες ὅσοι ἤνεγκαν ἀφαιρέματα χρυσίου Κυρίῳ.",,,,,,,,,,,,,,,,,,,,,,,
48869_lxx,,LXX,Exodus,35,22,,"καὶ ἤνεγκαν οἱ ἄνδρες παρὰ τῶν γυναικῶν, πᾶς ᾧ ἔδοξε τῇ διανοίᾳ, ἤνεγκαν σφραγῖδας καὶ ἐνώτια καὶ δακτυλίους καὶ ἐμπλόκια καὶ περιδέξια, πᾶν σκεῦος χρυσοῦν, καὶ πάντες ὅσοι ἤνεγκαν ἀφαιρέματα χρυσίου Κυρίῳ.",,,,,,,,,,,,,,,,,,,,,,,
48912_mt,BW>[,MT,Exodus,35,23,HBJ>W,W KL >JC >CR NMY> >TW TKLT W >RGMN W TWL<T CNJ W CC W <ZJM W <RT >JLM M>DMJM W <RT TXCJM HBJ>W,,hif,perf,W KL >JC HBJ>W,KL >JC,no complement,no complement,,,,,,,,,,,,,,,,
48912_lxx,,LXX,Exodus,35,23,,"καὶ παρ’ ᾧ εὑρέθη βύσσος καὶ δέρματα ὑακίνθινα καὶ δέρματα κριῶν ἠρυθροδανωμένα, ἤνεγκαν.",,,,,,,,,,,,,,,,,,,,,,,
48919_mt,BW>[,MT,Exodus,35,24,HBJ>W,KL MRJM TRWMT KSP W NXCT HBJ>W >T TRWMT JHWH W KL >CR NMY> >TW <YJ CVJM L KL ML>KT H <BDH HBJ>W,,hif,perf,KL HBJ>W >T TRWMT JHWH,KL,no complement,no complement,,,,,,,,,,,,,,,,
48935_mt,BW>[,MT,Exodus,35,24,HBJ>W,KL MRJM TRWMT KSP W NXCT HBJ>W >T TRWMT JHWH W KL >CR NMY> >TW <YJ CVJM L KL ML>KT H <BDH HBJ>W,,hif,perf,W KL HBJ>W,KL,no complement,no complement,,,,,,,,,,,,,,,,
48919_lxx,,LXX,Exodus,35,24,,"καὶ πᾶς ὁ ἀφαιρῶν ἀφαίρεμα, ἤνεγκαν ἀργύριον καὶ χαλκόν, τὰ ἀφαιρέματα Κυρίῳ, καὶ παρ’ οἷς εὑρέθη ξύλα ἄσηπτα εἰς πάντα τὰ ἔργα τῆς παρασκευῆς ἤνεγκαν.",,,,,,,,,,,,,,,,,,,,,,,
48935_lxx,,LXX,Exodus,35,24,,"καὶ πᾶς ὁ ἀφαιρῶν ἀφαίρεμα, ἤνεγκαν ἀργύριον καὶ χαλκόν, τὰ ἀφαιρέματα Κυρίῳ, καὶ παρ’ οἷς εὑρέθη ξύλα ἄσηπτα εἰς πάντα τὰ ἔργα τῆς παρασκευῆς ἤνεγκαν.",,,,,,,,,,,,,,,,,,,,,,,
48945_mt,BW>[,MT,Exodus,35,25,JBJ>W,W KL >CH XKMT LB B JDJH VWW W JBJ>W MVWH >T H TKLT W >T H >RGMN >T TWL<T H CNJ W >T H CC,,hif,wayq,W JBJ>W MVWH >T H TKLT W >T H >RGMN >T TWL<T H CNJ W >T H CC,,no complement,no complement,,,,,,,,,,,,,,,,
48945_lxx,,LXX,Exodus,35,25,,"καὶ πᾶσα γυνὴ σοφὴ τῇ διανοίᾳ ταῖς χερσὶ νήθειν ἤνεγκαν νενησμένα, τὴν ὑάκινθον καὶ τὴν πορφύραν καὶ τὸ κόκκινον καὶ τὴν βύσσον ·",,,,,,,,,,,,,,,,,,,,,,,
48979_mt,BW>[,MT,Exodus,35,27,HBJ>W,W H NF>M HBJ>W >T >BNJ H CHM W >T >BNJ H ML>JM L >PWD W L XCN,,hif,perf,W H NF>M HBJ>W >T >BNJ H CHM W >T >BNJ H ML>JM L >PWD W L XCN,H NF>M,no complement,no complement,,,,,,,,,,,,,,,,
48979_lxx,,LXX,Exodus,35,27,,καὶ οἱ ἄρχοντες ἤνεγκαν τοὺς λίθους τῆς σμαράγδου καὶ τοὺς λίθους τῆς πληρώσεως εἰς τὴν ἐπωμίδα καὶ τὸ λογεῖον,,,,,,,,,,,,,,,,,,,,,,,
49025_mt,BW>[,MT,Exodus,35,29,HBJ>,KL >JC W >CH >CR NDB LBM >TM L HBJ> L KL H ML>KH >CR YWH JHWH L <FWT B JD MCH HBJ>W BNJ JFR>L NDBH L JHWH,,hif,infc,L HBJ> L KL H ML>KH,,L KL H ML>KH,L KL/ H ML>KH/,for all the work,0.0,prep,occ,inanim,det,subs,complex,factive fictive,L,,,,not destination/origin,,other
49038_mt,BW>[,MT,Exodus,35,29,HBJ>W,KL >JC W >CH >CR NDB LBM >TM L HBJ> L KL H ML>KH >CR YWH JHWH L <FWT B JD MCH HBJ>W BNJ JFR>L NDBH L JHWH,,hif,perf,HBJ>W BNJ JFR>L NDBH L JHWH,BNJ JFR>L,L JHWH,L JHWH/,to Yahweh,0.0,prep,pers,anim,det,nmpr,simple,factive,L,,,,,,goal/recipient
49025_lxx,,LXX,Exodus,35,29,,"καὶ πᾶς ἀνὴρ καὶ γυνή, ὧν ἔφερεν ἡ διάνοια αὐτῶν εἰσελθόντας ποιεῖν πάντα τὰ ἔργα, ὅσα συνέταξε Κύριος ποιῆσαι αὐτὰ διά Μωυσῆ, ἤνεγκαν οἱ υἱοὶ Ἰσραὴλ ἀφαίρεμα Κυρίῳ.",,,,,,,,,,,,,,,,,,,,,,,
49038_lxx,,LXX,Exodus,35,29,,"καὶ πᾶς ἀνὴρ καὶ γυνή, ὧν ἔφερεν ἡ διάνοια αὐτῶν εἰσελθόντας ποιεῖν πάντα τὰ ἔργα, ὅσα συνέταξε Κύριος ποιῆσαι αὐτὰ διά Μωυσῆ, ἤνεγκαν οἱ υἱοὶ Ἰσραὴλ ἀφαίρεμα Κυρίῳ.",,,,,,,,,,,,,,,,,,,,,,,
49238_mt,BW>[,MT,Exodus,36,3,HBJ>W,W JQXW M L PNJ MCH >T KL H TRWMH >CR HBJ>W BNJ JFR>L L ML>KT <BDT H QDC L <FT >TH W HM HBJ>W >LJW <WD NDBH B BQR B BQR,,hif,perf,>CR HBJ>W BNJ JFR>L L ML>KT <BDT H QDC,BNJ JFR>L,no complement,no complement,,,,,,,,,,,,,,,,
49251_mt,BW>[,MT,Exodus,36,3,HBJ>W,W JQXW M L PNJ MCH >T KL H TRWMH >CR HBJ>W BNJ JFR>L L ML>KT <BDT H QDC L <FT >TH W HM HBJ>W >LJW <WD NDBH B BQR B BQR,,hif,perf,W HM HBJ>W >LJW <WD NDBH B BQR B BQR,HM,>LJW,>L,to him (Moses),0.0,prep,prps,anim,det,prsf,simple,factive,>L,,,,,,goal
49238_lxx,,LXX,Exodus,36,3,,"καὶ ἔλαβον παρὰ Μωυσῆ πάντα τὰ ἀφαιρέματα, ἃ ἤνεγκαν οἱ υἱοὶ Ἰσραὴλ εἰς πάντα τὰ ἔργα τοῦ ἁγίου ποιεῖν αὐτά, καὶ αὐτοὶ προσεδέχοντο ἔτι τὰ προσφερόμενα παρὰ τῶν φερόντων τὸ πρωΐ.",,,,,,,,,,,,,,,,,,,,,,,
49251_lxx,,LXX,Exodus,36,3,,"καὶ ἔλαβον παρὰ Μωυσῆ πάντα τὰ ἀφαιρέματα, ἃ ἤνεγκαν οἱ υἱοὶ Ἰσραὴλ εἰς πάντα τὰ ἔργα τοῦ ἁγίου ποιεῖν αὐτά, καὶ αὐτοὶ προσεδέχοντο ἔτι τὰ προσφερόμενα παρὰ τῶν φερόντων τὸ πρωΐ.",,,,,,,,,,,,,,,,,,,,,,,
49262_mt,BW>[,MT,Exodus,36,4,JB>W,W JB>W KL H XKMJM H <FJM >T KL ML>KT H QDC >JC >JC M ML>KTW >CR HMH <FJM,,qal,wayq,W JB>W KL H XKMJM,KL H XKMJM,no complement,no complement,,,,,,,,,,,,,,,,
49262_lxx,,LXX,Exodus,36,4,,"καὶ παρεγίνοντο πάντες οἱ σοφοὶ οἱ ποιοῦντες τὰ ἔργα τοῦ ἁγίου, ἕκαστος κατὰ τὸ αὐτοῦ ἔργον, ὃ εἰργάζοντο αὐτοί,",,,,,,,,,,,,,,,,,,,,,,,
49290_mt,BW>[,MT,Exodus,36,5,HBJ>,W J>MRW >L MCH L >MR MRBJM H <M L HBJ> M DJ H <BDH L ML>KH >CR YWH JHWH L <FT >TH,,hif,infc,L HBJ> M DJ H <BDH L ML>KH,,M DJ H <BDH,MN DJ/ H <BDH/,more than enough,0.0,prep,other,inanim,det,subs,complex,factive fictive,MN,,,,"the people bring more than enough, not destination/origin ",,source
49290_lxx,,LXX,Exodus,36,5,,"καὶ εἶπαν πρὸς Μωυσῆν · E ὅτι πλῆθος φέρει ὁ λαὸς κατὰ τὰ ἔργα, ὅσα συνέταξε Κύριος ποιῆσαι. E",,,,,,,,,,,,,,,,,,,,,,,
49331_mt,BW>[,MT,Exodus,36,6,HBJ>,W JYW MCH W J<BJRW QWL B MXNH L >MR >JC W >CH >L J<FW <WD ML>KH L TRWMT H QDC W JKL> H <M M HBJ>,,hif,infc,M HBJ>,,no complement,no complement,,,,,,,,,,,,,,,,
49331_lxx,,LXX,Exodus,36,6,,καὶ προσέταξε Μωυσῆς καὶ ἐκήρυξεν ἐν τῇ παρεμβολῇ λέγων · ἀνὴρ καὶ γυνὴ μηκέτι ἐργαζέσθωσαν εἰς τὰς ἀπαρχὰς τοῦ ἁγίου · καὶ ἐκωλύθη ὁ λαὸς ἔτι προσφέρειν.,,,,,,,,,,,,,,,,,,,,,,,
50000_mt,BW>[,MT,Exodus,37,5,JB>,W JB> >T H BDJM B VB<T <L YL<T H >RN L F>T >T H >RN,,hif,wayq,W JB> >T H BDJM B VB<T <L YL<T H >RN,,B VB<T <L YL<T H >RN,B H VB<T/ <L YL</ H >RWN/,in the rings on the sides of the ark,0.0,prep + prep,obj,inanim,det,subs,complex,factive fictive,B,<L,,,"put the poles into the rings, not horizontal motion?",,other
50000_lxx,,LXX,Exodus,37,5,,"καὶ ἐποίησαν τὸ καταπέτασμα τῆς θύρας τῆς σκηνῆς τοῦ μαρτυρίου ἐξ ὑακίνθου καὶ πορφύρας καὶ κοκκίνου νενησμένου καὶ βύσσου κεκλωσμένης, ἔργον ὑφάντου Χερουβίμ,",,,,,,,,,,,,,,,,,,,,,,,
50547_mt,BW>[,MT,Exodus,38,7,JB>,W JB> >T H BDJM B VB<T <L YL<T H MZBX L F>T >TW BHM NBWB LXT <FH >TW,,hif,wayq,W JB> >T H BDJM B VB<T <L YL<T H MZBX,,B VB<T,B H VB<T/,in/through the rings,0.0,prep,obj,inanim,det,subs,simple,factive fictive,B,,,,"he made the poles go through the rings, factive motion?",,other
50547_lxx,,LXX,Exodus,38,7,,"Χεροὺβ ἕνα ἐπί τὸ ἄκρον τοῦ ἱλαστηρίου τὸ ἓν καὶ Χεροὺβ ἕνα ἐπὶ τὸ ἄκρον τοῦ ἱλαστηρίου τὸ δεύτερον,",,,,,,,,,,,,,,,,,,,,,,,
51649_mt,BW>[,MT,Exodus,39,33,JBJ>W,W JBJ>W >T H MCKN >L MCH >T H >HL W >T KL KLJW QRSJW QRCJW BRJXW W <MDJW W >DNJW,,hif,wayq,W JBJ>W >T H MCKN >L MCH >T H >HL W >T KL KLJW QRSJW QRCJW BRJXW W <MDJW W >DNJW,,>L MCH,>L MCH=/,to Moses,0.0,prep,pers,anim,det,nmpr,simple,factive,>L,,,,,,goal
51902_mt,BW>[,MT,Exodus,40,4,HB>T,W HB>T >T H CLXN W <RKT >T <RKW W HB>T >T H MNRH W H<LJT >T NRTJH,,hif,perf,W HB>T >T H CLXN,,no complement,no complement,,,,,,,,,,,,,,,,
51911_mt,BW>[,MT,Exodus,40,4,HB>T,W HB>T >T H CLXN W <RKT >T <RKW W HB>T >T H MNRH W H<LJT >T NRTJH,,hif,perf,W HB>T >T H MNRH,,no complement,no complement,,,,,,,,,,,,,,,,
51902_lxx,,LXX,Exodus,40,4,,καὶ εἰσοίσεις τὴν τράπεζαν καὶ προθήσεις τὴν πρόθεσιν αὐτῆς καὶ εἰσοίσεις τὴν λυχνίαν καὶ ἐπιθήσεις τοὺς λύχνους αὐτῆς.,,,,,,,,,,,,,,,,,,,,,,,
51911_lxx,,LXX,Exodus,40,4,,καὶ εἰσοίσεις τὴν τράπεζαν καὶ προθήσεις τὴν πρόθεσιν αὐτῆς καὶ εἰσοίσεις τὴν λυχνίαν καὶ ἐπιθήσεις τοὺς λύχνους αὐτῆς.,,,,,,,,,,,,,,,,,,,,,,,
52211_mt,BW>[,MT,Exodus,40,21,JB>,W JB> >T H >RN >L H MCKN W JFM >T PRKT H MSK W JSK <L >RWN H <DWT K >CR YWH JHWH >T MCH,,hif,wayq,W JB> >T H >RN >L H MCKN,,>L H MCKN,>L H MCKN/,into the tabernacle,0.0,prep,topo,inanim,det,subs,simple,factive,>L,,,,,,goal
52211_lxx,,LXX,Exodus,40,21,,"καὶ προέθηκεν ἐπ’ αὐτῆς ἄρτους τῆς προθέσεως ἔναντι Κυρίου, ὃν τρόπον συνέταξε Κύριος τῷ Μωυσῇ.",,,,,,,,,,,,,,,,,,,,,,,
52388_mt,BW>[,MT,Exodus,40,32,B>M,B B>M >L >HL MW<D W B QRBTM >L H MZBX JRXYW K >CR YWH JHWH >T MCH,,qal,infc,B B>M >L >HL MW<D,,>L >HL MW<D,>L >HL/ MW<D/,into the tent of the assembly,0.0,prep,topo,inanim,det,subs,complex,factive,>L,,,,,,goal
52388_lxx,,LXX,Exodus,40,32,,"νεφέλη γὰρ ἦν ἐπὶ τῆς σκηνῆς ἡμέρας καὶ πῦρ ἦν ἐπ’ αὐτῆς νυκτὸς ἐναντίον παντὸς Ἰσραήλ, ἐν πάσαις ταῖς ἀναζυγαῖς αὐτῶν.",,,,,,,,,,,,,,,,,,,,,,,
52450_mt,BW>[,MT,Exodus,40,35,BW>,W L> JKL MCH L BW> >L >HL MW<D KJ CKN <LJW H <NN W KBWD JHWH ML> >T H MCKN,,qal,infc,L BW> >L >HL MW<D,,>L >HL MW<D,>L >HL/ MW<D/,into the tent of the assembly,0.0,prep,topo,inanim,det,subs,complex,factive,>L,,,,,,goal
