level_0,verb_id,lex,scroll,book,chapter,verse_num,gcons_verb,gcons_verse,sign_info,stem,tense,gcons_clause,subject,complement,cmpl_lex,cmpl_translation,dir_he,cmpl_constr,cmpl_nt,cmpl_anim,cmpl_det,cmpl_indiv,cmpl_complex,motion_type,preposition_1,preposition_2,preposition_3,preposition_4,comments,reconstructed_verse,spatial_arg_type,index
0,28771_mt,BW>[,MT,Exodus,1,1,B>JM,W >LH CMWT BNJ JFR>L H B>JM MYRJMH >T J<QB >JC W BJTW B>W,,qal,ptca,H B>JM MYRJMH >T J<QB,,MYRJMH,MYRJM/,to Egypt,1.0,dir_he,topo,inanim,det,nmpr,simple,factive,,,,,,,goal,
1,28778_mt,BW>[,MT,Exodus,1,1,B>W,W >LH CMWT BNJ JFR>L H B>JM MYRJMH >T J<QB >JC W BJTW B>W,,qal,perf,>JC W BJTW B>W,>JC W BJTW,no complement,no complement,,,,,,,,,,,,,,,,,
2,28771_lxx,εἰσπορεύω,LXX,Exodus,1,1,εἰσπεπορευμένων,"ταῦτα τὰ ὀνόματα τῶν υἱῶν Ἰσραὴλ εἰσπεπορευμένων εἰς Αἴγυπτον ἅμα Ἰακὼβ τῷ πατρὶ αὐτῶν, ἕκαστος πανοικὶ αὐτῶν εἰσήλθοσαν.",,,Perf. Pass. Part. Pl. Gen. Abs.,,,εἰς Αἴγυπτον,εἰς / Αἴγυπτος,to Egypt,,,,,,,,,εἰς,,,,this is a rare verb!,,,
3,28778_lxx,εἰσέρχομαι,LXX,Exodus,1,1,εἰσήλθοσαν,"ταῦτα τὰ ὀνόματα τῶν υἱῶν Ἰσραὴλ εἰσπεπορευμένων εἰς Αἴγυπτον ἅμα Ἰακὼβ τῷ πατρὶ αὐτῶν, ἕκαστος πανοικὶ αὐτῶν εἰσήλθοσαν.",,,aor,,(grammatically no separate subject)no complement,no complement,no complement,,,,,,,,,,,,,,,,,
4,1941992_dss,BW>[,4Q11,Exodus,1,1,B>W,>LH CMWT BNJ JFR>L H B>JM MYRJMH >T J<QB >JC W BJTW B>W,000 0000 000 00111 1 1111 111000 11 1111 111 0 0000 000,qal,perf,>JC W BJTW B>W,>JC W BJTW,no complement,no complement,,,,,,,,,,,,,,,>LH CMWT BNJ JF[R>L H B>JM MYR]JMH [>T J<QB >JC] W BJTW B>W,,1.0
5,29061_mt,BW>[,MT,Exodus,1,19,TBW>,W T>MRN H MJLDT >L PR<H KJ L> K NCJM H MYRJT H <BRJT KJ XJWT HNH B VRM TBW> >LHN H MJLDT W JLDW,,qal,impf,B VRM TBW> >LHN H MJLDT,H MJLDT,>LHN,>L,to them (the Hebrew women),0.0,prep,pers,anim,det,prsf,simple,factive,>L,,,,,,goal,
6,29061_lxx,εἰσέρχομαι,LXX,Exodus,1,19,εἰσελθεῖν,"εἶπαν δὲ αἱ μαῖαι τῷ Φαραώ · οὐχ ὡς γυναῖκες Αἰγύπτου αἱ Ἑβραῖαι, τίκτουσι γὰρ πρὶν ἢ εἰσελθεῖν πρὸς αὐτὰς τὰς μαίας · E καὶ ἔτικτον.",,,aor. act. Inf.,,τὰς μαίας (before the coming of the handmaids),πρὸς αὐτὰς,πρὸς / αὐτος,to them (the Hebrew women),,,,,,,,,πρός,,,,,,,
7,1945925_dss,BW>[,4Q13,Exodus,1,19,TBW>,W TW>MRNH H MJLDWT >L PR<H KJ L> K NCJM H MYRJWT H <BRJWT KJ B VRM TBW> >LJHNH H MJLDT W JLDW,0 0000000 0 000000 00 0000 00 00 0 0000 0 001111 1 111111 11 1 111 0000 000000 0 00000 0 0000,qal,impf,B VRM TBW> >LJHNH H MJLDT,H MJLDT,>LJHNH,>L,to them,0.0,prep,prps,anim,det,prsf,simple,factive,>L,,,,,W TW>MRNH H MJLDWT >L PR<H KJ L> K NCJM H MY[RJWT H <BRJWT KJ B VRM] TBW> >LJHNH H MJLDT W JLDW,goal,2.0
8,29308_mt,BW>[,MT,Exodus,2,10,TB>HW,W JGDL H JLD W TB>HW L BT PR<H W JHJ LH L BN W TQR> CMW MCH W T>MR KJ MN H MJM MCJTHW,,hif,wayq,W TB>HW L BT PR<H,,L BT PR<H,L BT/ PR<H/,to the daughter of Pharaoh,0.0,prep,pers,anim,det,subs,complex,factive,L,,,,,,goal,
9,29308_lxx,εἰσάγω,LXX,Exodus,2,10,εἰσήγαγεν,"ἀδρυνθέντος δὲ τοῦ παιδίου, εἰσήγαγεν αὐτὸ πρὸς τὴν θυγατέρα Φαραώ, καὶ ἐγενήθη αὐτῇ εἰς υἱόν · ἐπωνόμασε δὲ τὸ ὄνομα αὐτοῦ Μωυσῆν λέγουσα · ἐκ τοῦ ὕδατος αὐτὸν ἀνειλόμην.",,,aor,,,πρὸς τὴν θυγατέρα Φαραω,πρὸς / θυγάτηρ / Φαραω,to the daughter of Pharaoh,,,,,,,,,πρός,,,,,,,
10,29463_mt,BW>[,MT,Exodus,2,16,TB>NH,W L KHN MDJN CB< BNWT W TB>NH W TDLNH W TML>NH >T H RHVJM L HCQWT Y>N >BJHN,,qal,wayq,W TB>NH,,no complement,no complement,,,,,,,,,,,,,,,,,
11,29463_lxx,παραγίγνομαι,LXX,Exodus,2,16,παραγενόμεναι,τῷ δὲ ἱερεῖ Μαδιὰμ ἦσαν ἑπτὰ θυγατέρες ποιμαίνουσαι τὰ πρόβατα τοῦ πατρὸς αὐτῶν Ἰοθόρ · παραγενόμεναι δὲ ἤντλουν ἕως ἔπλησαν τὰς δεξαμενὰς ποτίσαι τὰ πρόβατα τοῦ πατρὸς αὐτῶν Ἰοθόρ.,,,aor. Med. Part.,,θυγατέρες,no complement,no complement,,,,,,,,,,,,,,,,,
12,29476_mt,BW>[,MT,Exodus,2,17,JB>W,W JB>W H R<JM W JGRCWM W JQM MCH W JWC<N W JCQ >T Y>NM,,qal,wayq,W JB>W H R<JM,H R<JM,no complement,no complement,,,,,,,,,,,,,,,,,
13,29476_lxx,παραγίγνομαι,LXX,Exodus,2,17,παραγενόμενοι,παραγενόμενοι δὲ οἱ ποιμένες ἐξέβαλλον αὐτάς · ἀναστὰς δὲ Μωυσῆς ἐρρύσατο αὐτὰς καὶ ἤντλησεν αὐταῖς καὶ ἐπότισε τὰ πρόβατα αὐτῶν ·,,,aor. Med. Part.,,οἱ ποιμένες,no complement,no complement,,,,,,,,,,,,,,,,,
14,29491_mt,BW>[,MT,Exodus,2,18,TB>NH,W TB>NH >L R<W>L >BJHN W J>MR MDW< MHRTN B> H JWM,,qal,wayq,W TB>NH >L R<W>L >BJHN,,>L R<W>L >BJHN,>L R<W>L/ >B/,to Reuel their father,0.0,prep,pers,anim,det,nmpr,complex,factive,>L,,,,,,goal,
15,29499_mt,BW>[,MT,Exodus,2,18,B>,W TB>NH >L R<W>L >BJHN W J>MR MDW< MHRTN B> H JWM,,qal,infc,B>,,no complement,no complement,,,,,,,,,,,,,,,,,
16,29491_lxx,παραγίγνομαι,LXX,Exodus,2,18,παρεγένοντο,παρεγένοντο δὲ πρὸς Ραγουὴλ τὸν πατέρα αὐτῶν. ὁ δὲ εἶπεν αὐταῖς · διατί ἐταχύνατε τοῦ παραγενέσθαι σήμερον;,,,aor. Med. Pl. 3 p.,,,πρὸς Ραγουηλ τὸν πατέρα αὐτῶν,πρὸς / Ραγουηλ / ὁ πατήρ / αὐτος,To Raguel their father,,,,,,,,,πρός,,,,,,,
17,29499_lxx,παραγίγνομαι,LXX,Exodus,2,18,παραγενέσθαι,παρεγένοντο δὲ πρὸς Ραγουὴλ τὸν πατέρα αὐτῶν. ὁ δὲ εἶπεν αὐταῖς · διατί ἐταχύνατε τοῦ παραγενέσθαι σήμερον;,,,aor. Med. Inf.,,,no complement,no complement,,,,,,,,,,,,,,,,,
18,29644_mt,BW>[,MT,Exodus,3,1,JB>,W MCH HJH R<H >T Y>N JTRW XTNW KHN MDJN W JNHG >T H Y>N >XR H MDBR W JB> >L HR H >LHJM XRBH,,qal,wayq,W JB> >L HR H >LHJM XRBH,,>L HR H >LHJM,>L HR/ H >LHJM/,to the mountain of the God,0.0,prep,topo,inanim,det,subs,complex,factive,>L,,,,,,goal,
19,29644_lxx,ἔρχομαι,LXX,Exodus,3,1,ἦλθεν,καὶ Μωυσῆς ἦν ποιμαίνων τὰ πρόβατα Ἰοθόρ τοῦ γαμβροῦ αὐτοῦ τοῦ ἱερέως Μαδιὰμ καὶ ἤγαγε τὰ πρόβατα ὑπὸ τὴν ἔρημον καὶ ἦλθεν εἰς τὸ ὄρος Χωρήβ.,,,aor.,,Μωυσῆς,εἰς τὸ ὄρος Χωρηβ,εἰς / τὸ ὄρος / Χωρηβ,to the mountain Choreb (no god mentioned),,,,,,,,,εἰς,,,,,,,
20,29834_mt,BW>[,MT,Exodus,3,9,B>H,W <TH HNH Y<QT BNJ JFR>L B>H >LJ W GM R>JTJ >T H LXY >CR MYRJM LXYJM >TM,,qal,perf,HNH Y<QT BNJ JFR>L B>H >LJ,Y<QT BNJ JFR>L,>LJ,>L,to me (God),0.0,prep,prps,anim,det,prsf,simple,fictive,>L,,,,the cry of the people has come to me,,goal,
21,29834_lxx,ἥκω,LXX,Exodus,3,9,ἥκει,"καὶ νῦν ἰδοὺ κραυγὴ τῶν υἱῶν Ἰσραὴλ ἥκει πρός με, κα- κἀγὼ ἑώρακα τὸν θλιμμόν, ὃν οἱ Αἰγύπτιοι θλίβουσιν αὐτούς.",,,pres. Ind.,,κραυγή,πρός με,πρός / ἐγώ,to me,,,,,,,,,πρός,,,,,,,
22,1936022_dss,BW>[,4Q1,Exodus,3,9,B>H,W <TH HNH Y<QT BNJ JFR>L B>H >LJ W GM R>JTJ >T H LXY >CR MYRJM LXYJM >TM,0 000 000 0000 000 00000 000 000 0 00 00000 00 0 000 000 00000 00000 000,qal,perf,HNH Y<QT BNJ JFR>L B>H >LJ,Y<QT BNJ JFR>L,>LJ,>L,to me,0.0,prep,prps,anim,det,prsf,simple,fictive,>L,,,,the cry of the people has come to me,W <TH HNH Y<QT BNJ JFR>L B>H >LJ W GM R>JTJ >T H LXY >CR MYRJM LXYJM >TM,goal,4.0
23,29918_mt,BW>[,MT,Exodus,3,13,B>,W J>MR MCH >L H >LHJM HNH >NKJ B> >L BNJ JFR>L W >MRTJ LHM >LHJ >BWTJKM CLXNJ >LJKM W >MRW LJ MH CMW MH >MR >LHM,,qal,ptca,HNH >NKJ B> >L BNJ JFR>L,>NKJ,>L BNJ JFR>L,>L BN/ JFR>L/,to the people of Israel,0.0,prep,gens,anim,det,subs,complex,factive,>L,,,,,,goal,
24,29918_lxx,ἐξέρχομαι,LXX,Exodus,3,13,ἐξελεύσομαι,"καὶ εἶπε Μωυσῆς πρὸς τὸν Θεόν · ἰδοὺ ἐγὼ ἐξελεύσομαι πρὸς τοὺς υἱοὺς Ἰσραήλ, καὶ ἐρῶ πρὸς αὐτούς · ὁ Θεὸς τῶν πατέρων ἡμῶν ἀπέσταλκέ με πρὸς ὑμᾶς. ἐρωτήσουσί με · τί ὄνομα αὐτῷ; E τί ἐρῶ πρὸς αὐτούς;",,,aor.,,ἐγὼ,πρὸς τοὺς υἱοὺς Ἰσραήλ,πρὸς / ὁ  υἱός  / Ἰσραήλ,"to the sons of Israel (litterally sons, not people)",,,,,,,,,πρός,,,,,,,
25,1947020_dss,BW>[,4Q14,Exodus,3,13,B>,W J>MR MCH >L H >LHJM HNH >NKJ B> L BNJ JFR>L W >MRTJ LHM >LHJ >BWTJKM CLXNJ >LJKM W >MRW LJ MH CMW MH >MR >LJHM,1 1111 111 11 1 11111 111 1111 10 0 000 00000 1 11111 111 1111 1111111 11111 11111 1 1111 11 11 111 11 111 11111,qal,ptca,HNH >NKJ B> L BNJ JFR>L,>NKJ,L BNJ JFR>L,>L BN/ JFR>L/,to the sons of Israel,0.0,prep,gens,anim,det,subs,complex,factive,>L,,,,reconstructed?,[W J>MR MCH >L H >LHJM HNH >NKJ B]> L BNJ JFR>L [W >MRTJ LHM >LHJ >BWTJKM CLXNJ >LJKM W >MRW LJ MH CMW MH >MR >LJHM],goal,5.0
26,1936110_dss,BW>[,4Q1,Exodus,3,13,B>,W J>MR MCH >L H >LHJM HNH >NKJ B> >L BNJ JFR>L W >MRTJ LHM >LHJ >BWTJKM CLXNJ >LJKM W >MRW LJ MH CMW MH >MR >LHM,0 0000 000 00 0 00000 000 0000 00 00 000 00000 0 00000 000 0000 0001100 00000 00000 0 0000 00 00 000 00 000 0000,qal,ptca,HNH >NKJ B> >L BNJ JFR>L,>NKJ,>L BNJ JFR>L,>L BN/ JFR>L/,to the sons of Israel,0.0,prep,gens,anim,det,subs,complex,factive,>L,,,,,W J>MR MCH >L H >LHJM HNH >NKJ B> >L BNJ JFR>L W >MRTJ LHM >LHJ >BW[TJ]KM CLXNJ >LJKM W >MRW LJ MH CMW MH >MR >LHM,goal,6.0
27,30056_mt,BW>[,MT,Exodus,3,18,B>T,W CM<W L QLK W B>T >TH W ZQNJ JFR>L >L MLK MYRJM W >MRTM >LJW JHWH >LHJ H <BRJJM NQRH <LJNW W <TH NLKH N> DRK CLCT JMJM B MDBR W NZBXH L JHWH >LHJNW,,qal,perf,W B>T >TH W ZQNJ JFR>L >L MLK MYRJM,>TH W ZQNJ JFR>L,>L MLK MYRJM,>L MLK/ MYRJM/,to the king of Egypt,0.0,prep,topo,inanim,det,subs,complex,factive,>L,,,,,,goal,
28,30056_lxx,εἰσέρχομαι,LXX,Exodus,3,18,εἰσελεύσῃ,"καὶ εἰσακούσονταί σου τῆς φωνῆς · καὶ εἰσελεύσῃ σὺ καὶ ἡ γερουσία Ἰσραὴλ πρὸς Φαραὼ βασιλέα Αἰγύπτου καὶ ἐρεῖς πρὸς αὐτόν · ὁ Θεὸς τῶν Ἑβραίων προσκέκληται ἡμᾶς · πορευσόμεθα οὖν ὁδὸν τριῶν ἡμερῶν εἰς τὴν ἔρημον, ἵνα θύσωμεν τῷ Θεῷ ἡμῶν.",,,imperat. prees.,,σὺ καὶ ἡ γερουσία Ἰσραὴλ,πρὸς Φαραὼ βασιλέα Αἰγύπτου,πρὸς / Φαραω / βασιλεύς / Αἴγυπτος,to the faraoh the king of Egypt,,,,,,,,,πρός,,,,,,,
29,30260_mt,BW>[,MT,Exodus,4,6,HB>,W J>MR JHWH LW <WD HB> N> JDK B XJQK W JB> JDW B XJQW W JWY>H W HNH JDW MYR<T K CLG,,hif,impv,HB> N> JDK B XJQK,,B XJQK,B XJQ/,in (to) your chest (Moses'),0.0,prep,bopa,inanim,det,subs,complex,factive,B,,,,,,goal,
30,30266_mt,BW>[,MT,Exodus,4,6,JB>,W J>MR JHWH LW <WD HB> N> JDK B XJQK W JB> JDW B XJQW W JWY>H W HNH JDW MYR<T K CLG,,hif,wayq,W JB> JDW B XJQW,,B XJQW,B XJQ/,to his chest (Moses'),0.0,prep,bopa,inanim,det,subs,complex,factive,B,,,,,,goal,
31,30260_lxx,εἰσφέρω,LXX,Exodus,4,6,εἰσένεγκον,"εἶπε δὲ αὐτῷ Κύριος πάλιν · εἰσένεγκον τὴν χεῖρά σου εἰς τὸν κόλπον σου. καὶ εἰσήνεγκε τὴν χεῖρα αὐτοῦ εἰς τὸν κόλπον αὐτοῦ · καὶ ἐξήνεγκε τὴν χεῖρα αὐτοῦ ἐκ τοῦ κόλπου αὐτοῦ, καὶ ἐγενήθη ἡ χεὶρ αὐτοῦ ὡσεὶ χιών.",,,aor. Imperat.,,, εἰς τὸν κόλπον σου, εἰς / ὁ  κόλπος / 	σύ,to your chest,,,,,,,,,εἰς,,,,,,,
32,30266_lxx,εἰσφέρω,LXX,Exodus,4,6,εἰσήνεγκε,"εἶπε δὲ αὐτῷ Κύριος πάλιν · εἰσένεγκον τὴν χεῖρά σου εἰς τὸν κόλπον σου. καὶ εἰσήνεγκε τὴν χεῖρα αὐτοῦ εἰς τὸν κόλπον αὐτοῦ · καὶ ἐξήνεγκε τὴν χεῖρα αὐτοῦ ἐκ τοῦ κόλπου αὐτοῦ, καὶ ἐγενήθη ἡ χεὶρ αὐτοῦ ὡσεὶ χιών.",,,aor. Ind.,,,εἰς τὸν κόλπον αὐτοῦ,εἰς / ὁ  κόλπος / αὐτός,to his chest,,,,,,,,,εἰς,,,,,,,
33,30810_mt,BW>[,MT,Exodus,5,1,B>W,W >XR B>W MCH W >HRN W J>MRW >L PR<H KH >MR JHWH >LHJ JFR>L CLX >T <MJ W JXGW LJ B MDBR,,qal,perf,W >XR B>W MCH W >HRN,MCH W >HRN,no complement,no complement,,,,,,,,,,,,,,,,,
34,30810_lxx,εἰσέρχομαι,LXX,Exodus,5,1,εἰσῆλθε,"καὶ μετὰ ταῦτα εἰσῆλθε Μωυσῆς καὶ Ἀαρὼν πρὸς Φαραὼ καὶ εἶπαν αὐτῷ · τάδε λέγει Κύριος ὁ Θεὸς Ἰσραήλ · ἐξαπόστειλον τὸν λαόν μου, ἵνα μοι ἑορτάσωσιν ἐν τῇ ἐρήμῳ.",,,aor.,,Μωυσῆς καὶ Ααρων,πρὸς Φαραω,πρὸς / Φαραω,to faraoh,,,,,,,,,πρός,,,,,,,
35,1936504_dss,BW>[,4Q1,Exodus,5,1,B>W,W >XR B>W MCH W >HRN W J>MRW >L PR<H KH >MR JHWH >LHJ JFR>L CLX >T <MJ W JXGW,1 110 000 000 0 0000 1 11111 11 1111 11 111 1111 1111 11111 111 11 100 0 0000,qal,perf,W >XR B>W MCH W >HRN,MCH W >HRN,no complement,no complement,,,,,,,,,,,,,,,[W >X]R B>W MCH W >HRN [W J>MRW >L PR<H KH >MR JHWH >LHJ JFR>L CLX >T <]MJ W JXGW,,7.0
36,31093_mt,BW>[,MT,Exodus,5,15,JB>W,W JB>W CVRJ BNJ JFR>L W JY<QW >L PR<H L >MR LMH T<FH KH L <BDJK,,qal,wayq,W JB>W CVRJ BNJ JFR>L,CVRJ BNJ JFR>L,no complement,no complement,,,,,,,,,,,,,,,,,
37,31093_lxx,εἰσέρχομαι,LXX,Exodus,5,15,εἰσελθόντες,εἰσελθόντες δὲ οἱ γραμματεῖς τῶν υἱῶν Ἰσραὴλ κατεβόησαν πρὸς Φαραὼ λέγοντες · ἱνατί σὺ οὕτως ποιεῖς τοῖς σοῖς οἰκέταις;,,,aor. Part.,,οἱ γραμματεῖς τῶν υἱῶν Ἰσραὴλ,no complement,,,,,,,,,,,,,,,,,,
38,31231_mt,BW>[,MT,Exodus,5,23,B>TJ,W M >Z B>TJ >L PR<H L DBR B CMK HR< L <M H ZH W HYL L> HYLT >T <MK,,qal,perf,W M >Z B>TJ >L PR<H,,>L PR<H,>L PR<H/,to Pharaoh,0.0,prep,pers,anim,det,subs,simple,factive,>L,,,,,,goal,
39,31231_lxx,πορεύω,LXX,Exodus,5,23,πεπόρευμαι,"καὶ ἀφ’ οὗ πεπόρευμαι πρὸς Φαραὼ λαλῆσαι ἐπὶ τῷ σῷ ὀνόματι, ἐκάκωσε τὸν λαὸν τοῦτον, καὶ οὐκ ἐρρύσω τὸν λαόν σου.",,,perf. Med.,,,πρὸς Φαραὼ,πρὸς / Φαραὼ,to Pharaoh,,,,,,,,,πρός,,,,,,,
40,31389_mt,BW>[,MT,Exodus,6,8,HB>TJ,W HB>TJ >TKM >L H >RY >CR NF>TJ >T JDJ L TT >TH L >BRHM L JYXQ W L J<QB W NTTJ >TH LKM MWRCH >NJ JHWH,,hif,perf,W HB>TJ >TKM >L H >RY,,>L H >RY,>L H >RY/,into the land,0.0,prep,topo,inanim,det,subs,simple,factive,>L,,,,,,goal,
41,31389_lxx,εἰσάγω,LXX,Exodus,6,8,εἰσάξω,"καὶ εἰσάξω ὑμᾶς εἰς τὴν γῆν, εἰς ἣν ἐξέτεινα τὴν χεῖρά μου, δοῦναι αὐτὴν τῷ Ἁβραὰμ καὶ Ἰσαὰκ καὶ Ἰακώβ, καὶ δώσω ὑμῖν αὐτὴν ἐν κλήρῳ · E ἐγὼ Κύριος. E",,,fut.,,,εἰς τὴν γῆν,εἰς /  ἡ γῆ,to the land,,,,,,,,,εἰς,,,,,,,
42,2090513_dss,BW>[,Mur1,Exodus,6,8,HB>TJ,W HB>TJ >TKM >L H >RY >CR NF>TJ >T JDJ L TT >TH L >BRHM L JYXQ W L J<QB W NTTJ >TH LKM MWRCH >NJ JHWH,0 00000 0000 00 0 000 000 00000 00 000 0 00 000 0 00000 0 0000 1 0 1000 0 0000 000 000 00000 000 0000,hif,perf,W HB>TJ >TKM >L H >RY,,>L H >RY,>L H >RY/,to the land,0.0,prep,place,inanim,det,subs,simple,factive,>L,,,,,W HB>TJ >TKM >L H >RY >CR NF>TJ >T JDJ L TT >TH L >BRHM L JYXQ [W] L [J]<QB W NTTJ >TH LKM MWRCH >NJ JHWH,goal,8.0
43,1936889_dss,BW>[,4Q1,Exodus,6,8,HB>TJ,W HB>TJ >TKM >L H >RY >CR NCB<TJ L TT >TH L >BRHM L JYXQ W L J<QB W NTTJ >TH LKM L MWRCH >NJ JHWH,0 00000 0000 00 0 000 000 000001 1 11 111 1 11111 1 1111 1 1 1111 0 0000 000 000 0 00000 111 1111,hif,perf,W HB>TJ >TKM >L H >RY,,>L H >RY,>L H >RY/,to the land,0.0,prep,place,inanim,det,subs,simple,factive,>L,,,,,W HB>TJ >TKM >L H >RY >CR NCB<T[J L TT >TH L >BRHM L JYXQ W L J<QB] W NTTJ >TH LKM L MWRCH [>NJ JHWH],goal,9.0
44,31441_mt,BW>[,MT,Exodus,6,11,B>,B> DBR >L PR<H MLK MYRJM W JCLX >T BNJ JFR>L M >RYW,,qal,impv,B>,,no complement,no complement,,,,,,,,,,,,,,,,,
45,31441_lxx,εἰσέρχομαι,LXX,Exodus,6,11,εἴσελθε,"εἴσελθε, λάλησον Φαραὼ βασιλεῖ Αἰγύπτου, ἵνα ἐξαποστείλῃ τοὺς υἱοὺς Ἰσραὴλ ἐκ τῆς γῆς αὐτοῦ.",,,aor. Imperat.,,,no complement,no complement,,,,,,,,,,,,,,,,,
46,31942_mt,BW>[,MT,Exodus,7,10,JB>,W JB> MCH W >HRN >L PR<H W J<FW KN K >CR YWH JHWH W JCLK >HRN >T MVHW L PNJ PR<H W L PNJ <BDJW W JHJ L TNJN,,qal,wayq,W JB> MCH W >HRN >L PR<H,MCH W >HRN,>L PR<H,>L PR<H/,to Pharaoh,0.0,prep,pers,anim,det,subs,simple,factive,>L,,,,,,goal,
47,31942_lxx,εἰσέρχομαι,LXX,Exodus,7,10,εἰσῆλθε,"εἰσῆλθε δὲ Μωυσῆς καὶ Ἀαρὼν ἐναντίον Φαραὼ καὶ τῶν θεραπόντων αὐτοῦ καὶ ἐποίησαν οὕτως, καθάπερ ἐνετείλατο αὐτοῖς Κύριος · καὶ ἔρριψεν Ἀαρὼν τὴν ράβδον ἐναντίον Φαραώ, καὶ ἐναντίον τῶν θεραπόντων αὐτοῦ, καὶ ἐγένετο δράκων.",,,aor.,,Μωυσῆς καὶ Ἀαρὼν,ἐναντίον Φαραω,ἐναντίος / Φαραω,face to face with the pharaoh,,,,,,,,,ἐναντίον,,,,"this is rare, we should have a look! Enantios is not normally used like this.",,,
48,32274_mt,BW>[,MT,Exodus,7,23,JB>,W JPN PR<H W JB> >L BJTW W L> CT LBW GM L Z>T,,qal,wayq,W JB> >L BJTW,,>L BJTW,>L BJT/,to his house (Pharaoh's),0.0,prep,topo,inanim,det,subs,complex,factive,>L,,,,,,goal,
49,32274_lxx,εἰσέρχομαι,LXX,Exodus,7,23,εἰσῆλθεν,ἐπιστραφεὶς δὲ Φαραὼ εἰσῆλθεν εἰς τὸν οἶκον αὐτοῦ καὶ οὐκ ἐπέστησε τὸν νοῦν αὐτοῦ οὐ -δὲ ἐπὶ τούτῳ.,,,aor.,,Φαραὼ,εἰς τὸν οἶκον αὐτου,εἰς / ὁ οἶκος / αὐτός,to his house (Pharaoh's),,,,,,,,,εἰς,,,,,,,
50,32318_mt,BW>[,MT,Exodus,7,26,B>,W J>MR JHWH >L MCH B> >L PR<H W >MRT >LJW KH >MR JHWH CLX >T <MJ W J<BDNJ,,qal,impv,B> >L PR<H,,>L PR<H,>L PR<H/,to Pharaoh,0.0,prep,pers,anim,det,subs,simple,factive,>L,,,,,,goal,
51,32318_lxx,εἰσέρχομαι,LXX,Exodus,7,26,εἴσελθε,"εἶπε δὲ Κύριος πρὸς Μωυσῆν · εἴσελθε πρὸς Φαραὼ καὶ ἐρεῖς πρὸς αὐτόν · τάδε λέγει Κύριος · ἐξαπόστειλον τὸν λαόν μου, ἵνα μοι λατρεύσωσιν ·",,,aor. Imperat.,,,πρὸς Φαραὼ,πρὸς / Φαραὼ,to Pharaoh,,,,,,,,,πρός,,,,,,,
52,32355_mt,BW>[,MT,Exodus,7,28,B>W,W CRY H J>R YPRD<JM W <LW W B>W B BJTK W B XDR MCKBK W <L MVTK W B BJT <BDJK W B <MK W B TNWRJK W B MC>RWTJK,,qal,perf,W B>W B BJTK W B XDR MCKBK W <L MVTK W B BJT <BDJK W B <MK W B TNWRJK W B MC>RWTJK,,B BJTK W B XDR MCKBK W <L MVTK W B BJT <BDJK W B <MK W B TNWRJK W B MC>RWTJK,B BJT/ W B XDR/ MCKB/ W <L MVH=/ W B BJT/ <BD/ W B <M/ W B TNWR/ W B MC>RT/,in your house and in the inner room of your bed and on your bed and in the house of your servants and among your people and in your ovens and in your kneading bowls,0.0,prep + prep,topo,inanim,det,subs,complex,factive,B,B,<L,B,,,goal,
53,32355_lxx,εἰσέρχομαι,LXX,Exodus,7,28,εἰσελεύσονται,"καὶ ἐξερεύξεται ὁ ποταμὸς βατράχους, καὶ ἀναβάντες εἰσελεύσονται εἰς τοὺς οἴκους σου καὶ εἰς τὰ ταμιεῖα τῶν κοιτώνων σου καὶ ἐπὶ τῶν κλινῶν σου καὶ ἐπὶ τοὺς οἴκους τῶν θεραπόντων σου καὶ τοῦ λαοῦ σου καὶ ἐν τοῖς φυράμασί σου καὶ ἐν τοῖς κλιβάνοις σου ·",,,aor. Part.,,βατράχους,εἰς τοὺς οἴκους σου καὶ εἰς τὰ ταμιεῖα τῶν κοιτώνων σου καὶ ἐπὶ τῶν κλινῶν σου καὶ ἐπὶ τοὺς οἴκους τῶν θεραπόντων σου καὶ τοῦ λαοῦ σου καὶ ἐν τοῖς φυράμασί σου καὶ ἐν τοῖς κλιβάνοις σου,εἰς / ὁ οἶκος / σύ / καὶ / εἰς / τό ταμιεῖον / ὁ κοιτών / σύ / καὶ / ἐπὶ / ἡ κλίνη / σύ / καὶ / ἐπὶ / ὁ οἶκος / ὁ  θεράπων / σύ / καὶ / ὁ  λαός / σύ / καὶ / ἐν /τό φύραμα / σύ / καὶ / ἐν / ὁ κλίβανος / σύ /,to your house and to the chamber of your bed-chambers and to your beds and to the houses of your servants and to your people and into your doughs and into your baking-ovens,,,,,,,,,εἰς,,,,,,,
54,32836_mt,BW>[,MT,Exodus,8,20,JB>,W J<F JHWH KN W JB> <RB KBD BJTH PR<H W BJT <BDJW W B KL >RY MYRJM TCXT H >RY M PNJ H <RB,,qal,wayq,W JB> <RB KBD BJTH PR<H W BJT <BDJW W B KL >RY MYRJM,<RB KBD,BJTH PR<H W BJT <BDJW W B KL >RY MYRJM,BJT/ PR<H/ W BJT/ <BD/ W B KL/ >RY/ MYRJM/,in the house of Pharaoh and the house of his servants and in all the land of Egypt,1.0,prep + dir-he,topo,inanim,det,subs,complex,factive,B,,,,,,goal,
55,32836_lxx,παραγίγνομαι,LXX,Exodus,8,20,παρεγένετο,"ἐποίησε δὲ Κύριος οὕτως, καὶ παρεγένετο ἡ κυνόμυια πλῆθος εἰς τοὺς οἴκους Φαραὼ καὶ εἰς τοὺς οἴκους τῶν θεραπόντων αὐτοῦ καὶ εἰς πᾶσαν τὴν γῆν Αἰγύπτου, καὶ ἐξωλοθρεύθη ἡ γῆ ἀπὸ τῆς κυνομυίης.",,,aor.,,,εἰς τοὺς οἴκους Φαραὼ καὶ εἰς τοὺς οἴκους τῶν θεραπόντων αὐτοῦ καὶ εἰς πᾶσαν τὴν γῆν Αἰγύπτου,εἰς / ὁ οἶκος / Φαραὼ / καὶ / εἰς / ὁ οἶκος / ὁ  θεράπων / αὐτός / καὶ / εἰς / πᾶσ /  ἡ γῆ / Αἴγυπτος,to the house of pharah and to the house of his servants and to the whole Egyptian land,,,,,,,,,εἰς,,,,,,,
56,33027_mt,BW>[,MT,Exodus,9,1,B>,W J>MR JHWH >L MCH B> >L PR<H W DBRT >LJW KH >MR JHWH >LHJ H <BRJM CLX >T <MJ W J<BDNJ,,qal,impv,B> >L PR<H,,>L PR<H,>L PR<H/,to Pharaoh,0.0,prep,pers,anim,det,subs,simple,factive,>L,,,,,,goal,
57,33027_lxx,εἰσέρχομαι,LXX,Exodus,9,1,εἴσελθε,"εἶπε δὲ Κύριος πρὸς Μωυσῆν · εἴσελθε πρὸς Φαραὼ καὶ ἐρεῖς αὐτῷ · τάδε λέγει Κύριος ὁ Θεὸς τῶν Ἑβραίων · ἐξαπόστειλον τὸν λαόν μου, ἵνα μοι λατρεύσωσιν ·",,,aor. Imperat.,,,πρὸς Φαραω,πρὸς /Φαραω,to Pharaoh,,,,,,,,,πρός,,,,,,,
58,33790_mt,BW>[,MT,Exodus,10,1,B>,W J>MR JHWH >L MCH B> >L PR<H KJ >NJ HKBDTJ >T LBW W >T LB <BDJW LM<N CTJ >TTJ >LH B QRBW,,qal,impv,B> >L PR<H,,>L PR<H,>L PR<H/,to Pharaoh,0.0,prep,pers,anim,det,subs,simple,factive,>L,,,,,,goal,
59,33790_lxx,εἰσέρχομαι,LXX,Exodus,10,1,εἴσελθε,"εἶπε δὲ Κύριος πρὸς Μωυσῆν λέγων · εἴσελθε πρὸς Φαραώ · ἐγὼ γὰρ ἐσκλήρυνα αὐτοῦ τὴν καρδίαν καὶ τῶν θεραπόντων αὐτοῦ, ἵνα ἑξῆς ἐπέλθῃ τὰ σημεῖα ταῦτα ἐπ’ αὐτούς ·",,,aor. Imperat.,,,πρὸς Φαραω,πρὸς / Φαραω,to Pharaoh,,,,,,,,,πρός,,,,,,,
60,1953800_dss,BW>[,4Q22,Exodus,10,1,BW>,W J>WMR JHWH >L MCH BW> >L PR<H KJ >NJ HKBDTJ >T LBW W >T LB <BDJW LM<N CTJ >TTJ >LH B QRBW,0 11111 1111 11 111 000 00 0111 11 111 111111 11 111 1 11 11 11111 1111 111 1111 111 0 0011,qal,impv,BW> >L PR<H,,>L PR<H,>L PR<H/,to Pharaoh,0.0,prep,pers,anim,det,subs,simple,factive,>L,,,,reconstructed?,W [J>WMR JHWH >L MCH] BW> >L P[R<H KJ >NJ HKBDTJ >T LBW W >T LB <BDJW LM<N CTJ >TTJ >LH] B QR[BW],,13.0
61,33834_mt,BW>[,MT,Exodus,10,3,JB>,W JB> MCH W >HRN >L PR<H W J>MRW >LJW KH >MR JHWH >LHJ H <BRJM <D MTJ M>NT L <NT M PNJ CLX <MJ W J<BDNJ,,qal,wayq,W JB> MCH W >HRN >L PR<H,MCH W >HRN,>L PR<H,>L PR<H/,to Pharaoh,0.0,prep,pers,anim,det,subs,simple,factive,>L,,,,,,goal,
62,33834_lxx,εἰσέρχομαι,LXX,Exodus,10,3,εἰσῆλθε,"εἰσῆλθε δὲ Μωυσῆς καὶ Ἀαρὼν ἐναντίον Φαραὼ καὶ εἶπαν αὐτῷ · τάδε λέγει Κύριος ὁ Θεὸς τῶν Ἑβραίων · ἕως τίνος οὐ βούλῃ ἐντραπῆναί με; ἐξαπόστειλον τὸν λαόν μου, ἵνα λατρεύσωσί μοι.",,,aor.,,Μωυσῆς καὶ Ἀαρὼν,ἐναντίον Φαραω,ἐναντίος / Φαραω,face to face with the pharaoh,,,,,,,,,ἐναντίον,,,,"again the rare preposition in Greek, even though the Hebrew is the same as earlier!",,,
63,1948460_dss,BW>[,4Q14,Exodus,10,3,JB>,W JB> MCH W >HRN B MYR W J>MRW >LJW KH >MR JHWH >LHJ H <BRJM <D MTJ M>NT L <NT M PNJ CLX <MJ W J<BDNJ,1 111 111 1 1111 0 000 1 11000 0011 11 111 1111 1111 1 11111 11 111 1111 1 111 1 111 111 111 1 111111,qal,wayq,W JB> MCH W >HRN B MYR,MCH W >HRN,B MYR,B MYRJM/,to Egypt,0.0,prep,topo,inanim,det,nmpr,simple,factive,,,,,reconstructed?,[W JB> MCH W >HRN] B MYR [W J>]MRW >L[JW KH >MR JHWH >LHJ H <BRJM <D MTJ M>NT L <NT M PNJ CLX <MJ W J<BDNJ],,16.0
64,33869_mt,BW>[,MT,Exodus,10,4,MBJ>,KJ >M M>N >TH L CLX >T <MJ HNNJ MBJ> MXR >RBH B GBLK,,hif,ptca,KJ HNNJ MBJ> MXR >RBH B GBLK,,no complement,no complement,,,,,,,,,,,,,,B GBLK locative in database,,,
65,33869_lxx,ἐπάγω,LXX,Exodus,10,4,ἐπάγω,"ἐὰν δὲ μὴ θέλῃς σὺ ἐξαποστεῖλαι τὸν λαόν μου, ἰδοὺ ἐγὼ ἐπάγω ταύτην τὴν ὥραν αὔριον ἀκρίδα πολλὴν ἐπὶ πάντα τὰ ὅριά σου,",,,,,ἐγὼ,ἐπὶ πάντα τὰ ὅριά σου,,to the whole of your boundaries (ὅριον is a rare word and an odd choice here),,,,,,,,,ἐπὶ,,,,seems like here the whole complement is added to the Greek - is there an explanation in the Hebrew?,,,
66,34407_mt,BW>[,MT,Exodus,10,26,B>NW,W GM MQNNW JLK <MNW L> TC>R PRSH KJ MMNW NQX L <BD >T JHWH >LHJNW W >NXNW L> ND< MH N<BD >T JHWH <D B>NW CMH,,qal,infc,<D B>NW CMH,,CMH,CM,there,1.0,dir_he,adv,inanim,det,adv,simple,factive,,,,,,,goal,
67,34407_lxx,ἔρχομαι,LXX,Exodus,10,26,ἐλθεῖν,"καὶ τὰ κτήνη ἡμῶν πορεύσεται μεθ’ ἡμῶν, καὶ οὐχ ὑπολειψόμεθα ὁπλήν · ἀπ’ αὐτῶν γὰρ ληψόμεθα λατρεῦσαι Κυρίῳ τῷ Θεῷ ἡμῶν, ἡμεῖς δὲ οὐκ οἴδαμεν τί λατρεύσομεν Κυρίῳ τῷ Θεῷ ἡμῶν, ἕως τοῦ ἐλθεῖν ἡμᾶς ἐκεῖ.",,,aor. Inf.,,,,,,,,,,,,,,,,,,,,,
68,34457_mt,BW>[,MT,Exodus,11,1,>BJ>,W J>MR JHWH >L MCH <WD NG< >XD >BJ> <L PR<H W <L MYRJM >XRJ KN JCLX >TKM M ZH K CLXW KLH GRC JGRC >TKM M ZH,,hif,impf,<WD NG< >XD >BJ> <L PR<H W <L MYRJM,,<L PR<H W <L MYRJM,<L PR<H/ W <L MYRJM/,upon Pharaoh and upon Egypt,0.0,prep + prep,other,anim inanim,det,subs,complex,factive fictive,<L,<L,,,,,,
69,34457_lxx,ἐπάγω,LXX,Exodus,11,1,ἐπάξω,"εἶπε δὲ Κύριος πρὸς Μωυσῆν · ἔτι μίαν πληγὴν ἐγὼ ἐπάξω ἐπὶ Φαραὼ καὶ ἐπ’ Αἴγυπτον, καὶ μετὰ ταῦτα ἐξαποστελεῖ ὑμᾶς ἐντεῦθεν · ὅταν δὲ ἐξαποστέλλῃ ὑμᾶς, σὺν παντὶ ἐκβαλεῖ ὑμᾶς ἐκβολῇ.",,,fut.,,ἐγὼ,ἐπὶ Φαραὼ καὶ ἐπ’ Αἴγυπτον,,to pharaoh and to Egypt,,,,,,,,,ἐπὶ,,,,,,,
70,35241_mt,BW>[,MT,Exodus,12,23,B>,W <BR JHWH L NGP >T MYRJM W R>H >T H DM <L H MCQWP W <L CTJ H MZWZT W PSX JHWH <L H PTX W L> JTN H MCXJT L B> >L BTJKM L NGP,,qal,infc,L B> >L BTJKM,,>L BTJKM,>L BJT/,in your houses,0.0,prep,topo,inanim,det,subs,complex,factive,>L,,,,,,goal,
71,35241_lxx,εἰσέρχομαι,LXX,Exodus,12,23,εἰσελθεῖν,"καὶ παρελεύσεται Κύριος πατάξαι τοὺς Αἰγυπτίους καὶ ὄψεται τὸ αἷμα ἐπὶ τῆς φλιᾶς καὶ ἐπ’ ἀμφοτέρων τῶν σταθμῶν, καὶ παρελεύσεται Κύριος τὴν θύραν καὶ οὐκ ἀφήσει τὸν ὀλοθρεύοντα εἰσελθεῖν εἰς τὰς οἰκίας ὑμῶν πατάξαι.",,,aor. Inf.,,,εἰς τὰς οἰκίας,,to the houses,,,,,,,,,εἰς,,,,"In the beginning in the Greek there's the verb ""to go"": παρελεύσεται = over-go",,,
72,35264_mt,BW>[,MT,Exodus,12,25,TB>W,W HJH KJ TB>W >L H >RY >CR JTN JHWH LKM K >CR DBR W CMRTM >T H <BDH H Z>T,,qal,impf,KJ TB>W >L H >RY,,>L H >RY,>L H >RY/,into the land,0.0,prep,topo,inanim,det,subs,simple,factive,>L,,,,,,goal,
73,35264_lxx,εἰσέρχομαι,LXX,Exodus,12,25,εἰσέλθητε,"ἐὰν δὲ εἰσέλθητε εἰς τὴν γῆν, ἣν ἂν δῷ Κύριος ὑμῖν, καθότι ἐλάλησε, φυλάξασθε τὴν λατρείαν ταύτην.",,,aor.,,,εἰς τὴν γῆν,,to the land,,,,,,,,,εἰς,,,,,,,
74,35832_mt,BW>[,MT,Exodus,13,5,JBJ>K,W HJH KJ JBJ>K JHWH >L >RY H KN<NJ W H XTJ W H >MRJ W H XWJ W H JBWSJ >CR NCB< L >BTJK L TT LK >RY ZBT XLB W DBC W <BDT >T H <BDH H Z>T B XDC H ZH,,hif,impf,KJ JBJ>K JHWH >L >RY H KN<NJ W H XTJ W H >MRJ W H XWJ W H JBWSJ >RY ZBT XLB W DBC,JHWH,>L >RY H KN<NJ W H XTJ W H >MRJ W H XWJ W H JBWSJ >RY ZBT XLB W DBC,>L >RY/ H KN<NJ/ W H XTJ/ W H >MRJ/ W H XWJ/ W H JBWSJ/ >RY/ ZWB[ XLB/ W DBC/,"into the land of the Canaanites, and the Hittites, and the Amorites, and the Hivites, and the Jebusites, a land flowing with milk and honey",0.0,prep,topo,inanim,det,subs,complex,factive,>L,,,,,,goal,
75,35832_lxx,εἰσάγω,LXX,Exodus,13,5,εἰσαγάγῃ,"καὶ ἔσται ἡνίκα ἐὰν εἰσαγάγῃ σε Κύριος ὁ Θεός σου εἰς τὴν γῆν τῶν Χαναναίων καὶ Χετταίων καὶ Ἀμορραίων καὶ Εὐαίων καὶ Ἰεβουσαίων καὶ Γεργεσαίων καὶ Φερεζαίων, ἣν ὤμοσε τοῖς πατράσι σου δοῦναί σοι γῆν ρέουσαν γάλα καὶ μέλι, καὶ ποιήσεις τὴν λατρείαν ταύτην ἐν τῷ μηνὶ τούτῳ.",,,conj.,,Κύριος ὁ Θεός σου,εἰς τὴν γῆν τῶν Χαναναίων καὶ Χετταίων καὶ Ἀμορραίων καὶ Εὐαίων καὶ Ἰεβουσαίων καὶ Γεργεσαίων καὶ Φερεζαίων,,"to the land of the Caananites, the Hittites, the Amorites, the Euaios and Jebusites and Geresaios and Ferezaios ",,,,,,,,,εἰς,,,,,,,
76,2088719_dss,BW>[,Xq1,Exodus,13,5,JBJ>K,W HJH KJ JBJ>K JHWH >L >RY H KN<NJ W H XTJ W H >MRJ W H XWJ W H JBWSJ >CR NCB< L >BTJK L TT LK >RY ZBT XLB W DBC W <BDT >T H <BWDH H Z>T B XDC H ZH,0 000 00 00000 0000 00 000 0 00000 0 0 000 0 0 0000 0 0 000 0 0 00000 000 0000 0 00000 0 00 00 000 000 000 0 000 0 0000 00 0 00000 0 000 0 000 0 00,hif,impf,KJ JBJ>K JHWH >L >RY H KN<NJ W H XTJ W H >MRJ W H XWJ W H JBWSJ >RY ZBT XLB W DBC,JHWH,>L >RY H KN<NJ W H XTJ W H >MRJ W H XWJ W H JBWSJ >RY ZBT XLB W DBC,>L >RY/ H KN<NJ/ W H XTJ/ W H >MRJ/ W H XWJ/ W H JBWSJ/ >RY/ ZWB[ XLB/ W DBC/,"into the land of the Canaanites, and the Hittites, and the Amorites, and the Hivites, and the Jebusites, a land flowing with milk and honey",0.0,prep,place,inanim,det,subs,complex,factive,>L,,,,,W HJH KJ JBJ>K JHWH >L >RY H KN<NJ W H XTJ W H >MRJ W H XWJ W H JBWSJ >CR NCB< L >BTJK L TT LK >RY ZBT XLB W DBC W <BDT >T H <BWDH H Z>T B XDC H ZH,,19.0
77,2102383_dss,BW>[,Xhev/se5,Exodus,13,5,JBJ>K,W HJH KJ JBJ>K JHWH >L >RY H KN<NJ W H XTJ W H >MRJ W H XWJ W H JBWSJ >CR NCB< L >BWTK L TT LK >RY ZBT XLB W DBC W <BDT >T H <BDH H ZT B XDC H ZH,0 000 00 00000 0000 00 000 0 00000 0 0 000 0 0 0000 0 0 000 0 0 00000 000 0000 0 00000 0 00 00 000 000 000 0 000 0 0000 00 0 0000 0 00 0 000 0 00,hif,impf,KJ JBJ>K JHWH >L >RY H KN<NJ W H XTJ W H >MRJ W H XWJ W H JBWSJ >RY ZBT XLB W DBC,JHWH,>L >RY H KN<NJ W H XTJ W H >MRJ W H XWJ W H JBWSJ >RY ZBT XLB W DBC,>L >RY/ H KN<NJ/ W H XTJ/ W H >MRJ/ W H XWJ/ W H JBWSJ/ >RY/ ZWB[ XLB/ W DBC/,"into the land of the Canaanites, and the Hittites, and the Amorites, and the Hivites, and the Jebusites, a land flowing with milk and honey",0.0,prep,place,inanim,det,subs,complex,factive,>L,,,,,W HJH KJ JBJ>K JHWH >L >RY H KN<NJ W H XTJ W H >MRJ W H XWJ W H JBWSJ >CR NCB< L >BWTK L TT LK >RY ZBT XLB W DBC W <BDT >T H <BDH H ZT B XDC H ZH,,20.0
78,2091039_dss,BW>[,Mur4,Exodus,13,5,JBJ>K,W HJH KJ JBJ>K JHWH >L >RY H KN<NJ W H XTJ W H >MRJ W H XWJ W H JBWSJ >CR NCB< L >BTJK L TT LK >RY ZBT XLB W DBC W <BDT >T H <BDH H Z>T B XDC H ZH,0 000 00 00000 0000 00 000 0 00000 0 0 000 0 0 0000 0 0 000 0 0 00000 000 0000 0 00000 0 00 00 000 000 000 0 000 0 0000 00 0 0000 0 000 0 000 0 00,hif,impf,KJ JBJ>K JHWH >L >RY H KN<NJ W H XTJ W H >MRJ W H XWJ W H JBWSJ >RY ZBT XLB W DBC,JHWH,>L >RY H KN<NJ W H XTJ W H >MRJ W H XWJ W H JBWSJ >RY ZBT XLB W DBC,>L >RY/ H KN<NJ/ W H XTJ/ W H >MRJ/ W H XWJ/ W H JBWSJ/ >RY/ ZWB[ XLB/ W DBC/,"into the land of the Canaanites, and the Hittites, and the Amorites, and the Hivites, and the Jebusites, a land flowing with milk and honey",0.0,prep,place,inanim,det,subs,complex,factive,>L,,,,,W HJH KJ JBJ>K JHWH >L >RY H KN<NJ W H XTJ W H >MRJ W H XWJ W H JBWSJ >CR NCB< L >BTJK L TT LK >RY ZBT XLB W DBC W <BDT >T H <BDH H Z>T B XDC H ZH,,21.0
79,1950942_dss,BW>[,4Q16,Exodus,13,5,JBJ>K,W HJH KJ JBJ>K JHWH >LWHJK >L >RY H KN<NJ H XTJ H XWJ H >MRJ H JBWSJ K >CR NCB< L >BWTJK L TT LK >RY ZBT XLB W DBC W <BDTH >T H <BDH H Z>T B XDC H ZH,1 111 11 11110 1110 000000 00 001 0 01111 0 000 0 000 0 0000 0 00000 0 000 1111 0 000000 0 00 00 000 000 000 0 011 1 00010 00 0 0000 0 000 0 000 1 11,hif,impf,KJ JBJ>K JHWH >LWHJK >L >RY H KN<NJ H XTJ H XWJ H >MRJ H JBWSJ >RY ZBT XLB W DBC,JHWH,>L >RY H KN<NJ H XTJ H XWJ H >MRJ H JBWSJ >RY ZBT XLB W DBC,>L >RY/ H KN<NJ/ H XTJ/ H >MRJ/ H XWJ/ H JBWSJ/ >RY/ ZWB[ XLB/ W DBC/,"into the land of the Canaanites, the Hittites, the Amorites, the Hivites, the Jebusites, a land flowing with milk and honey",0.0,prep,place,inanim,det,subs,complex,factive,>L,,,,,[W HJH KJ JBJ>]K [JHW]H >LWHJK >L >R[Y] H K[N<NJ] H XTJ H XWJ H >MRJ H JBWSJ K >CR [NCB<] L >BWTJK L TT LK >RY ZBT XLB W D[BC W] <BD[T]H >T H <BDH H Z>T B XDC [H ZH],,25.0
80,2070620_dss,BW>[,4Q145,Exodus,13,5,JBJ>K,W HJH KJ JBJ>K JHWH >LHJK >L >RY H KN<NJ H XTJ H >MRJ W H XWJ W H JBSJ >CR NCB< L >BWTJK L TT LK >RY ZBT XLB W DBC W <BDT >T H <BDH H Z>T B XDC H ZH,1 111 11 11111 0000 00000 00 000 0 00000 0 000 0 0000 1 1 111 0 0 0000 000 0000 0 000000 0 00 00 000 001 111 1 111 1 1111 11 1 0000 0 000 1 100 0 00,hif,impf,JBJ>K JHWH >LHJK >L >RY H KN<NJ H XTJ H >MRJ W H XWJ W H JBSJ >RY ZBT XLB W DBC,JHWH,>L >RY H KN<NJ H XTJ H >MRJ W H XWJ W H JBSJ >RY ZBT XLB W DBC,>L >RY/ H KN<NJ/ H XTJ/ H >MRJ/ W H XWJ/ W H JBWSJ/ >RY/ ZWB[ XLB/ W DBC/,"into the land of the Canaanites, the Hittites, the Amorites, and the Hivites, and the Jebusites, a land flowing with milk and honey",0.0,prep,place,inanim,det,subs,complex,factive,>L,,,,,[W HJH KJ JBJ>K] JHWH >LHJK >L >RY H KN<NJ H XTJ H >MRJ [W H XWJ] W H JBSJ >CR NCB< L >BWTJK L TT LK >RY ZB[T XLB W DBC W <BDT >T H] <BDH H Z>T [B X]DC H ZH,,26.0
81,2070429_dss,BW>[,4Q144,Exodus,13,5,JBJ>K,W HJH KJ JBJ>K JHWH >L >RY H KN<NJ W H XTJ W H >MRJ H PRZJ W H GRGCJ W H XWJ W H JBWSJ >CR NCB< L >BTJK L TT LKH >RY ZBT XLB W DBC W <BDT >T H <BDH H Z>T B XDC H ZH,1 111 11 11111 1111 11 111 1 11111 1 1 111 1 1 1111 0 0000 1 1 11111 1 1 111 1 1 11111 111 1111 1 11111 0 00 000 111 111 111 1 111 1 1111 11 1 1111 1 111 1 111 0 00,hif,impf,JBJ>K JHWH >L >RY H KN<NJ W H XTJ W H >MRJ H PRZJ W H GRGCJ W H XWJ W H JBWSJ >RY ZBT XLB W DBC,JHWH,>L >RY H KN<NJ W H XTJ W H >MRJ H PRZJ W H GRGCJ W H XWJ W H JBWSJ >RY ZBT XLB W DBC,>L >RY/ H KN<NJ/ W H XTJ/ W H >MRJ/ H PRZJ/ W H  GRGCJ/ W H XWJ/ W H JBWSJ/ >RY/ ZWB[ XLB/ W DBC/,"into the land of the Canaanites, and the Hittites, and the Amorites, and the Perizzites, and the Girgashites, and the Hivites, and the Jebusites, a land flowing with milk and honey",0.0,prep,place,inanim,det,subs,complex,factive,>L,,,,,[W HJH KJ JBJ>K JHWH >L >RY H KN<NJ W H XTJ W H >MRJ] H PRZJ [W H GRGCJ W H XWJ W H JBWSJ >CR NCB< L >BTJK] L TT LKH [>RY ZBT XLB W DBC W <BDT >T H <BDH H Z>T B XDC] H ZH,,27.0
82,2069305_dss,BW>[,4Q140,Exodus,13,5,JBJ>KH,W HJH KJ JBJ>KH JHWH >LWHJKH >L >RY H KN<NJ W H XTJ H >MWRJ H PRZJ W H XWJ H JBWSJ H GRGCJ K >CR NCB< L >BWTJKH L TT LKH >RY ZBT XLB W DBC W <BDTH >T H <BWDH H ZW>T B XWDC H ZH,0 000 00 000000 0000 0000000 11 111 1 11111 1 1 100 0 00010 0 0000 0 0 000 0 00000 0 00000 0 000 1111 1 1111111 0 00 000 000 000 000 0 000 0 00000 00 0 00000 0 0000 1 1111 1 11,hif,impf,JBJ>KH JHWH >LWHJKH >L >RY H KN<NJ W H XTJ H >MWRJ H PRZJ W H XWJ H JBWSJ H GRGCJ >RY ZBT XLB W DBC,JHWH,>L >RY H KN<NJ W H XTJ H >MWRJ H PRZJ W H XWJ H JBWSJ H GRGCJ >RY ZBT XLB W DBC,>L >RY/ H KN<NJ/ W H XTJ/ H >MRJ/ H PRZJ/ W H XWJ/ H JBWSJ/ H GRGCJ/ >RY/ ZWB[ XLB/ W DBC/,"into the land of the Canaanites, and the Hittites, the Amorites, the Perizzites, and the Hivites, the Jebusites, the Girgashites, a land flowing with milk and honey",0.0,prep,place,inanim,det,subs,complex,factive,>L,,,,,W HJH KJ JBJ>KH JHWH >LWHJKH [>L >RY H KN<NJ W H X]TJ H >MW[R]J H PRZJ W H XWJ H JBWSJ H GRGCJ K >CR [NCB< L >BWTJKH] L TT LKH >RY ZBT XLB W DBC W <BDTH >T H <BWDH H ZW>T [B XWDC H ZH],,28.0
83,2067337_dss,BW>[,4Q136,Exodus,13,5,JBJ>K,W HJH KJ JBJ>K JHWH >L >RY H KN<NJ H XTJ W H >MRJ W H XWJ W H JBWSJ >CR NCB< L >BTJK L TT LK >RY ZBT XLB W DBC W <BDT >T H <BWDH H Z>T B XDC H ZH,1 000 00 00000 0000 00 000 0 00000 0 001 1 1 1111 1 1 111 1 1 11111 111 1111 1 11111 1 11 11 111 110 000 0 010 0 0000 00 0 00000 0 000 1 000 0 00,hif,impf,JBJ>K JHWH >L >RY H KN<NJ H XTJ W H >MRJ W H XWJ W H JBWSJ >RY ZBT XLB W DBC,JHWH,>L >RY H KN<NJ H XTJ W H >MRJ W H XWJ W H JBWSJ >RY ZBT XLB W DBC,>L >RY/ H KN<NJ/ H XTJ/ W H >MRJ/ W H XWJ/ W H JBWSJ/ >RY/ ZWB[ XLB/ W DBC/,"into the land of the Canaanites, the Hittites, and the Amorites, and the Hivites, the Jebusites, a land flowing with milk and honey",0.0,prep,place,inanim,det,subs,complex,factive,>L,,,,,[W] HJH KJ JBJ>K JHWH >L >RY H KN<NJ H XT[J W H >MRJ W H XWJ W H JBWSJ >CR NCB< L >BTJK L TT LK >RY ZB]T XLB W D[B]C W <BDT >T H <BWDH H Z>T [B] XDC H ZH,,29.0
84,2065145_dss,BW>[,4Q130,Exodus,13,5,JBJ>K,W HJH KJ JBJ>K JHWH >L H >RY H KN<NJ W H XTJ W H >MRJ W H XWJ W H JBWSJ >CR NCB< L >BWTK L TT LK >RY ZBT XJLB W DBC W <BDTH >T H <BWDH H Z>T B XWDC H ZH,1 111 11 11111 1111 00 0 010 0 00011 1 0 000 0 0 0000 1 1 111 1 0 00111 111 1111 1 11110 0 00 00 010 100 0000 1 111 1 11000 00 0 00000 0 001 0 0000 0 00,hif,impf,JBJ>K JHWH >L H >RY H KN<NJ W H XTJ W H >MRJ W H XWJ W H JBWSJ >RY ZBT XJLB W DBC,JHWH,>L H >RY H KN<NJ W H XTJ W H >MRJ W H XWJ W H JBWSJ >RY ZBT XJLB W DBC,>L H >RY/ H KN<NJ/ W H XTJ/ W H >MRJ/ W H XWJ/ W H JBWSJ/ >RY/ ZWB[ XLB=/ W DBC/,"into the land of the Canaanites, the Hittites, and the Amorites, and the Hivites, the Jebusites, a land flowing with fat and honey",0.0,prep,place,inanim,det,subs,complex,factive,>L,,,,,[W HJH KJ JBJ>K JHWH] >L H >[R]Y H KN<[NJ W] H XTJ W H >MRJ [W H XWJ W] H JB[WSJ >CR NCB< L >BWT]K L TT LK >[R]Y [Z]BT XJLB [W DBC W <B]DTH >T H <BWDH H Z>[T] B XWDC H ZH,,30.0
85,2102995_dss,BW>[,34Se1,Exodus,13,5,JBJ>K,W HJH KJ JBJ>K JHWH >L >RY H KN<NJ W H XTJ W H >MRJ W H XWJ W H JBWSJ >CR NCB< L >BTJK L TT LK >RY ZBT XLB W DBC W <BDT >T H <BDH H Z>T B XDC H ZH,1 111 11 00000 0000 00 000 0 00000 0 0 000 0 0 0000 0 0 000 1 1 11111 111 1111 1 00000 0 00 00 000 000 000 0 000 0 0000 00 1 1111 1 111 1 111 1 11,hif,impf,BJ>K JHWH >L >RY H KN<NJ W H XTJ W H >MRJ W H XWJ W H JBWSJ >RY ZBT XLB W DBC,JHWH,>L >RY H KN<NJ W H XTJ W H >MRJ W H XWJ W H JBWSJ >RY ZBT XLB W DBC,>L >RY/ H KN<NJ/ W H XTJ/ W H >MRJ/ W H XWJ/ W H JBWSJ/ >RY/ ZWB[ XLB/ W DBC/,"into the land of the Canaanites, and the Hittites, and the Amorites, and the Hivites, and the Jebusites, a land flowing with milk and honey",0.0,prep,place,inanim,det,subs,complex,factive,>L,,,,,[W HJH KJ] JBJ>K JHWH >L >RY H KN<NJ W H XTJ W H >MRJ W H XWJ [W H JBWSJ >CR NCB< L] >BTJK L TT LK >RY ZBT XLB W DBC W <BDT >T [H <BDH H Z>T B XDC H ZH],,32.0
86,35968_mt,BW>[,MT,Exodus,13,11,JB>K,W HJH KJ JB>K JHWH >L >RY H KN<NJ K >CR NCB< LK W L >BTJK W NTNH LK,,hif,impf,KJ JB>K JHWH >L >RY H KN<NJ,JHWH,>L >RY H KN<NJ,>L >RY/ H KN<NJ/,in the land of the Canaanites,0.0,prep,topo,inanim,det,subs,complex,factive,>L,,,,,,goal,
87,35968_lxx,εἰσάγω,LXX,Exodus,13,11,εἰσαγάγῃ,"καὶ ἔσται ὡς ἂν εἰσαγάγῃ σε Κύριος ὁ Θεός σου εἰς τὴν γῆν τῶν Χαναναίων, ὃν τρόπον ὤμοσε τοῖς πατράσι σου, καὶ δώσει σοι αὐτήν,",,,,,Κύριος ὁ Θεός σου,εἰς τὴν γῆν τῶν Χαναναίων,,to the land of the Canaanites,,,,,,,,,εἰς,,,,,,,
88,2089859_dss,BW>[,Xq3,Exodus,13,11,JBJ>K,W HJH KJ JBJ>K JHWH >L >RY H KN<NJ K >CR NCB< LK W L >BTJK W NTNH LK,0 000 00 00000 0000 00 000 0 00000 0 000 0000 00 0 0 00000 0 0000 00,hif,impf,KJ JBJ>K JHWH >L >RY H KN<NJ,JHWH,>L >RY H KN<NJ,>L >RY/ H KN<NJ/,in the land of the Canaanites,0.0,prep,place,inanim,det,subs,complex,factive,>L,,,,,W HJH KJ JBJ>K JHWH >L >RY H KN<NJ K >CR NCB< LK W L >BTJK W NTNH LK,,33.0
89,2102520_dss,BW>[,Xhev/se5,Exodus,13,11,JB>K,W HJH KJ JB>K JHWH >L >RY H KN<NJ K >CR NCB< LK W L >BWTK W NTNH LK,0 000 00 0000 0000 00 000 0 00000 0 000 0000 00 0 0 00000 0 0000 00,hif,impf,KJ JB>K JHWH >L >RY H KN<NJ,JHWH,>L >RY H KN<NJ,>L >RY/ H KN<NJ/,in the land of the Canaanites,0.0,prep,place,inanim,det,subs,complex,factive,>L,,,,,W HJH KJ JB>K JHWH >L >RY H KN<NJ K >CR NCB< LK W L >BWTK W NTNH LK,,34.0
90,2091178_dss,BW>[,Mur4,Exodus,13,11,JB>K,W HJH KJ JB>K JHWH >L >RY H KN<NJ K >CR NCB< LK W L >BTJK W NTNH LK,0 000 00 0000 0000 00 000 0 00000 0 000 0000 00 0 0 00000 0 0000 00,hif,impf,KJ JB>K JHWH >L >RY H KN<NJ,JHWH,>L >RY H KN<NJ,>L >RY/ H KN<NJ/,in the land of the Canaanites,0.0,prep,place,inanim,det,subs,complex,factive,>L,,,,,W HJH KJ JB>K JHWH >L >RY H KN<NJ K >CR NCB< LK W L >BTJK W NTNH LK,,35.0
91,2071767_dss,BW>[,4Q155,Exodus,13,11,JBJ>K,W HJH KJ JBJ>K JHWH >L >RY H KN<NJ K > CR NCB< LK W L >BTJK W NTNH LK,0 000 00 00000 0000 00 000 0 00000 0 0 00 0000 00 0 0 00000 0 0000 00,hif,impf,KJ JBJ>K JHWH >L >RY H KN<NJ,JHWH,>L >RY H KN<NJ,>L >RY/ H KN<NJ/,in the land of the Canaanites,0.0,prep,place,inanim,det,subs,complex,factive,>L,,,,,W HJH KJ JBJ>K JHWH >L >RY H KN<NJ K > CR NCB< LK W L >BTJK W NTNH LK,,37.0
92,2066437_dss,BW>[,4Q134,Exodus,13,11,JBJ>K,W HJH KJ JBJ>K JHWH >LHJK >L >RY H KN<NJ K >CR NCB< LK W L >BWTJK W NTNH LK,0 000 00 00000 0000 00000 00 000 0 00000 0 000 0000 01 0 0 000010 0 0000 00,hif,impf,KJ JBJ>K JHWH >LHJK >L >RY H KN<NJ,JHWH >LHJK, >L >RY H KN<NJ,>L >RY/ H KN<NJ/,in the land of the Canaanites,0.0,prep,topo,inanim,det,subs,complex,factive,>L,,,,,W HJH KJ JBJ>K JHWH >LHJK >L >RY H KN<NJ K >CR NCB< L[K] W L >BWT[J]K W NTNH LK,,38.0
93,36545_mt,BW>[,MT,Exodus,14,16,JB>W,W >TH HRM >T MVK W NVH >T JDK <L H JM W BQ<HW W JB>W BNJ JFR>L B TWK H JM B JBCH,,qal,impf,W JB>W BNJ JFR>L B TWK H JM B JBCH,BNJ JFR>L,B TWK H JM,B TWK/ H JM/,in/through the midst of the sea,0.0,prep,topo,inanim,det,subs,complex,factive,B,,,,,,trajectory,
94,36545_lxx,εἰσέρχομαι,LXX,Exodus,14,16,εἰσελθάτωσαν,"καὶ σὺ ἔπαρον τῇ ράβδῳ σου καὶ ἔκτεινον τὴν χεῖρά σου ἐπὶ τὴν θάλασσαν καὶ ρῆξον αὐτήν, καὶ εἰσελθάτωσαν οἱ υἱοὶ Ἰσραὴλ εἰς μέσον τῆς θαλάσσης κατὰ τὸ ξηρόν.",,,aor.,,οἱ υἱοὶ Ἰσραὴλ,εἰς μέσον τῆς θαλάσσης,,to the middle of the sea,,,,,,,,,εἰς,,,,,,,
95,1943261_dss,BW>[,4Q11,Exodus,14,16,JB>W,W >TH HRM >T MVK L W NVH >T JDK <L H JM W BQ<HW W JB>W BNJ JC R>L B TWK H JM B JBCH,0 000 000 00 000 0 0 000 00 000 00 0 00 0 01111 1 1111 111 11 000 0 000 0 00 0 0000,qal,impf,W JB>W BNJ JCR>L B TWK H JM B JBCH,BNJ JCR>L,B TWK H JM,B TWK/ H JM/,in the midst of the sea,0.0,prep,place,inanim,det,subs,complex,factive,B,,,,reconstructed?,W >TH HRM >T MVK L W NVH >T JDK <L H JM W B[Q<HW W JB>W BNJ JC] R>L B TWK H JM B JBCH,,43.0
96,36563_mt,BW>[,MT,Exodus,14,17,JB>W,W >NJ HNNJ MXZQ >T LB MYRJM W JB>W >XRJHM W >KBDH B PR<H W B KL XJLW B RKBW W B PRCJW,,qal,impf,W JB>W >XRJHM,,>XRJHM,>XR/,after/behind them,0.0,prep,prps,inanim,det,prsf,simple,factive,>XR/,,,,,,other,
97,36563_lxx,εἰσέρχομαι,LXX,Exodus,14,17,εἰσελεύσονται,"καὶ ἰδοὺ ἐγὼ σκληρυνῶ τὴν καρδίαν Φαραὼ καὶ τῶν Αἰγυπτίων πάντων, καὶ εἰσελεύσονται ὀπίσω αὐτῶν · καὶ ἐνδοξασθήσομαι ἐν Φαραὼ καὶ ἐν πάσῃ τῇ στρατιᾷ αὐτοῦ καὶ ἐν τοῖς ἅρμασι καὶ ἐν τοῖς ἵπποις αὐτοῦ.",,,fut.,,,ὀπίσω αὐτῶν,,back of you,,,,,,,,,ὀπίσω,,,,a rare preposition; the dictionary says that this is a biblical expression i.e. probably a hebreism,,,
98,1943279_dss,BW>[,4Q11,Exodus,14,17,JB>W,W >NJ HNNJ W JB>W >XRJHM W >KBDH B PR<H W B KL XJLW B RKBW W B PRCJW,0 000 0111 1 1111 000000 0 00000 0 0000 0 0 00 0000 0 0000 0 0 11111,qal,impf,W JB>W >XRJHM,,>XRJHM,>XR/,after them,0.0,prep,prps,anim,det,prsf,simple,factive,>XR/,,,,reconstructed?,W >NJ H[NNJ W JB>W] >XRJHM W >KBDH B PR<H W B KL XJLW B RKBW W B [PRCJW],other,44.0
99,36620_mt,BW>[,MT,Exodus,14,20,JB>,W JB> BJN MXNH MYRJM W BJN MXNH JFR>L W JHJ H <NN W H XCK W J>R >T H LJLH W L> QRB ZH >L ZH KL H LJLH,,qal,wayq,W JB> BJN MXNH MYRJM W BJN MXNH JFR>L,,BJN MXNH MYRJM W BJN MXNH JFR>L,BJN/ MXNH/ MYRJM/ W BJN/ MXNH/ JFR>L/,between the camp of Egypt and the camp of Israel,0.0,prep,topo,inanim,det,subs,complex,factive,BJN/,BJN/,,,,,location,
100,36620_lxx,εἰσέρχομαι,LXX,Exodus,14,20,εἰσῆλθεν,"καὶ εἰσῆλθεν ἀνὰ μέσον τῆς παρεμβολῆς τῶν Αἰγυπτίων καὶ ἀνὰ μέσον τῆς παρεμβολῆς Ἰσραὴλ καὶ ἔστη · καὶ ἐγένετο σκότος καὶ γνόφος, καὶ διῆλθεν ἡ νύξ, καὶ οὐ συνέμιξαν ἀλλήλοις ὅλην τὴν νύκτα ·",,,aor.,,,ἀνὰ μέσον τῆς παρεμβολῆς τῶν Αἰγυπτίων καὶ ἀνὰ μέσον τῆς παρεμβολῆς Ἰσραὴλ,,on-between the encampments of Egyptians and on-between the encampents of Israel,,,,,,,,,ἀνὰ μέσον,,,,"this preposition combination on-between is strange & in the Greek there's the verb ""to go"" in the latter part as well (the night comes)",,,
101,36683_mt,BW>[,MT,Exodus,14,22,JB>W,W JB>W BNJ JFR>L B TWK H JM B JBCH W H MJM LHM XMH M JMJNM W M FM>LM,,qal,wayq,W JB>W BNJ JFR>L B TWK H JM B JBCH,BNJ JFR>L,B TWK H JM,B TWK/ H JM/,in/through the midst of the sea,0.0,prep,topo,inanim,det,subs,complex,factive,B,,,,,,trajectory,
102,36683_lxx,εἰσέρχομαι,LXX,Exodus,14,22,εἰσῆλθον,"καὶ εἰσῆλθον οἱ υἱοὶ Ἰσραὴλ εἰς μέσον τῆς θαλάσσης κατὰ τὸ ξηρόν, καὶ τὸ ὕδωρ αὐτῆς τεῖχος ἐκ δεξιῶν καὶ τεῖχος ἐξ εὐωνύμων · E",,,aor.,,οἱ υἱοὶ Ἰσραὴλ,εἰς μέσον τῆς θαλάσσης,,to middle of the sea,,,,,,,,,εἰς μέσον,,,,two prepositions combined,,,
103,36707_mt,BW>[,MT,Exodus,14,23,JB>W,W JRDPW MYRJM W JB>W >XRJHM KL SWS PR<H RKBW W PRCJW >L TWK H JM,,qal,wayq,W JB>W >XRJHM KL SWS PR<H RKBW W PRCJW >L TWK H JM,KL SWS PR<H RKBW W PRCJW,>XRJHM,>XR/,after/behind them,0.0,prep,prps,anim,det,prsf,simple,factive,>XR/,,,,,,other,
104,36707_mt,BW>[,MT,Exodus,14,23,JB>W,W JRDPW MYRJM W JB>W >XRJHM KL SWS PR<H RKBW W PRCJW >L TWK H JM,,qal,wayq,W JB>W >XRJHM KL SWS PR<H RKBW W PRCJW >L TWK H JM,KL SWS PR<H RKBW W PRCJW,>L TWK H JM,>L TWK/ H JM/,into the midst of the sea,0.0,prep,topo,inanim,det,subs,complex,factive,>L,,,,,,trajectory,
105,36707_lxx,εἰσέρχομαι,LXX,Exodus,14,23,εἰσῆλθον,"καὶ κατεδίωξαν οἱ Αἰγύπτιοι καὶ εἰσῆλθον ὀπίσω αὐτῶν, πᾶς ἵππος Φαραὼ καὶ τὰ ἅρματα καὶ οἱ ἀναβάται, εἰς μέσον τῆς θαλάσσης.",,,,,,ὀπίσω αὐτῶν,,behind them,,,,,,,,,ὀπίσω,,,,,,,
106,36707_lxx,εἰσέρχομαι,LXX,Exodus,14,23,εἰσῆλθον,"καὶ κατεδίωξαν οἱ Αἰγύπτιοι καὶ εἰσῆλθον ὀπίσω αὐτῶν, πᾶς ἵππος Φαραὼ καὶ τὰ ἅρματα καὶ οἱ ἀναβάται, εἰς μέσον τῆς θαλάσσης.",,,,,,εἰς μέσον τῆς θαλάσσης,,to middle of the sea,,,,,,,,,εἰς μέσον,,,,,,,
107,1952041_dss,BW>[,4Q18,Exodus,14,23,JB>W,W JRDPW MYRJM W JB>W >XRJHM KL SWS PR<H RKBW W PRCJW >L TWK H JM,1 11111 11111 1 1111 111111 11 111 1111 1111 1 11111 00 000 1 10,qal,wayq,W JB>W >XRJHM KL SWS PR<H RKBW W PRCJW >L TWK H JM,KL SWS PR<H RKBW W PRCJW,>L TWK H JM,>L TWK/ H JM/,into the midst of the sea,0.0,prep,topo,inanim,det,subs,complex,factive,>L,,,,reconstructed?,[W JRDPW MYRJM W JB>W >XRJHM KL SWS PR<H RKBW W PRCJW] >L TWK [H J]M,,49.0
108,1943428_dss,BW>[,4Q11,Exodus,14,23,JB>W,W JRDPW MYRJM W JB>W >XRJHM KL SWS PR<H W RKBW W PRCJW >L TWK H JM,1 11111 11111 1 1111 111111 11 111 1000 0 0000 1 00000 00 001 1 11,qal,wayq,W JB>W >XRJHM KL SWS PR<H W RKBW W PRCJW >L TWK H JM,KL SWS PR<H W RKBW W PRCJW,>L TWK H JM,>L TWK/ H JM/,into the midst of the sea,0.0,prep,topo,inanim,det,subs,complex,factive,>L,,,,reconstructed?,[W JRDPW MYRJM W JB>W >XRJHM KL SWS P]R<H W RKBW [W] PRCJW >L TW[K H JM],,51.0
109,36834_mt,BW>[,MT,Exodus,14,28,B>JM,W JCBW H MJM W JKSW >T H RKB W >T H PRCJM L KL XJL PR<H H B>JM >XRJHM B JM L> NC>R BHM <D >XD,,qal,ptca,H B>JM >XRJHM B JM,,>XRJHM,>XR/,after/behind them,0.0,prep,prps,anim,det,prsf,simple,factive,>XR/,,,,,,other,
110,36834_mt,BW>[,MT,Exodus,14,28,B>JM,W JCBW H MJM W JKSW >T H RKB W >T H PRCJM L KL XJL PR<H H B>JM >XRJHM B JM L> NC>R BHM <D >XD,,qal,ptca,H B>JM >XRJHM B JM,,B JM,B H JM/,in the sea,0.0,prep,topo,inanim,det,subs,simple,factive,B,,,,locative in the database,,goal,
111,36834_lxx,εἰσπορεύω,LXX,Exodus,14,28,εἰσπορευομένους,"καὶ ἐπαναστραφὲν τὸ ὕδωρ ἐκάλυψε τὰ ἅρματα καὶ τοὺς ἀναβάτας καὶ πᾶσαν τὴν δύναμιν Φαραώ, τοὺς εἰσπορευομένους ὀπίσω αὐτῶν, εἰς τὴν θάλασσαν, καὶ οὐ κατελήφθη ἐξ αὐτῶν οὐ -δὲ εἷς.",,,part. Med.,,,ὀπίσω αὐτῶν,,behind them,,,,,,,,,ὀπίσω,,,,,,,
112,36834_lxx,εἰσπορεύω,LXX,Exodus,14,28,εἰσπορευομένους,"καὶ ἐπαναστραφὲν τὸ ὕδωρ ἐκάλυψε τὰ ἅρματα καὶ τοὺς ἀναβάτας καὶ πᾶσαν τὴν δύναμιν Φαραώ, τοὺς εἰσπορευομένους ὀπίσω αὐτῶν, εἰς τὴν θάλασσαν, καὶ οὐ κατελήφθη ἐξ αὐτῶν οὐ -δὲ εἷς.",,,part. Med.,,,εἰς τὴν θάλασσαν,,to the sea,,,,,,,,,εἰς,,,,,,,
113,37122_mt,BW>[,MT,Exodus,15,17,TB>MW,TB>MW W TV<MW B HR NXLTK MKWN L CBTK P<LT JHWH MQDC >DNJ KWNNW JDJK,,hif,impf,TB>MW,,no complement,no complement,,,,,,,,,,,,,,,,,
114,37122_lxx,εἰσάγω,LXX,Exodus,15,17,εἰσαγαγὼν,"εἰσαγαγὼν καταφύτευσον αὐτοὺς εἰς ὄρος κληρονομίας σου, εἰς ἕτοιμον κατοικητήριόν σου, ὃ κατηρτίσω, Κύριε, ἁγίασμα, Κύριε, ὃ ἡτοίμασαν αἱ χεῖρές σου.",,,part. Gen.,,,"εἰς ὄρος κληρονομίας σου, εἰς ἕτοιμον κατοικητήριόν σου",,"to mountain of your inheritance, to prepared household-thing",,,,,,,,,εἰς,,,,how does the Hebrew work here? In Greek there's two complements. The noun κατοικητήριόν is a hapax.,,,
115,1950003_dss,BW>[,4Q14,Exodus,15,17,TBJ>M,TBJ>M W TV<M B HR NXLTK MKWN L CBTK P<LT JHWH MQDC JHWH KWNNW JDK,00000 0 0000 0 00 00001 1111 1 1111 1111 0000 0000 0000 00000 000,hif,impf,TBJ>M,,no complement,no complement,,,,,,,,,,,,,,,TBJ>M W TV<M B HR NXLT[K MKWN L CBTK P<LT] JHWH MQDC JHWH KWNNW JDK,,52.0
116,37144_mt,BW>[,MT,Exodus,15,19,B>,KJ B> SWS PR<H B RKBW W B PRCJW B JM W JCB JHWH <LHM >T MJ H JM W BNJ JFR>L HLKW B JBCH B TWK H JM,,qal,perf,KJ B> SWS PR<H B RKBW W B PRCJW B JM,SWS PR<H,B JM,B H JM/,in the water,0.0,prep,topo,inanim,det,subs,simple,factive fictive,B,,,,water not a destination here,,goal,
117,37144_lxx,εἰσέρχομαι,LXX,Exodus,15,19,εἰσῆλθεν,"ὅτι εἰσῆλθεν ἵππος Φαραὼ σὺν ἅρμασι καὶ ἀναβάταις εἰς θάλασσαν, καὶ ἐπήγαγεν ἐπ’ αὐτοὺς Κύριος τὸ ὕδωρ τῆς θαλάσσης · οἱ δὲ υἱοὶ Ἰσραὴλ ἐπορεύθησαν διὰ ξηρᾶς ἐν μέσῳ τῆς θαλάσσης.",,,aor.,,ἵππος Φαραω,no complement (to the sea is the complement of the next verb),,,,,,,,,,,,,,,,,,
118,37239_mt,BW>[,MT,Exodus,15,23,JB>W,W JB>W MRTH W L> JKLW L CTT MJM M MRH KJ MRJM HM <L KN QR> CMH MRH,,qal,wayq,W JB>W MRTH,,MRTH,MRH=/,to Marah,1.0,dir-he,topo,inanim,det,nmpr,simple,factive,,,,,,,goal,
119,37239_lxx,ἔρχομαι,LXX,Exodus,15,23,ἦλθον,"ἦλθον δὲ εἰς Μερρᾶ καὶ οὐκ ἠδύναντο πιεῖν ἐκ Μερρᾶς, πικρὸν γὰρ ἦν · διὰ τοῦτο ἐπωνόμασε τὸ ὄνομα τοῦ τόπου ἐκείνου Πικρία.",,,aor.,,,εἰς Μερρα,,to Merra,,,,,,,,,εἰς,,,,why erkhomai here without eis-? Same in the next 3 hits.,,,
120,1955219_dss,BW>[,4Q22,Exodus,15,23,JB>W,W JB>W MRTH W L> JKLW L CTT MJM M MRH KJ MRJM HM <L KN QR> CMH MRH,0 0000 0000 1 11 1111 1 111 111 1 111 11 1111 10 00 00 000 111 111,qal,wayq,W JB>W MRTH,,MRTH,MRH=/,to Marah,1.0,dir-he,topo,inanim,det,nmpr,simple,factive,,,,,,W JB>W MRTH [W L> JKLW L CTT MJM M MRH KJ MRJM H]M <L KN QR> [CMH MRH],goal,54.0
121,37331_mt,BW>[,MT,Exodus,15,27,JB>W,W JB>W >JLMH W CM CTJM <FRH <JNT MJM W CB<JM TMRJM W JXNW CM <L H MJM,,qal,wayq,W JB>W >JLMH,,>JLMH,>JLM=/,to Elim,1.0,dir-he,topo,inanim,det,nmpr,simple,factive,,,,,,,goal,
122,37331_lxx,ἔρχομαι,LXX,Exodus,15,27,ἤλθοσαν,"καὶ ἤλθοσαν εἰς Αἰλείμ, καὶ ἦσαν ἐκεῖ δώδεκα πηγαὶ ὑδάτων καὶ ἑβδομήκοντα στελέχη φοινίκων · παρενέβαλον δὲ ἐκεῖ παρὰ τὰ ὕδατα.",,,aor.,,,εἰς Αἰλείμ,,to Aileim,,,,,,,,,εἰς,,,,,,,
123,37353_mt,BW>[,MT,Exodus,16,1,JB>W,W JS<W M >JLM W JB>W KL <DT BNJ JFR>L >L MDBR SJN >CR BJN >JLM W BJN SJNJ B XMCH <FR JWM L XDC H CNJ L Y>TM M >RY MYRJM,,qal,wayq,W JB>W KL <DT BNJ JFR>L >L MDBR SJN B XMCH <FR JWM L XDC H CNJ,KL <DT BNJ JFR>L,>L MDBR SJN,>L MDBR/ SJN/,into the wilderness of Sin,0.0,prep,topo,inanim,det,subs,complex,factive,>L,,,,,,goal,
124,37353_lxx,ἔρχομαι,LXX,Exodus,16,1,ἤλθοσαν,"ἀπῆραν δὲ ἐξ Αἰλεὶμ καὶ ἤλθοσαν πᾶσα συναγωγὴ υἱῶν Ἰσραὴλ εἰς τὴν ἔρημον Σίν, ὅ ἐστιν ἀνὰ μέσον Αἰλεὶμ καὶ ἀνὰ μέσον Σινά. τῇ δὲ πεντεκαιδεκάτῃ ἡμέρᾳ τῷ μηνὶ τῷ δευτέρῳ ἐξεληλυθότων αὐτῶν ἐκ γῆς Αἰγύπτου,",,,aor.,,πᾶσα συναγωγὴ υἱῶν Ἰσραὴλ,εἰς τὴν ἔρημον Σίν,,to the empty Sin,,,,,,,,,εἰς,,,,"In Greek there's another verb ""to go"" in the end.",,,
125,37480_mt,BW>[,MT,Exodus,16,5,JBJ>W,W HJH B JWM H CCJ W HKJNW >T >CR JBJ>W W HJH MCNH <L >CR JLQVW JWM JWM,,hif,impf,>T >CR JBJ>W,,no complement,no complement,,,,,,,,,,,,,,,,,
126,37480_lxx,εἰσφέρω,LXX,Exodus,16,5,εἰσενέγκωσι,"καὶ ἔσται ἐν τῇ ἡμέρᾳ τῇ ἕκτῃ καὶ ἑτοιμάσουσιν ὃ ἂν εἰσενέγκωσι, καὶ ἔσται διπλοῦν ὃ ἐὰν συναγάγωσι τὸ καθ’ ἡμέραν εἰς ἡμέραν.",,,aor.,,,no complement,no complement,,,,,,,,,,,,,,,,,
127,37837_mt,BW>[,MT,Exodus,16,22,JB>W,W JHJ B JWM H CCJ LQVW LXM MCNH CNJ H <MR L >XD W JB>W KL NFJ>J H <DH W JGJDW L MCH,,qal,wayq,W JB>W KL NFJ>J H <DH,KL NFJ>J H <DH,no complement,no complement,,,,,,,,,,,,,,,,,
128,37837_lxx,εἰσέρχομαι,LXX,Exodus,16,22,εἰσήλθοσαν,"ἐγένετο δὲ τῇ ἡμέρᾳ τῇ ἕκτῃ, συνέλεξαν τὰ δέοντα διπλᾶ, δύο γομὸρ τῷ ἑνί · εἰσήλθοσαν δὲ πάντες οἱ ἄρχοντες τῆς συναγωγῆς καὶ ἀνήγγειλαν Μωυσῇ ·",,,aor.,,πάντες οἱ ἄρχοντες τῆς συναγωγῆς,no complement,no complement,,,,,,,,,,,,,,,,,
129,38103_mt,BW>[,MT,Exodus,16,35,B>M,W BNJ JFR>L >KLW >T H MN >RB<JM CNH <D B>M >L >RY NWCBT >T H MN >KLW <D B>M >L QYH >RY KN<N,,qal,infc,<D B>M >L >RY NWCBT,,>L >RY NWCBT,>L >RY/ JCB[,to an inhabited land,0.0,prep,topo,inanim,und,subs,complex,factive,>L,,,,,,goal,
130,38112_mt,BW>[,MT,Exodus,16,35,B>M,W BNJ JFR>L >KLW >T H MN >RB<JM CNH <D B>M >L >RY NWCBT >T H MN >KLW <D B>M >L QYH >RY KN<N,,qal,infc,<D B>M >L QYH >RY KN<N,,>L QYH >RY KN<N,>L QYH=/ >RY/ KN<N/,to the border of the land of Canaan,0.0,prep,topo,inanim,det,subs,complex,factive,>L,,,,,,goal,
131,38103_lxx,ἔρχομαι,LXX,Exodus,16,35,ἦλθον,"οἱ δὲ υἱοὶ Ἰσραὴλ ἔφαγον τὸ μὰν ἔτη τεσσαράκοντα, ἕως ἦλθον εἰς γῆν οἰκουμένην · ἐφάγοσαν τὸ μάν, ἕως παρεγένοντο εἰς μέρος τῆς Φοινίκης.",,,aor.,,οἱ -- υἱοὶ Ἰσραὴλ,εἰς γῆν οἰκουμένην,,to an inhabited land,,,,,,,,,εἰς,,,,,,,
132,38112_lxx,παραγίγνομαι,LXX,Exodus,16,35,παρεγένοντο,"οἱ δὲ υἱοὶ Ἰσραὴλ ἔφαγον τὸ μὰν ἔτη τεσσαράκοντα, ἕως ἦλθον εἰς γῆν οἰκουμένην · ἐφάγοσαν τὸ μάν, ἕως παρεγένοντο εἰς μέρος τῆς Φοινίκης.",,,aor.,,οἱ --̀ υἱοὶ Ἰσραὴλ,εἰς μέρος τῆς Φοινίκης,,to part of the Phoinicians,,,,,,,,,εἰς,,,,,,,
133,38311_mt,BW>[,MT,Exodus,17,8,JB>,W JB> <MLQ W JLXM <M JFR>L B RPJDM,,qal,wayq,W JB> <MLQ,<MLQ,no complement,no complement,,,,,,,,,,,,,,,,,
134,38311_lxx,ἔρχομαι,LXX,Exodus,17,8,ἦλθε,ἦλθε δὲ Ἀμαλὴκ καὶ ἐπολέμει Ἰσραὴλ ἐν Ραφιδείν.,,,aor.,,Ἀμαλὴκ,no complement,,,,,,,,,,,,,,,,,,
135,38416_mt,BW>[,MT,Exodus,17,12,B>,W JDJ MCH KBDJM W JQXW >BN W JFJMW TXTJW W JCB <LJH W >HRN W XWR TMKW B JDJW M ZH >XD W M ZH >XD W JHJ JDJW >MWNH <D B> H CMC,,qal,infc,<D B> H CMC,H CMC,no complement,no complement,,,,,,,,,,,,,,,,,
136,38416_lxx,δυσμή,LXX,Exodus,17,12,δυσμῶν,"αἱ δὲ χεῖρες Μωυσῆ βαρεῖαι · E καὶ λαβόντες λίθον ὑπέθηκαν ὑπ’ αὐτόν, καὶ ἐκάθητο ἐπ’ αὐτοῦ, καὶ Ἀαρὼν καὶ Ὢρ ἐστήριζον τὰς χεῖρας αὐτοῦ, ἐντεῦθεν εἷς καὶ ἐντεῦθεν εἷς · E καὶ ἐγένοντο αἱ χεῖρες Μωυσῆ ἐστηριγμέναι ἕως δυσμῶν ἡλίου.",,,,,,,,,,,,,,,,,,,,,"""until the setting of sun"" without a verb. The noun has a verbal root, but the used word is a noun. (δυσμή <-  δύω)",,,
137,38548_mt,BW>[,MT,Exodus,18,5,JB>,W JB> JTRW XTN MCH W BNJW W >CTW >L MCH >L H MDBR >CR HW> XNH CM HR H >LHJM,,qal,wayq,W JB> JTRW XTN MCH W BNJW W >CTW >L MCH >L H MDBR,JTRW XTN MCH W BNJW W >CTW,>L MCH >L H MDBR,>L MCH=/ >L H MDBR/,to Moses into the wilderness,0.0,prep + prep,pers,anim,det,nmpr,complex,factive,>L,>L,,,,,goal,
138,38548_lxx,ἐξέρχομαι,LXX,Exodus,18,5,ἐξῆλθεν,"καὶ ἐξῆλθεν Ἰοθὸρ ὁ γαμβρὸς Μωυσῆ καὶ οἱ υἱοὶ καὶ ἡ γυνὴ πρὸς Μωυσῆν εἰς τὴν ἔρημον, οὗ παρενέβαλεν ἐπ’ ὄρους τοῦ Θεοῦ.",,,aor.,,Ἰοθὸρ ὁ γαμβρὸς Μωυσῆ καὶ οἱ υἱοὶ καὶ ἡ γυνὴ,πρὸς Μωυσῆν εἰς τὴν ἔρημον,,towards Moses to the desert (emptiness),,,,,,,,,πρός,,,,,,,
139,1956017_dss,BW>[,4Q22,Exodus,18,5,JB>,W JB> JTRW XTN MCH W BNJW W >CTW >L MCH >L H MDBR >CR HW> XNH CM HR H >LHJM,1 111 0000 111 000 0 0001 0 0000 00 000 10 0 0011 111 111 100 00 00 0 00000,qal,wayq,W JB> JTRW XTN MCH W BNJW W >CTW >L MCH >L H MDBR,JTRW XTN MCH W BNJW W >CTW,>L MCH >L H MDBR,>L MCH=/ >L H MDBR/,to Moses into the wilderness,0.0,prep + prep,pers,anim,det,nmpr,complex,factive,>L,>L,,,reconstructed?,[W JB>] JTRW [XTN] MCH W BNJ[W] W >CTW >L MCH [>]L H MD[BR >CR HW> X]NH CM HR H >LHJM,,63.0
140,1950531_dss,BW>[,4Q14,Exodus,18,5,JB>,W JB> JTRW XTN MCH W BNJW W >CTW >L MCH >L H MDBR >CR HW> XNH CM HR H >LHJM,1 111 1111 111 000 0 0000 0 0000 00 011 00 0 0000 011 111 111 11 11 1 11111,qal,wayq,W JB> JTRW XTN MCH W BNJW W >CTW >L MCH >L H MDBR,JTRW XTN MCH W BNJW W >CTW,>L MCH >L H MDBR,>L MCH=/ >L H MDBR/,to Moses into the wilderness,0.0,prep + prep,pers,anim,det,nmpr,complex,factive,>L,>L,,,reconstructed?,[W JB> JTRW XTN] MCH W BNJW W >CTW >L M[CH] >L H MDBR >[CR HW> XNH CM HR H >LHJM],,64.0
141,38575_mt,BW>[,MT,Exodus,18,6,B>,W J>MR >L MCH >NJ XTNK JTRW B> >LJK W >CTK W CNJ BNJH <MH,,qal,ptca,>NJ XTNK JTRW B> >LJK,>NJ XTNK JTRW,>LJK,>L,to you,0.0,prep,prps,anim,det,prsf,simple,factive,>L,,,,,,goal,
142,38575_lxx,παραγίγνομαι,LXX,Exodus,18,6,παραγίνεται,"ἀνηγγέλη δὲ Μωυσῇ λέγοντες · ἰδοὺ ὁ γαμβρός σου Ἰοθὸρ παραγίνεται πρὸς σέ, καὶ ἡ γυνὴ καὶ οἱ δύο υἱοί σου μετ’ αὐτοῦ.",,,pres. Ind.,,ὁ γαμβρός σου Ἰοθὸρ -- καὶ ἡ γυνὴ καὶ οἱ δύο υἱοί σου,πρὸς σε,,towards you,,,,,,,,,πρός,,,,,,,
143,38602_mt,BW>[,MT,Exodus,18,7,JB>W,W JY> MCH L QR>T XTNW W JCTXW W JCQ LW W JC>LW >JC L R<HW L CLWM W JB>W H >HLH,,qal,wayq,W JB>W H >HLH,,H >HLH,H >HL/,to the tent,1.0,dir-he,topo,inanim,det,subs,simple,factive,,,,,,,goal,
144,38602_lxx,ἐξέρχομαι,LXX,Exodus,18,7,ἐξῆλθε,"ἐξῆλθε δὲ Μωυσῆς εἰς συνάντησιν τῷ γαμβρῷ καὶ προσεκύνησεν αὐτῷ καὶ ἐφίλησεν αὐτόν, καὶ ἠσπάσαντο ἀλλήλους · καὶ εἰσήγαγεν αὐτοὺς εἰς τὴν σκηνήν.",,,aor.,,Μωυσῆς,εἰς συνάντησιν τῷ γαμβρω,,to meeting the brother-in-law,,,,,,,,,εἰς,,,,"συνάντησις is a rare noun, but used in a papyrus p.cair.zen -> possibly more common in everyday Greek",,,
145,1950587_dss,BW>[,4Q14,Exodus,18,7,JBJ>HW,W JY> MCH L QR>T XTNW W JCTXW W JCQ LW W JC>LW >JC L R<HW L CLWM W JBJ>HW H >HLH,1 111 000 0 0000 0011 0 00001 1 111 11 1 11111 111 1 1111 1 1110 0 000000 0 0000,hif,wayq,W JBJ>HW H >HLH,,H >HLH,H >HL/,to the tent,1.0,dir-he,obj,inanim,det,subs,simple,factive,,,,,,[W JY>] MCH L QR>T XT[NW] W JCTX[W W JCQ LW W JC>LW >JC L R<HW L CLW]M W JBJ>HW H >HLH,,68.0
146,38703_mt,BW>[,MT,Exodus,18,12,JB>,W JQX JTRW XTN MCH <LH W ZBXJM L >LHJM W JB> >HRN W KL ZQNJ JFR>L L >KL LXM <M XTN MCH L PNJ H >LHJM,,qal,wayq,W JB> >HRN W KL ZQNJ JFR>L,>HRN W KL ZQNJ JFR>L,no complement,no complement,,,,,,,,,,,,,,,,,
147,38703_lxx,παραγίγνομαι,LXX,Exodus,18,12,παρεγένετο,καὶ ἔλαβεν Ἰοθὸρ ὁ γαμβρὸς Μωυσῆ ὁλοκαυτώματα καὶ θυσίας τῷ Θεῷ · παρεγένετο δὲ Ἀαρὼν καὶ πάντες οἱ πρεσβύτεροι Ἰσραὴλ συμφαγεῖν ἄρτον μετὰ τοῦ γαμβροῦ Μωυσῆ ἐναντίον τοῦ Θεοῦ.,,,aor.,,Ἀαρὼν καὶ πάντες οἱ πρεσβύτεροι Ἰσραὴλ,"(the inf. συμφαγεῖν, they came to eat together)",,,,,,,,,,,,,,,,,,
148,38789_mt,BW>[,MT,Exodus,18,15,JB>,W J>MR MCH L XTNW KJ JB> >LJ H <M L DRC >LHJM,,qal,impf,KJ JB> >LJ H <M,H <M,>LJ,>L,to me,0.0,prep,prps,anim,det,prsf,simple,factive,>L,,,,,,goal,
149,38789_lxx,παραγίγνομαι,LXX,Exodus,18,15,παραγίνεται,"καὶ λέγει Μωυσῆς τῷ γαμβρῷ, ὅτι παραγίνεται πρός με ὁ λαὸς ἐκζητῆσαι κρίσιν παρὰ τοῦ Θεοῦ.",,,pres. Ind.,,ὁ λαὸς,πρός με,,towards me,,,,,,,,,πρός,,,,,,,
150,38800_mt,BW>[,MT,Exodus,18,16,B>,KJ JHJH LHM DBR B> >LJ W CPVTJ BJN >JC W BJN R<HW W HWD<TJ >T XQJ H >LHJM W >T TWRTJW,,qal,perf,B> >LJ,,>LJ,>L,to me,0.0,prep,prps,anim,det,prsf,simple,factive,>LJ,,,,,,goal,
151,38800_lxx,ἔρχομαι,LXX,Exodus,18,16,ἔλθωσι,"ὅταν γὰρ γένηται αὐτοῖς ἀντιλογία καὶ ἔλθωσι πρός με, διακρίνω ἕκαστον καὶ συμβιβάζω αὐτοὺς τὰ προστάγματα τοῦ Θεοῦ καὶ τὸν νόμον αὐτοῦ.",,,aor.,,,πρός με,,towards me,,,,,,,,,πρός,,,,,,,
152,1956274_dss,BW>[,4Q22,Exodus,18,16,BW>,KJ JHJH LHM DBR W BW> >LJ W CPVTJ BJN >JC W BJN R<HW W HWD<TJ >T XWQJ H >LHJM W >T TWRTJW,11 1111 000 000 0 110 000 1 11111 110 000 0 001 1111 1 111111 00 0000 0 00000 1 11 111111,qal,infa,W BW> >LJ,,>LJ,>L,to me,0.0,prep,prps,anim,det,prsf,simple,factive,>L,,,,reconstructed?,[KJ JHJH] LHM DBR W [BW]> >LJ [W CPVTJ BJ]N >JC W BJ[N R<HW W HWD<TJ] >T XWQJ H >LHJM [W >T TWRTJW],,70.0
153,38869_mt,BW>[,MT,Exodus,18,19,HB>T,<TH CM< B QLJ >J<YK W JHJ >LHJM <MK HJH >TH L <M MWL H >LHJM W HB>T >TH >T H DBRJM >L H >LHJM,,hif,perf,W HB>T >TH >T H DBRJM >L H >LHJM,>TH,>L H >LHJM,>L H >LHJM/,to the God,0.0,prep,pers,anim,det,subs,simple,factive fictive,>L,,,,"bring the matters to God, actual motion?",,other,
154,38869_lxx,ἀναφέρω,LXX,Exodus,18,19,ἀνοίσεις,"νῦν οὖν ἄκουσόν μου καὶ συμβουλεύσω σοι, καὶ ἔσται ὁ Θεὸς μετὰ σοῦ. γίνου σὺ τῷ λαῷ τὰ πρὸς τὸν Θεὸν καὶ ἀνοίσεις τοὺς λόγους αὐτῶν πρὸς τὸν Θεόν,",,,fut. ind. 2p sg,,σὺ,πρὸς τὸν Θεὸν,,infront of God,,,,,,,,,πρός,,,,,,,
155,38943_mt,BW>[,MT,Exodus,18,22,JBJ>W,W CPVW >T H <M B KL <T W HJH KL H DBR H GDL JBJ>W >LJK W KL H DBR H QVN JCPVW HM W HQL M <LJK W NF>W >TK,,hif,impf,KL H DBR H GDL JBJ>W >LJK,,>LJK,>L,to you,0.0,prep,prps,anim,det,prsf,simple,fictive,>L,,,,bring the matters to you fictive motion,,other,
156,38943_lxx,ἀναφέρω,LXX,Exodus,18,22,ἀνοίσουσιν,"καὶ κρινοῦσι τὸν λαὸν πᾶσαν ὥραν · τὸ δὲ ρῆμα τὸ ὑπέρογκον ἀνοίσουσιν ἐπὶ σέ, τὰ δὲ βραχέα τῶν κριμάτων κρινοῦσιν αὐτοὶ καὶ κουφιοῦσιν ἀπὸ σοῦ καὶ συναντιλήψονταί σοι.",,,fut.,,,ἐπὶ σε,,to you,,,,,,,,,ἐπὶ,,,,,,,
157,38982_mt,BW>[,MT,Exodus,18,23,JB>,>M >T H DBR H ZH T<FH W YWK >LHJM W JKLT <MD W GM KL H <M H ZH <L MQMW JB> B CLWM,,qal,impf,W GM KL H <M H ZH <L MQMW JB> B CLWM,GM KL H <M H ZH,<L MQMW,<L MQWM/,to his/their place (of the people),0.0,prep,topo,inanim,det,subs,complex,factive fictive,<L,,,,all the people will go to their place / place as actual place or describing a status?,,goal,
158,38982_lxx,ἥκω,LXX,Exodus,18,23,ἥξει,"ἐὰν τὸ ρῆμα τοῦτο ποιήσῃς, κατισχύσει σε ὁ Θεός, καὶ δυνήσῃ παραστῆναι, καὶ πᾶς ὁ λαὸς οὗτος εἰς τὸν ἑαυτοῦ τόπον μετ’ εἰρήνης ἥξει.",,,fut.,,πᾶς ὁ λαὸς οὗτος,εἰς τὸν ἑαυτοῦ τόπον,,to their place,,,,,,,,,εἰς,,,,"seems that the Hebrew ""place"" is here translated literally, topos is normally not one's home in Greek",,,
159,1956461_dss,BW>[,4Q22,Exodus,18,23,JBW>,>M >T H DBR H ZH T<FH W YWK >LHJM W JKLT <MD W GM KL H <M H ZH >L MQWMW JBW> B CLWM,11 11 1 100 0 00 1011 1 111 11111 1 1111 111 1 11 11 1 10 0 11 00 00011 1111 1 1111,qal,impf,W GM KL H <M H ZH >L MQWMW JBW> B CLWM,GM KL H <M H ZH,>L MQWMW,<L MQWM/,to his place,0.0,prep,place,inanim,det,subs,complex,factive,<L,,,,reconstructed?,[>M >T H D]BR H ZH [T]<[FH W YWK >LHJM W JKLT <MD W GM KL H <]M H [ZH] >L MQW[MW JBW> B CLWM],goal,74.0
160,39033_mt,BW>[,MT,Exodus,18,26,JBJ>WN,W CPVW >T H <M B KL <T >T H DBR H QCH JBJ>WN >L MCH W KL H DBR H QVN JCPWVW HM,,hif,impf,>T H DBR H QCH JBJ>WN >L MCH,,>L MCH,>L MCH=/,to Moses,0.0,prep,pers,anim,det,nmpr,simple,fictive,>L,,,,,,other,
161,39033_lxx,ἀναφέρω,LXX,Exodus,18,26,ἀνεφέροσαν,"καὶ ἐκρίνοσαν τὸν λαὸν πᾶσαν ὥραν · πᾶν δὲ ρῆμα ὑπέρογκον ἀνεφέροσαν ἐπὶ Μωυσῆν, πᾶν δὲ ρῆμα ἐλαφρὸν ἐκρίνοσαν αὐτοί.",,,aor.,,,ἐπὶ Μωυσῆν,,to Moses,,,,,,,,,ἐπὶ,,,,,,,
162,39071_mt,BW>[,MT,Exodus,19,1,B>W,B XDC H CLJCJ L Y>T BNJ JFR>L M >RY MYRJM B JWM H ZH B>W MDBR SJNJ,,qal,perf,B XDC H CLJCJ B JWM H ZH B>W MDBR SJNJ,,MDBR SJNJ,MDBR/ SJNJ=/,to the wilderness of Sinai,0.0,vc,topo,inanim,det,subs,complex,factive,,,,,,,goal,
163,39071_lxx,ἔρχομαι,LXX,Exodus,19,1,ἤλθοσαν,τοῦ δὲ μηνὸς τοῦ τρίτου τῆς ἐξόδου τῶν υἱῶν Ἰσραὴλ ἐκ γῆς Αἰγύπτου τῇ ἡμέρᾳ ταύτῃ ἤλθοσαν εἰς τὴν ἔρημον τοῦ Σινά.,,,aor.,,,εἰς τὴν ἔρημον τοῦ Σινα,,to the desert of Sina,,,,,,,,,εἰς,,,,,,,
164,39079_mt,BW>[,MT,Exodus,19,2,JB>W,W JS<W M RPJDJM W JB>W MDBR SJNJ W JXNW B MDBR W JXN CM JFR>L NGD H HR,,qal,wayq,W JB>W MDBR SJNJ,,MDBR SJNJ,MDBR/ SJNJ=/,to the wilderness of Sinai,0.0,vc,topo,inanim,det,subs,complex,factive,,,,,,,goal,
165,39079_lxx,ἔρχομαι,LXX,Exodus,19,2,ἤλθοσαν,"καὶ ἀπῇραν ἐκ Ραφιδεὶν καὶ ἤλθοσαν εἰς τὴν ἔρημον τοῦ Σινά, καὶ παρενέβαλεν ἐκεῖ Ἰσραὴλ κατέναντι τοῦ ὄρους.",,,aor.,,,εἰς τὴν ἔρημον τοῦ Σινα,,to the desert of Sina,,,,,,,,,εἰς,,,,,,,
166,39132_mt,BW>[,MT,Exodus,19,4,>B>,>TM R>JTM >CR <FJTJ L MYRJM W >F> >TKM <L KNPJ NCRJM W >B> >TKM >LJ,,hif,wayq,W >B> >TKM >LJ,,>LJ,>L,to me/to myself,0.0,prep,prps,anim,det,prsf,simple,factive fictive,>L,,,,,,goal,
167,39132_lxx,ἀναλαμβάνω,LXX,Exodus,19,4,ἀνέλαβον,"αὐτοὶ ἑωράκατε ὅσα πεποίηκα τοῖς Αἰγυπτίοις, καὶ ἀνέλαβον ὑμᾶς ὡσεὶ ἐπὶ πτερύγων ἀετῶν καὶ προσηγαγόμην ὑμᾶς πρὸς ἐμαυτόν.",,,aor.,,,no complement,,"(In Greek, ""to me"" is the complement of the next verb)",,,,,,,,,,,,,,,,
168,39177_mt,BW>[,MT,Exodus,19,7,JB>,W JB> MCH W JQR> L ZQNJ H <M W JFM L PNJHM >T KL H DBRJM H >LH >CR YWHW JHWH,,qal,wayq,W JB> MCH,MCH,no complement,no complement,,,,,,,,,,,,,,,,,
169,39177_lxx,ἔρχομαι,LXX,Exodus,19,7,ἦλθε,"ἦλθε δὲ Μωυσῆς καὶ ἐκάλεσε τοὺς πρεσβυτέρους τοῦ λαοῦ καὶ παρέθηκεν αὐτοῖς πάντας τοὺς λόγους τούτους, οὓς συνέταξεν αὐτῷ ὁ Θεός.",,,aor. Ind.,,Μωυσῆς,no complement,no complement,,,,,,,,,,,,,,,,,
170,39227_mt,BW>[,MT,Exodus,19,9,B>,W J>MR JHWH >L MCH HNH >NKJ B> >LJK B <B H <NN B <BWR JCM< H <M B DBRJ <MK W GM BK J>MJNW L <WLM W JGD MCH >T DBRJ H <M >L JHWH,,qal,ptca,HNH >NKJ B> >LJK B <B H <NN,>NKJ,>LJK,>L,to you,0.0,prep,prps,anim,det,prsf,simple,factive,>L,,,,,,goal,
171,39227_lxx,παραγίγνομαι,LXX,Exodus,19,9,παραγίνομαι,"εἶπε δὲ Κύριος πρὸς Μωυσῆν · ἰδοὺ ἐγὼ παραγίνομαι πρὸς σὲ ἐν στύλῳ νεφέλης, ἵνα ἀκούσῃ ὁ λαὸς λαλοῦντός μου πρὸς σὲ καὶ σοὶ πιστεύσωσιν εἰς τὸν αἰῶνα. ἀνήγγειλε δὲ Μωυσῆς τὰ ρήματα τοῦ λαοῦ πρὸς Κύριον.",,,pres. Ind.,,ἐγὼ,πρὸς σε,,towards you,,,,,,,,,πρός,,,,,,,
172,39901_mt,BW>[,MT,Exodus,20,20,B>,W J>MR MCH >L H <M >L TJR>W KJ L B <BWR NSWT >TKM B> H >LHJM W B <BWR THJH JR>TW <L PNJKM L BLTJ TXV>W,,qal,perf,KJ B> H >LHJM,H >LHJM,no complement,no complement,,,,,,,,,,,,,,,,,
173,39901_lxx,παραγίγνομαι,LXX,Exodus,20,20,παρεγενήθη,"καὶ λέγει αὐτοῖς Μωυσῆς · θαρσεῖτε, ἕνεκεν γὰρ τοῦ πειράσαι ὑμᾶς παρεγενήθη ὁ Θεὸς πρὸς ὑμᾶς, ὅπως ἂν γένηται ὁ φόβος αὐτοῦ ἐν ὑμῖν, ἵνα μὴ ἁμαρτάνητε.",,,"aor,",,ὁ Θεὸς,πρὸς ὑμᾶς,,towards you,,,,,,,,,πρός,,,,,,,
174,39984_mt,BW>[,MT,Exodus,20,24,>BW>,MZBX >DMH T<FH LJ W ZBXT <LJW >T <LTJK W >T CLMJK >T Y>NK W >T BQRK B KL H MQWM >CR >ZKJR >T CMJ >BW> >LJK W BRKTJK,,qal,impf,B KL H MQWM >BW> >LJK,,>LJK,>L,to you,0.0,prep,prps,anim,det,prsf,simple,factive fictive,>L,,,,"God says to Moses ""I will come to you"", factive or fictive?",,goal,
175,39984_lxx,ἥκω,LXX,Exodus,20,24,ἥξω,"θυσιαστήριον ἐκ γῆς ποιήσετέ μοι καὶ θύσετε ἐπ’ αὐτοῦ τὰ ὁλοκαυτώματα ὑμῶν καὶ τὰ σωτήρια ὑμῶν καὶ τὰ πρόβατα καὶ τοὺς μόσχους ὑμῶν ἐν παντὶ τόπῳ, οὗ ἐὰν ἐπονομάσω τὸ ὄνομά μου ἐκεῖ, καὶ ἥξω πρὸς σὲ καὶ εὐλογήσω σε.",,,fut.,,,πρὸς σε,,towards you,,,,,,,,,πρός,,,,,,,
176,40043_mt,BW>[,MT,Exodus,21,3,JB>,>M B GPW JB> B GPW JY> >M B<L >CH HW> W JY>H >CTW <MW,,qal,impf,>M B GPW JB>,,no complement,no complement,,,,,,,,,,,,,,,,,
177,40043_lxx,εἰσέρχομαι,LXX,Exodus,21,3,εἰσέλθῃ,"ἐὰν αὐτὸς μόνος εἰσέλθῃ, καὶ μόνος ἐξελεύσεται · ἐὰν δὲ γυνὴ συνεισέλθῃ μετ’ αὐτοῦ, ἐξελεύσεται καὶ ἡ γυνὴ αὐτοῦ.",,,aor. Konj.,,,no complement,no complement,,,,,,,,,,,,,,,,,
178,40767_mt,BW>[,MT,Exodus,22,8,JB>,<L KL DBR PC< <L CWR <L XMWR <L FH <L FLMH <L KL >BDH >CR J>MR KJ HW> ZH <D H >LHJM JB> DBR CNJHM >CR JRCJ<N >LHJM JCLM CNJM L R<HW,,qal,impf,<L KL DBR PC< <L CWR <L XMWR <L FH <L FLMH <L KL >BDH <D H >LHJM JB> DBR CNJHM,DBR CNJHM,<D H >LHJM,<D H >LHJM/,to (the) God,0.0,prep,pers,anim,det,subs,simple,factive fictive,<D,,,,"come to God? Is there the word ""face"" in the Hebrew? That could explain the odd Greek.",,other,
179,40767_lxx,προσέρχομαι,LXX,Exodus,22,8,προσελεύσεται,"ἐὰν δὲ μὴ εὑρεθῇ ὁ κλέψας, προσελεύσεται ὁ κύριος τῆς οἰκίας ἐνώπιον τοῦ Θεοῦ καὶ ὀμεῖται ἦ μὴν μὴ αὐτὸν πεπονηρεῦσθαι ἐφ’ ὅλης τῆς παρακαταθήκης τοῦ πλησίον.",,,fut. med.,,ὁ κύριος τῆς οἰκίας,ἐνώπιον τοῦ Θεου,,to face the god (again the rare preposition),,,,,,,,,ἐνώπιον,,,,,,,
180,40830_mt,BW>[,MT,Exodus,22,12,JB>HW,>M VRP JVRP JB>HW <D H VRPH L> JCLM,,hif,impf,JB>HW <D,,no complement,no complement,,,,,,,,,,,,,,,,,
181,40830_lxx,ἀποτίνω,LXX,Exodus,22,12,ἀποτίσει,"ἐὰν δὲ κλαπῇ παρ’ αὐτοῦ, ἀποτίσει τῷ κυρίῳ.",,,fut.,,,no complement,no complement,,,,,,,,,,,,,,,,,
182,40860_mt,BW>[,MT,Exodus,22,14,B>,>M B<LJW <MW L> JCLM >M FKJR HW> B> B FKRW,,qal,perf,B> B FKRW,,B FKRW,B FKR/,for (to) its wages,0.0,prep,other,inanim,det,subs,complex,factive fictive,B,,,,"come for its wages, curious as a complement. Verbal expression ""he goes into payment""",,other,
183,40860_lxx,ἀποτίνω,LXX,Exodus,22,14,ἀποτίσει,"ἐὰν δὲ αἰτήσῃ τις παρὰ τοῦ πλησίον, καὶ συντριβῇ ἢ ἀποθάνῃ ἢ αἰχμάλωτον γένηται, ὁ δὲ κύριος μὴ ᾖ μετ’ αὐτοῦ, ἀποτίσει ·",,,fut.,,,no complement,no complement,,,,,,,,,,,,,,"only the verb ""to pay back"" in future tense, no going.",,,
184,40982_mt,BW>[,MT,Exodus,22,25,B>,>M XBL TXBL FLMT R<K <D B> H CMC TCJBNW LW,,qal,infc,<D B> H CMC,H CMC,no complement,no complement,,,,,,,,,,,,,,,,,
185,40982_lxx,ἐπιτίθημι,LXX,Exodus,22,25,ἐπιθήσεις,"ἐὰν δὲ ἀργύριον ἐκδανείσῃς τῷ ἀδελφῷ τῷ πενιχρῷ παρὰ σοί, οὐκ ἔσῃ αὐτὸν κατεπείγων, οὐκ ἐπιθήσεις αὐτῷ τόκον.",,,fut.,,,no complement,no complement,,,,,,,,,,,,,,,,,
186,41335_mt,BW>[,MT,Exodus,23,19,TBJ>,R>CJT BKWRJ >DMTK TBJ> BJT JHWH >LHJK L> TBCL GDJ B XLB >MW,,hif,impf,R>CJT BKWRJ >DMTK TBJ> BJT JHWH >LHJK,,BJT JHWH >LHJK,BJT/ JHWH/ >LHJM/,in the house of Yahweh your God,0.0,vc,topo,inanim,det,subs,complex,factive,,,,,,,goal,
187,41335_lxx,εἰσφέρω,LXX,Exodus,23,19,εἰσοίσεις,τὰς ἀπαρχὰς τῶν πρωτογεννημάτων τῆς γῆς σου εἰσοίσεις εἰς τὸν οἶκον Κυρίου τοῦ Θεοῦ σου. οὐχ ἑψήσεις ἄρνα ἐν γάλακτι μητρὸς αὐτοῦ.,,,fut.,,,εἰς τὸν οἶκον Κυρίου τοῦ Θεοῦ σου,,to the house of Lord your god,,,,,,,,,εἰς,,,,,,,
188,41358_mt,BW>[,MT,Exodus,23,20,HBJ>K,HNH >NKJ CLX ML>K L PNJK L CMRK B DRK W L HBJ>K >L H MQWM >CR HKNTJ,,hif,infc,W L HBJ>K >L H MQWM,,>L H MQWM,>L H MQWM/,to the place,0.0,prep,topo,inanim,det,subs,simple,factive,>L,,,,,,goal,
189,41358_lxx,εἰσάγω,LXX,Exodus,23,20,εἰσαγάγῃ,"καὶ ἰδοὺ ἐγὼ ἀποστέλλω τὸν ἄγγελόν μου πρὸ προσώπου σου, ἵνα φυλάξῃ σε ἐν τῇ ὁδῷ, ὅπως εἰσαγάγῃ σε εἰς τὴν γῆν, ἣν ἡτοίμασά σοι.",,,pres. Konj.,,,εἰς τὴν γῆν,,to the land,,,,,,,,,εἰς,,,,"in Greek it's the land, not the place",,,
190,41408_mt,BW>[,MT,Exodus,23,23,HBJ>K,KJ JLK ML>KJ L PNJK W HBJ>K >L H >MRJ W H XTJ W H PRZJ W H KN<NJ H XWJ W H JBWSJ W HKXDTJW,,hif,perf,W HBJ>K >L H >MRJ W H XTJ W H PRZJ W H KN<NJ H XWJ W H JBWSJ,,>L H >MRJ W H XTJ W H PRZJ W H KN<NJ H XWJ W H JBWSJ,>L H >MRJ/ W H XTJ/ W H PRZJ/ W H KN<NJ/ H XWJ/ W H JBWSJ/,to the Amorites and the Hittites and the Perizzites and the Canaanites the Hivites and the Jebusites,0.0,prep,gens,anim,det,nmpr,complex,factive,>L,,,,,,goal,
191,41408_lxx,εἰσάγω,LXX,Exodus,23,23,εἰσάξει,"πορεύσεται γὰρ ὁ ἄγγελός μου ἡγούμενός σου καὶ εἰσάξει σε πρὸς τὸν Ἀμορραῖον καὶ Χετταῖον καὶ Φερεζαῖον καὶ Χαναναῖον καὶ Γεργεσαῖον καὶ Εὐαῖον καὶ Ἰεβουσαῖον, καὶ ἐκτρίψω αὐτούς.",,,fut.,,,πρὸς τὸν Ἀμορραῖον καὶ Χετταῖον καὶ Φερεζαῖον καὶ Χαναναῖον καὶ Γεργεσαῖον καὶ Εὐαῖον καὶ Ἰεβουσαῖον,,towards the Amorites and Chettaios and Ferezaios and Canaanites and Geresaios and Euaion and Jebusaios,,,,,,,,,πρός,,,,,,,
192,41487_mt,BW>[,MT,Exodus,23,27,TB>,>T >JMTJ >CLX L PNJK W HMTJ >T KL H <M >CR TB> BHM W NTTJ >T KL >JBJK >LJK <RP,,qal,impf,>CR TB> BHM,,BHM,B,against them,0.0,prep,prps,anim,det,prsf,simple,factive,B,,,,"B with the sense against, ",,other,
193,41487_lxx,εἰσπορεύω,LXX,Exodus,23,27,εἰσπορεύῃ,"καὶ τὸν φόβον ἀποστελῶ ἡγούμενόν σου καὶ ἐκστήσω πάντα τά ἔθνη, εἰς οὓς σὺ εἰσπορεύῃ εἰς αὐτούς, καὶ δώσω πάντας τούς ὑπεναντίους σου φυγάδας.",,,pres. Konj.,,σὺ,εἰς αὐτούς,,to them,,,,,,,,,εἰς,,,,,,,
194,41642_mt,BW>[,MT,Exodus,24,3,JB>,W JB> MCH W JSPR L <M >T KL DBRJ JHWH W >T KL H MCPVJM W J<N KL H <M QWL >XD W J>MRW KL H DBRJM >CR DBR JHWH N<FH,,qal,wayq,W JB> MCH,MCH,no complement,no complement,,,,,,,,,,,,,,,,,
195,41642_lxx,εἰσέρχομαι,LXX,Exodus,24,3,εἰσῆλθε,"εἰσῆλθε δὲ Μωυσῆς καὶ διηγήσατο τῷ λαῷ πάντα τὰ ρήματα τοῦ Θεοῦ καὶ τὰ δικαιώματα · ἀπεκρίθη δὲ πᾶς ὁ λαὸς φωνῇ μιᾷ λέγοντες · πάντας τοὺς λόγους, οὓς ἐλάλησε Κύριος, ποιήσομεν καὶ ἀκουσόμεθα.",,,aor.,,Μωυσῆς,no complement,no complement,,,,,,,,,,,,,,,,,
196,41954_mt,BW>[,MT,Exodus,24,18,JB>,W JB> MCH B TWK H <NN W J<L >L H HR W JHJ MCH B HR >RB<JM JWM W >RB<JM LJLH,,qal,wayq,W JB> MCH B TWK H <NN,MCH,B TWK H <NN,B TWK/ H <NN/,in the midst of the cloud,0.0,prep,phen,inanim,det,subs,complex,factive,B,,,,,,goal,
197,41954_lxx,εἰσέρχομαι,LXX,Exodus,24,18,εἰσῆλθε,καὶ εἰσῆλθε Μωυσῆς εἰς τὸ μέσον τῆς νεφέλης καὶ ἀνέβη εἰς τὸ ὄρος καὶ ἦν ἐκεῖ ἐν τῷ ὄρει τεσσαράκοντα ἡμέρας καὶ τεσσαράκοντα νύκτας.,,,aor.,,Μωυσῆς,εἰς τὸ μέσον τῆς νεφέλης,,to the middle of the cloud,,,,,,,,,εἰς,,,,"here's again to-middle, but this time with the preposition ""to"" + the noun ""middle"".",,,
198,42158_mt,BW>[,MT,Exodus,25,14,HB>T,W HB>T >T H BDJM B VB<T <L YL<T H >RN L F>T >T H >RN BHM,,hif,perf,W HB>T >T H BDJM B VB<T <L YL<T H >RN,,B VB<T <L YL<T H >RN,B H VB<T/ <L YL</ H >RWN/,in the rings on the sides of the ark,0.0,prep + prep,obj,inanim,det,subs,complex,factive fictive,B,<L,,,"put the poles into the rings etc, not horizontal motion?",,other,
199,42158_lxx,εἰμί,LXX,Exodus,25,14,ἔσονται,ἐν τοῖς δακτυλίοις τῆς κιβωτοῦ ἔσονται οἱ ἀναφορεῖς ἀκίνητοι.,,,fut.,,οἱ ἀναφορεῖς ἀκίνητοι,ἐν τοῖς δακτυλίοις τῆς κιβωτοῦ,,in the fingers of the box,,,,,,,,,ἐν,,,,"note the verb ""to be"". This is a radical choice of a verb but I checked the Hebrew and this is correct. The latter verb about carrying is a different verb.",,,
200,42846_mt,BW>[,MT,Exodus,26,11,HB>T,W <FJT QRSJ NXCT XMCJM W HB>T >T H QRSJM B LL>T W XBRT >T H >HL W HJH >XD,,hif,perf,W HB>T >T H QRSJM B LL>T,,B LL>T,B H LL>T/,into the loops,0.0,prep,obj,inanim,det,subs,simple,factive fictive,B,,,,"put something / make something go into something, motion?",,other,
201,42846_lxx,συνάπτω,LXX,Exodus,26,11,συνάψεις,"καὶ ποιήσεις κρίκους χαλκοῦς πεντήκοντα. καὶ συνάψεις τοὺς κρίκους ἐκ τῶν ἀγκυλῶν, καὶ συνάψεις τὰς δέρρεις, καὶ ἔσται ἕν.",,,fut.,,,ἐκ τῶν ἀγκυλῶν,,from the curved,,,,,,,,,ἐκ,,,,clearly in this building context the translations are very free and the verbs different.,,,
202,43242_mt,BW>[,MT,Exodus,26,33,HB>T,W NTTH >T H PRKT TXT H QRSJM W HB>T CMH M BJT L PRKT >T >RWN H <DWT W HBDJLH H PRKT LKM BJN H QDC W BJN QDC H QDCJM,,hif,perf,W HB>T CMH M BJT L PRKT >T >RWN H <DWT,,CMH,CM,there,1.0,dir-he,adv,inanim,det,adv,simple,factive,,,,,,,goal,
203,43242_lxx,εἰσφέρω,LXX,Exodus,26,33,εἰσοίσεις,καὶ θήσεις τὸ καταπέτασμα ἐπὶ τῶν στύλων. καὶ εἰσοίσεις ἐκεῖ ἐσώτερον τοῦ καταπετάσματος τὴν κιβωτὸν τοῦ μαρτυρίου. καὶ διοριεῖ τό καταπέτασμα ὑμῖν ἀνὰ μέσον τοῦ ἁγίου καὶ ἀνὰ μέσον τοῦ ἁγίου τῶν ἁγίων.,,,fut.,,,ἐκεῖ ἐσώτερον τοῦ καταπετάσματος,ἐσώτερος,there behind the curtain,,,,,,,,,ἐκεῖ ἐσώτερον,,,,the adjective ἐσώτερος (inner) is here used as a preposition,,,
204,1944988_dss,BW>[,4Q11,Exodus,26,33,HB>WT,W NTTH >T H PRKT TXT H QRSJM W HB>WT CM M BJT L PRKT >T >RWN H <DWT W HBDJLH H PRKT LKM BJN H QDC W BJN QDC H QDCJM,1 1111 11 1 1111 111 1 11111 1 10000 00 0 000 1 1111 11 1000 0 0000 1 111110 0 0001 111 111 1 111 1 111 110 0 11100,hif,perf,W HB>WT CM M BJT L PRKT >T >RWN H <DWT,,CM,CM,there,0.0,vc,adv,inanim,det,adv,simple,factive,,,,,reconstructed?,[W NTTH >T H PRKT TXT H QRSJM W H]B>WT CM M BJT [L PRKT >T >]RWN H <DWT [W HBDJL]H H PRK[T LKM BJN H QDC W BJN QD]C H [QDC]JM,,81.0
205,43449_mt,BW>[,MT,Exodus,27,7,HWB>,W HWB> >T BDJW B VB<T W HJW H BDJM <L CTJ YL<T H MZBX B F>T >TW,,hof,perf,W HWB> >T BDJW B VB<T,>T BDJW,B VB<T,B H VB<T/,into the rings,0.0,prep,obj,inanim,det,subs,simple,factive fictive,B,,,,put something into something,,other,
206,,εἰσάγω,LXX,Exodus,27,7,εἰσάξεις,καὶ εἰσάξεις τοὺς φορεῖς εἰς τοὺς δακτυλίους καὶ ἔστωσαν οἱ φορεῖς κατὰ τὰ πλευρὰ τοῦ θυσιαστηρίου ἐν τῷ αἴρειν αὐτό,,,fut. ,,,εἰς τοὺς δακτυλίους,,to the rings,,,,,,,,,εἰς,,,,"""you will put"" in you future to translate the hophal",,,
207,44243_mt,BW>[,MT,Exodus,28,29,B>W,W NF> >HRN >T CMWT BNJ JFR>L B XCN H MCPV <L LBW B B>W >L H QDC L ZKRN L PNJ JHWH TMJD,,qal,infc,B B>W >L H QDC,,>L H QDC,>L H QDC/,into the Holy Place,0.0,prep,topo,inanim,det,subs,simple,factive,>L,,,,,,goal,
208,44243_lxx,εἴσειμι,LXX,Exodus,28,29,εἰσιόντι,καὶ λήμψεται Ααρων τὰ ὀνόματα τῶν υἱῶν Ισραηλ ἐπὶ τοῦ λογείου τῆς κρίσεως ἐπὶ τοῦ στήθους εἰσιόντι εἰς τὸ ἅγιον μνημόσυνον ἔναντι τοῦ θεοῦ καὶ θήσεις ἐπὶ τὸ λογεῖον τῆς κρίσεως τοὺς κροσσούς τὰ ἁλυσιδωτὰ ἐπ᾽ ἀμφοτέρων τῶν κλιτῶν τοῦ λογείου,,,fut. part. Dat.,,, εἰς τὸ ἅγιον,,to the holy place,,,,,,,,,εἰς,,,,,,,
209,44272_mt,BW>[,MT,Exodus,28,30,B>W,W NTT >L XCN H MCPV >T H >WRJM W >T H TMJM W HJW <L LB >HRN B B>W L PNJ JHWH W NF> >HRN >T MCPV BNJ JFR>L <L LBW L PNJ JHWH TMJD,,qal,infc,B B>W L PNJ JHWH,,L PNJ JHWH,L PNH/ JHWH/,from the presence (eyes) of Yahweh,0.0,prep,other,inanim,det,subs,complex,factive,L,,,,,,goal,
210,44272_lxx,εἰσπορεύω,LXX,Exodus,28,30,εἰσπορεύηται,καὶ ἐπιθήσεις ἐπὶ τὸ λογεῖον τῆς κρίσεως τὴν δήλωσιν καὶ τὴν ἀλήθειαν καὶ ἔσται ἐπὶ τοῦ στήθους Ααρων ὅταν εἰσπορεύηται εἰς τὸ ἅγιον ἐναντίον κυρίου καὶ οἴσει Ααρων τὰς κρίσεις τῶν υἱῶν Ισραηλ ἐπὶ τοῦ στήθους ἐναντίον κυρίου διὰ παντός,,,sub. Med. Pres.,,,εἰς τὸ ἅγιον ἐναντίον κυρίου,,to the holy fronting of lord,,,,,,,,,εἰς,,,,"the preposition follows Hebrew but the noun-thing not. ""Fronting of Lord"" is not a normal expression even in the LXX. The sub. In the verb is old-school Greek, not vernacular! ",,,
211,44360_mt,BW>[,MT,Exodus,28,35,B>W,W HJH <L >HRN L CRT W NCM< QWLW B B>W >L H QDC L PNJ JHWH W B Y>TW W L> JMWT,,qal,infc,B B>W >L H QDC L PNJ JHWH,,>L H QDC,>L H QDC/,into the Holy Place,0.0,prep,topo,inanim,det,subs,simple,factive,>L,,,,,,goal,
212,44360_lxx,εἴσειμι,LXX,Exodus,28,35,εἰσιόντι,καὶ ἔσται Ααρων ἐν τῷ λειτουργεῖν ἀκουστὴ ἡ φωνὴ αὐτοῦ εἰσιόντι εἰς τὸ ἅγιον ἐναντίον κυρίου καὶ ἐξιόντι ἵνα μὴ ἀποθάνῃ,,,fut. part. Dat.,,,εἰς τὸ ἅγιον ἐναντίον κυρίου,,to the holy fronting of lord,,,,,,,,,εἰς,,,,"the same innovative ""fronting of lord"" here.",,,
213,44513_mt,BW>[,MT,Exodus,28,43,B>M,W HJW <L >HRN W <L BNJW B B>M >L >HL MW<D >W B GCTM >L H MZBX L CRT B QDC W L> JF>W <WN W MTW XQT <WLM LW W L ZR<W >XRJW,,qal,infc,B B>M >L >HL MW<D,,>L >HL MW<D,>L >HL/ MW<D/,into the tent of the assembly,0.0,prep,topo,inanim,det,subs,complex,factive,>L,,,,,,goal,
214,44513_lxx,εἰσπορεύω,LXX,Exodus,28,43,εἰσπορεύωνται,καὶ ἕξει Ααρων αὐτὰ καὶ οἱ υἱοὶ αὐτοῦ ὡς ἂν εἰσπορεύωνται εἰς τὴν σκηνὴν τοῦ μαρτυρίου ἢ ὅταν προσπορεύωνται λειτουργεῖν πρὸς τὸ θυσιαστήριον τοῦ ἁγίου καὶ οὐκ ἐπάξονται πρὸς ἑαυτοὺς ἁμαρτίαν ἵνα μὴ ἀποθάνωσιν νόμιμον αἰώνιον αὐτῷ καὶ τῷ σπέρματι αὐτοῦ μετ᾽ αὐτόν,,,sub. Med .pres.,,Ααρων αὐτὰ καὶ οἱ υἱοὶ αὐτοῦ,εἰς τὴν σκηνὴν τοῦ μαρτυρίου,,to the tent of the witnessing,,,,,,,,,εἰς,,,,note the subjunctive,,,
215,45211_mt,BW>[,MT,Exodus,29,30,JB>,CB<T JMJM JLBCM H KHN TXTJW M BNJW >CR JB> >L >HL MW<D L CRT B QDC,,qal,impf,>CR JB> >L >HL MW<D,,>L >HL MW<D,>L >HL/ MW<D/,to the tent of the assembly,0.0,prep,topo,inanim,det,subs,complex,factive,>L,,,,,,goal,
216,45211_lxx,εἰσέρχομαι,LXX,Exodus,29,30,εἰσελεύσεται,"ἑπτὰ ἡμέρας ἐνδύσεται αὐτὰ ὁ ἱερεὺς ὁ ἀντ’ αὐτοῦ ἐκ τῶν υἱῶν αὐτοῦ, ὃς εἰσελεύσεται εἰς τὴν σκηνὴν τοῦ μαρτυρίου λειτουργεῖν ἐν τοῖς ἁγίοις.",,,fut.,,ὃς,εἰς τὴν σκηνὴν τοῦ μαρτυρίου,,to the tent of the testimony,,,,,,,,,εἰς,,,,,,,
217,45868_mt,BW>[,MT,Exodus,30,20,B>M,B B>M >L >HL MW<D JRXYW MJM W L> JMTW >W B GCTM >L H MZBX L CRT L HQVJR >CH L JHWH,,qal,infc,B B>M >L >HL MW<D,,>L >HL MW<D,>L >HL/ MW<D/,into the tent of the assembly,0.0,prep,topo,inanim,det,subs,complex,factive,>L,,,,,,goal,
218,45868_lxx,εἰσπορεύω,LXX,Exodus,30,20,εἰσπορεύωνται,"ὅταν εἰσπορεύωνται εἰς τὴν σκηνὴν τοῦ μαρτυρίου, νίψονται ὕδατι καὶ οὐ μὴ ἀποθάνωσιν · ἢ ὅταν προσπορεύωνται πρὸς τὸ θυσιαστήριον λειτουργεῖν καὶ ἀναφέρειν τὰ ὁλοκαυτώματα Κυρίῳ,",,,pres. Ind.,,,εἰς τὴν σκηνὴν τοῦ μαρτυρίου,,to the tent of the testimony,,,,,,,,,εἰς,,,,,,,
219,46565_mt,BW>[,MT,Exodus,32,2,HBJ>W,W J>MR >LHM >HRN PRQW NZMJ H ZHB >CR B >ZNJ NCJKM BNJKM W BNTJKM W HBJ>W >LJ,,hif,impv,W HBJ>W >LJ,,>LJ,>L,to me (Aaron),0.0,prep,prps,anim,det,prsf,simple,factive,>L,,,,,,goal,
220,46565_lxx,φέρω,LXX,Exodus,32,2,ἐνέγκατε,καὶ λέγει αὐτοῖς Ἀαρών · περιέλεσθε τὰ ἐνώτια τὰ χρυσὰ τὰ ἐκ τοῖς ὠσὶ τῶν γυναικῶν ὑμῶν καὶ θυγατέρων καὶ ἐνέγκατε πρός με.,,,aor. Imperat.,,,πρός με,,to me,,,,,,,,,πρός,,,,"here they use the basic verb fero = to carry for the Hebrew hiphil, but earlier not.",,,
221,46580_mt,BW>[,MT,Exodus,32,3,JBJ>W,W JTPRQW KL H <M >T NZMJ H ZHB >CR B >ZNJHM W JBJ>W >L >HRN,,hif,wayq,W JBJ>W >L >HRN,,>L >HRN,>L >HRN/,to Aaron,0.0,prep,pers,anim,det,nmpr,simple,factive,>L,,,,,,goal,
222,46580_lxx,φέρω,LXX,Exodus,32,3,ἤνεγκαν,καὶ περιείλαντο πᾶς ὁ λαὸς τὰ ἐνώτια τὰ χρυσᾶ τὰ ἐν τοῖς ὠσὶν αὐτῶν καὶ ἤνεγκαν πρὸς Ἀαρών.,,,aor.,,,πρὸς Ἀαρών,,to Aaron,,,,,,,,,πρός,,,,,,,
223,46980_mt,BW>[,MT,Exodus,32,21,HB>T,W J>MR MCH >L >HRN MH <FH LK H <M H ZH KJ HB>T <LJW XV>H GDLH,,hif,perf,KJ HB>T <LJW XV>H GDLH,,<LJW,<L,upon them (this people),0.0,prep,prps,anim,det,prsf,simple,factive fictive,<L,,,,have brought sin upon them fictive but not horizontal?,,goal/recipient,
224,46980_lxx,ἐπάγω,LXX,Exodus,32,21,ἐπήγαγες,"καὶ εἶπε Μωυσῆς τῷ Ἀαρών · τί ἐποίησέ σοι ὁ λαὸς οὗτος, ὅτι ἐπήγαγες ἐπ’ αὐτοὺς ἁμαρτίαν μεγάλην;",,,aor.,,,ἐπ’ αὐτοὺς,,upon them (this people),,,,,,,,,ἐπὶ,,,,why not just indirect object with dative? Seems like a hebrewism,,,
225,47467_mt,BW>[,MT,Exodus,33,8,B>W,W HJH K Y>T MCH >L H >HL JQWMW KL H <M W NYBW >JC PTX >HLW W HBJVW >XRJ MCH <D B>W H >HLH,,qal,infc,<D B>W H >HLH,,H >HLH,H >HL/,in the tent,1.0,dir-he,topo,inanim,det,subs,simple,factive,,,,,,,goal,
226,47467_lxx,εἰσέρχομαι,LXX,Exodus,33,8,εἰσελθεῖν,"ἡνίκα δ’ ἂν εἰσεπορεύετο Μωυσῆς εἰς τὴν σκηνὴν ἔξω τῆς παρεμβολῆς, εἱστήκει πᾶς ὁ λαὸς σκοπεύοντες ἕκαστος παρὰ τὰς θύρας τῆς σκηνῆς αὐτοῦ καὶ κατενοοῦσαν ἀπιόντος Μωυσῆ ἕως τοῦ εἰσελθεῖν αὐτὸν εἰς τὴν σκηνήν.",,,aor. Inf.,,,εἰς τὴν σκηνήν,,to the tent,,,,,,,,,εἰς,,,,,,,
227,47473_mt,BW>[,MT,Exodus,33,9,B>,W HJH K B> MCH H >HLH JRD <MWD H <NN W <MD PTX H >HL W DBR <M MCH,,qal,infc,K B> MCH H >HLH,MCH,H >HLH,H >HL/,in the tent,1.0,dir-he,topo,inanim,det,subs,simple,factive,,,,,,,goal,
228,47473_lxx,εἰσέρχομαι,LXX,Exodus,33,9,εἰσῆλθε,"ὡς δ’ ἂν εἰσῆλθε Μωυσῆς εἰς τὴν σκηνήν, κατέβαινεν ὁ στῦλος τῆς νεφέλης, καὶ ἵστατο ἐπὶ τὴν θύραν τῆς σκηνῆς, καὶ ἐλάλει Μωυσῇ ·",,,aor.,,Μωυσῆς,εἰς τὴν σκηνήν,,to the tent,,,,,,,,,εἰς,,,,,,,
229,48059_mt,BW>[,MT,Exodus,34,12,B>,HCMR LK PN TKRT BRJT L JWCB H >RY >CR >TH B> <LJH PN JHJH L MWQC B QRBK,,qal,ptca,>CR >TH B> <LJH,>TH,<LJH,<L,on it (the land),0.0,prep,prps,inanim,det,prsf,simple,factive,<L,,,,,,location,
230,48059_lxx,εἰσπορεύω,LXX,Exodus,34,12,εἰσπορεύῃ,"πρόσεχε σεαυτῷ, μή ποτε θῇς διαθήκην τοῖς ἐγκαθημένοις ἐπὶ τῆς γῆς, εἰς ἣν εἰσπορεύῃ εἰς αὐτήν, μή σοι γένηται πρόσκομμα ἐν ὑμῖν.",,,pres . Konj.,,,εἰς αὐτήν,,to that (the land),,,,,,,,,εἰς,,,,,,,
231,48288_mt,BW>[,MT,Exodus,34,26,TBJ>,R>CJT BKWRJ >DMTK TBJ> BJT JHWH >LHJK L> TBCL GDJ B XLB >MW,,hif,impf,R>CJT BKWRJ >DMTK TBJ> BJT JHWH >LHJK,,BJT JHWH >LHJK,BJT/ JHWH/ >LHJM/,to the house of God,0.0,vc,topo,inanim,det,subs,complex,factive,,,,,,,goal,
232,48288_lxx,τίθημι,LXX,Exodus,34,26,θήσεις,τὰ πρωτογεννήματα τῆς γῆς σου θήσεις εἰς τὸν οἶκον Κυρίου τοῦ Θεοῦ σου. οὐχ ἑψήσεις ἄρνα ἐν γάλακτι μητρὸς αὐτοῦ.,,,fut.,,,εἰς τὸν οἶκον Κυρίου τοῦ Θεοῦ σου,,to the house of the Lord your god,,,,,,,,,εἰς,,,,,,,
233,48453_mt,BW>[,MT,Exodus,34,34,B>,W B B> MCH L PNJ JHWH L DBR >TW JSJR >T H MSWH <D Y>TW W JY> W DBR >L BNJ JFR>L >T >CR JYWH,,qal,infc,B B> MCH L PNJ JHWH,MCH,L PNJ JHWH,L PNH/ JHWH/,before / in front of Yahweh,0.0,prep,other,inanim,det,subs,complex,factive,L,,,,,,goal,
234,48453_lxx,εἰσπορεύω,LXX,Exodus,34,34,εἰσεπορεύετο,"ἡνίκα δ’ ἂν εἰσεπορεύετο Μωυσῆς ἔναντι Κυρίου λαλεῖν αὐτῷ, περιῃρεῖτο τὸ κάλυμμα ἕως τοῦ ἐκπορεύεσθαι. καὶ ἐξελθὼν ἐλάλει πᾶσι τοῖς υἱοῖς Ἰσραὴλ ὅσα ἐνετείλατο αὐτῷ Κύριος,",,,imp.,,Μωυσῆς,ἔναντι Κυρίου,,in the presence of Lord,,,,,,,,,ἔναντι,,,,enanti is a very rare adverb and only used in biblical context - a hebrewism?,,,
235,48498_mt,BW>[,MT,Exodus,34,35,B>W,W R>W BNJ JFR>L >T PNJ MCH KJ QRN <WR PNJ MCH W HCJB MCH >T H MSWH <L PNJW <D B>W L DBR >TW,,qal,infc,<D B>W,,no complement,no complement,,,,,,,,,,,,,,,,,
236,48498_lxx,εἰσέρχομαι,LXX,Exodus,34,35,εἰσέλθῃ,"καὶ εἶδον οἱ υἱοὶ Ἰσραὴλ τὸ πρόσωπον Μωυσέως ὅτι δεδόξασται, καὶ περιέθηκε Μωυσῆς κάλυμμα ἐπὶ τὸ πρόσωπον ἑαυτοῦ, ἕως ἂν εἰσέλθῃ συλλαλεῖν αὐτῷ.",,,aor. Konj.,,,no complement,no complement,,,,,,,,,,,,,,,,,
237,48582_mt,BW>[,MT,Exodus,35,5,JBJ>H,QXW M >TKM TRWMH L JHWH KL NDJB LBW JBJ>H >T TRWMT JHWH ZHB W KSP W NXCT,,hif,impf,KL NDJB LBW JBJ>H >T TRWMT JHWH ZHB W KSP W NXCT,KL NDJB LBW,no complement,no complement,,,,,,,,,,,,,,,,,
238,48582_lxx,φέρω,LXX,Exodus,35,5,οἴσουσι,"λάβετε παρ’ ὑμῶν αὐτῶν ἀφαίρεμα Κυρίῳ · πᾶς ὁ καταδεχόμενος τῇ καρδίᾳ οἴσουσι τὰς ἀπαρχὰς Κυρίῳ, χρυσίον, ἀργύριον, χαλκόν,",,,fut.,,πᾶς ὁ καταδεχόμενος τῇ καρδίᾳ,no complement,,,,,,,,,,,,,,,,,,
239,48646_mt,BW>[,MT,Exodus,35,10,JB>W,W KL XKM LB BKM JB>W W J<FW >T KL >CR YWH JHWH,,qal,impf,W KL XKM LB BKM JB>W,KL XKM LB BKM,no complement,no complement,,,,,,,,,,,,,,,,,
240,48646_lxx,ἔρχομαι,LXX,Exodus,35,10,ἐλθὼν,καὶ πᾶς σοφὸς τῇ καρδίᾳ ἐν ὑμῖν ἐλθὼν ἐργαζέσθω πάντα ὅσα συνέταξεν κύριος,,,aor. Part.,,πᾶς σοφὸς τῇ καρδίᾳ ἐν ὑμῖν,no complement,no complement,,,,,,,,,,,,,,"the verbs are here different. The Hebrew reads ""they come and do"" whereas the Greek ""coming they do""",,,
241,48830_mt,BW>[,MT,Exodus,35,21,JB>W,W JB>W KL >JC >CR NF>W LBW W KL >CR NDBH RWXW >TW HBJ>W >T TRWMT JHWH L ML>KT >HL MW<D W L KL <BDTW W L BGDJ H QDC,,qal,wayq,W JB>W KL >JC,KL >JC,no complement,no complement,,,,,,,,,,,,,,,,,
242,48842_mt,BW>[,MT,Exodus,35,21,HBJ>W,W JB>W KL >JC >CR NF>W LBW W KL >CR NDBH RWXW >TW HBJ>W >T TRWMT JHWH L ML>KT >HL MW<D W L KL <BDTW W L BGDJ H QDC,,hif,perf,W KL HBJ>W >T TRWMT JHWH L ML>KT >HL MW<D W L KL <BDTW W L BGDJ H QDC,KL,L ML>KT >HL MW<D W L KL <BDTW W L BGDJ H QDC,L ML>KT/ >HL/ MW<D/ W L KL/ <BDH/ W L BGD/ H QDC/,for the work of the tent of meeting and for all its service and for the holy garments,0.0,prep + prep + prep,other,inanim,det,subs,complex,factive fictive,L,L,L,,"no a destination, motion?",,other,
243,48830_lxx,φέρω,LXX,Exodus,35,21,ἤνεγκαν,"καὶ ἤνεγκαν ἕκαστος, ὧν ἔφερεν ἡ καρδία αὐτῶν, καὶ ὅσοις ἔδοξε τῇ ψυχῇ αὐτῶν, ἤνεγκαν ἀφαίρεμα Κυρίῳ εἰς πάντα τὰ ἔργα τῆς σκηνῆς τοῦ μαρτυρίου καὶ εἰς πάντα τὰ κάτεργα αὐτῆς, καὶ εἰς πάσας τὰς στολὰς τοῦ ἁγίου.",,,aor.,,ἕκαστος,no complement,no complement,,,,,,,,,,,,,,,,,
244,48842_lxx,φέρω,LXX,Exodus,35,21,ἤνεγκαν,"καὶ ἤνεγκαν ἕκαστος, ὧν ἔφερεν ἡ καρδία αὐτῶν, καὶ ὅσοις ἔδοξε τῇ ψυχῇ αὐτῶν, ἤνεγκαν ἀφαίρεμα Κυρίῳ εἰς πάντα τὰ ἔργα τῆς σκηνῆς τοῦ μαρτυρίου καὶ εἰς πάντα τὰ κάτεργα αὐτῆς, καὶ εἰς πάσας τὰς στολὰς τοῦ ἁγίου.",,,aor.,,,"εἰς πάντα τὰ ἔργα τῆς σκηνῆς τοῦ μαρτυρίου καὶ εἰς πάντα τὰ κάτεργα αὐτῆς, καὶ εἰς πάσας τὰς στολὰς τοῦ ἁγίου.",,to all the works of the tent of the testimony and to all the workings of it and to all the equipment of the holy,,,,,,,,,εἰς,,,,,,,
245,48860_mt,BW>[,MT,Exodus,35,22,JB>W,W JB>W H >NCJM <L H NCJM KL NDJB LB HBJ>W XX W NZM W VB<T W KWMZ KL KLJ ZHB W KL >JC >CR HNJP TNWPT ZHB L JHWH,,qal,wayq,W JB>W H >NCJM <L H NCJM,H >NCJM,<L H NCJM,<L H >CH/,in addition to the women,0.0,prep,pers,anim,det,subs,simple,factive fictive,<L,,,,not destination/origin,,other,
246,48869_mt,BW>[,MT,Exodus,35,22,HBJ>W,W JB>W H >NCJM <L H NCJM KL NDJB LB HBJ>W XX W NZM W VB<T W KWMZ KL KLJ ZHB W KL >JC >CR HNJP TNWPT ZHB L JHWH,,hif,perf,KL NDJB LB HBJ>W XX W NZM W VB<T W KWMZ KL KLJ ZHB,KL NDJB LB,no complement,no complement,,,,,,,,,,,,,,,,,
247,48860_lxx,φέρω,LXX,Exodus,35,22,ἤνεγκαν,"καὶ ἤνεγκαν οἱ ἄνδρες παρὰ τῶν γυναικῶν, πᾶς ᾧ ἔδοξε τῇ διανοίᾳ, ἤνεγκαν σφραγῖδας καὶ ἐνώτια καὶ δακτυλίους καὶ ἐμπλόκια καὶ περιδέξια, πᾶν σκεῦος χρυσοῦν, καὶ πάντες ὅσοι ἤνεγκαν ἀφαιρέματα χρυσίου Κυρίῳ.",,,aor.,,οἱ ἄνδρες,παρὰ τῶν γυναικῶν,,in addition to the women,,,,,,,,,παρὰ,,,,,,,
248,48869_lxx,φέρω,LXX,Exodus,35,22,ἤνεγκαν,"καὶ ἤνεγκαν οἱ ἄνδρες παρὰ τῶν γυναικῶν, πᾶς ᾧ ἔδοξε τῇ διανοίᾳ, ἤνεγκαν σφραγῖδας καὶ ἐνώτια καὶ δακτυλίους καὶ ἐμπλόκια καὶ περιδέξια, πᾶν σκεῦος χρυσοῦν, καὶ πάντες ὅσοι ἤνεγκαν ἀφαιρέματα χρυσίου Κυρίῳ.",,,aor.,,,no complement,no complement,,,,,,,,,,,,,,,,,
249,48912_mt,BW>[,MT,Exodus,35,23,HBJ>W,W KL >JC >CR NMY> >TW TKLT W >RGMN W TWL<T CNJ W CC W <ZJM W <RT >JLM M>DMJM W <RT TXCJM HBJ>W,,hif,perf,W KL >JC HBJ>W,KL >JC,no complement,no complement,,,,,,,,,,,,,,,,,
250,48912_lxx,φέρω,LXX,Exodus,35,23,ἤνεγκαν,"καὶ παρ’ ᾧ εὑρέθη βύσσος καὶ δέρματα ὑακίνθινα καὶ δέρματα κριῶν ἠρυθροδανωμένα, ἤνεγκαν.",,,aor.,,,no complement,no complement,,,,,,,,,,,,,,,,,
251,48919_mt,BW>[,MT,Exodus,35,24,HBJ>W,KL MRJM TRWMT KSP W NXCT HBJ>W >T TRWMT JHWH W KL >CR NMY> >TW <YJ CVJM L KL ML>KT H <BDH HBJ>W,,hif,perf,KL HBJ>W >T TRWMT JHWH,KL,no complement,no complement,,,,,,,,,,,,,,,,,
252,48935_mt,BW>[,MT,Exodus,35,24,HBJ>W,KL MRJM TRWMT KSP W NXCT HBJ>W >T TRWMT JHWH W KL >CR NMY> >TW <YJ CVJM L KL ML>KT H <BDH HBJ>W,,hif,perf,W KL HBJ>W,KL,no complement,no complement,,,,,,,,,,,,,,,,,
253,48919_lxx,φέρω,LXX,Exodus,35,24,ἤνεγκαν,"καὶ πᾶς ὁ ἀφαιρῶν ἀφαίρεμα, ἤνεγκαν ἀργύριον καὶ χαλκόν, τὰ ἀφαιρέματα Κυρίῳ, καὶ παρ’ οἷς εὑρέθη ξύλα ἄσηπτα εἰς πάντα τὰ ἔργα τῆς παρασκευῆς ἤνεγκαν.",,,aor.,,πᾶς,no complement,no complement,,,,,,,,,,,,,,,,,
254,48935_lxx,φέρω,LXX,Exodus,35,24,ἤνεγκαν,"καὶ πᾶς ὁ ἀφαιρῶν ἀφαίρεμα, ἤνεγκαν ἀργύριον καὶ χαλκόν, τὰ ἀφαιρέματα Κυρίῳ, καὶ παρ’ οἷς εὑρέθη ξύλα ἄσηπτα εἰς πάντα τὰ ἔργα τῆς παρασκευῆς ἤνεγκαν.",,,aor.,,πᾶς,εἰς πάντα τὰ ἔργα τῆς παρασκευῆς,,to all the  work of the preparations,,,,,,,,,εἰς,,,,,,,
255,48945_mt,BW>[,MT,Exodus,35,25,JBJ>W,W KL >CH XKMT LB B JDJH VWW W JBJ>W MVWH >T H TKLT W >T H >RGMN >T TWL<T H CNJ W >T H CC,,hif,wayq,W JBJ>W MVWH >T H TKLT W >T H >RGMN >T TWL<T H CNJ W >T H CC,,no complement,no complement,,,,,,,,,,,,,,,,,
256,48945_lxx,φέρω,LXX,Exodus,35,25,ἤνεγκαν,"καὶ πᾶσα γυνὴ σοφὴ τῇ διανοίᾳ ταῖς χερσὶ νήθειν ἤνεγκαν νενησμένα, τὴν ὑάκινθον καὶ τὴν πορφύραν καὶ τὸ κόκκινον καὶ τὴν βύσσον ·",,,aor.,,,no complement,no complement,,,,,,,,,,,,,,"weren't these parts written by the priestly people? They seem to use the verb ""to carry"" always without a prefix.",,,
257,48979_mt,BW>[,MT,Exodus,35,27,HBJ>W,W H NF>M HBJ>W >T >BNJ H CHM W >T >BNJ H ML>JM L >PWD W L XCN,,hif,perf,W H NF>M HBJ>W >T >BNJ H CHM W >T >BNJ H ML>JM L >PWD W L XCN,H NF>M,no complement,no complement,,,,,,,,,,,,,,,,,
258,48979_lxx,φέρω,LXX,Exodus,35,27,ἤνεγκαν,καὶ οἱ ἄρχοντες ἤνεγκαν τοὺς λίθους τῆς σμαράγδου καὶ τοὺς λίθους τῆς πληρώσεως εἰς τὴν ἐπωμίδα καὶ τὸ λογεῖον,,,aor.,,οἱ ἄρχοντες,εἰς τὴν ἐπωμίδα καὶ τὸ λογεῖον,,to the thing-trapped-on-shoulders and the speaking-place,,,,,,,,,εἰς,,,,,,,
259,49025_mt,BW>[,MT,Exodus,35,29,HBJ>,KL >JC W >CH >CR NDB LBM >TM L HBJ> L KL H ML>KH >CR YWH JHWH L <FWT B JD MCH HBJ>W BNJ JFR>L NDBH L JHWH,,hif,infc,L HBJ> L KL H ML>KH,,L KL H ML>KH,L KL/ H ML>KH/,for all the work,0.0,prep,occ,inanim,det,subs,complex,factive fictive,L,,,,not destination/origin,,other,
260,49038_mt,BW>[,MT,Exodus,35,29,HBJ>W,KL >JC W >CH >CR NDB LBM >TM L HBJ> L KL H ML>KH >CR YWH JHWH L <FWT B JD MCH HBJ>W BNJ JFR>L NDBH L JHWH,,hif,perf,HBJ>W BNJ JFR>L NDBH L JHWH,BNJ JFR>L,L JHWH,L JHWH/,to Yahweh,0.0,prep,pers,anim,det,nmpr,simple,factive,L,,,,,,goal/recipient,
261,49025_lxx,εἰσέρχομαι,LXX,Exodus,35,29,εἰσελθόντας,"καὶ πᾶς ἀνὴρ καὶ γυνή, ὧν ἔφερεν ἡ διάνοια αὐτῶν εἰσελθόντας ποιεῖν πάντα τὰ ἔργα, ὅσα συνέταξε Κύριος ποιῆσαι αὐτὰ διά Μωυσῆ, ἤνεγκαν οἱ υἱοὶ Ἰσραὴλ ἀφαίρεμα Κυρίῳ.",,,aor. Part.,,,no complement (only inf. as the direct object),no complement,,,,,,,,,,,,,,,,,
262,49038_lxx,φέρω,LXX,Exodus,35,29,ἤνεγκαν,"καὶ πᾶς ἀνὴρ καὶ γυνή, ὧν ἔφερεν ἡ διάνοια αὐτῶν εἰσελθόντας ποιεῖν πάντα τὰ ἔργα, ὅσα συνέταξε Κύριος ποιῆσαι αὐτὰ διά Μωυσῆ, ἤνεγκαν οἱ υἱοὶ Ἰσραὴλ ἀφαίρεμα Κυρίῳ.",,,aor.,,οἱ υἱοὶ Ἰσραὴλ,no complement (only a direct and indirect object),no complement,,,,,,,,,,,,,,,,,
263,49238_mt,BW>[,MT,Exodus,36,3,HBJ>W,W JQXW M L PNJ MCH >T KL H TRWMH >CR HBJ>W BNJ JFR>L L ML>KT <BDT H QDC L <FT >TH W HM HBJ>W >LJW <WD NDBH B BQR B BQR,,hif,perf,>CR HBJ>W BNJ JFR>L L ML>KT <BDT H QDC,BNJ JFR>L,no complement,no complement,,,,,,,,,,,,,,,,,
264,49251_mt,BW>[,MT,Exodus,36,3,HBJ>W,W JQXW M L PNJ MCH >T KL H TRWMH >CR HBJ>W BNJ JFR>L L ML>KT <BDT H QDC L <FT >TH W HM HBJ>W >LJW <WD NDBH B BQR B BQR,,hif,perf,W HM HBJ>W >LJW <WD NDBH B BQR B BQR,HM,>LJW,>L,to him (Moses),0.0,prep,prps,anim,det,prsf,simple,factive,>L,,,,,,goal,
265,49238_lxx,φέρω,LXX,Exodus,36,3,ἤνεγκαν,"καὶ ἔλαβον παρὰ Μωυσῆ πάντα τὰ ἀφαιρέματα, ἃ ἤνεγκαν οἱ υἱοὶ Ἰσραὴλ εἰς πάντα τὰ ἔργα τοῦ ἁγίου ποιεῖν αὐτά, καὶ αὐτοὶ προσεδέχοντο ἔτι τὰ προσφερόμενα παρὰ τῶν φερόντων τὸ πρωΐ.",,,aor.,,οἱ υἱοὶ Ἰσραὴλ,εἰς πάντα τὰ ἔργα τοῦ ἁγίου,,to all the works of the holy,,,,,,,,,εἰς,,,,,,,
266,49251_lxx,φέρω,LXX,Exodus,36,3,φερόντων,"καὶ ἔλαβον παρὰ Μωυσῆ πάντα τὰ ἀφαιρέματα, ἃ ἤνεγκαν οἱ υἱοὶ Ἰσραὴλ εἰς πάντα τὰ ἔργα τοῦ ἁγίου ποιεῖν αὐτά, καὶ αὐτοὶ προσεδέχοντο ἔτι τὰ προσφερόμενα παρὰ τῶν φερόντων τὸ πρωΐ.",,,pres. Part.,,,no complement,no complement,,,,,,,,,,,,,,,,,
267,49262_mt,BW>[,MT,Exodus,36,4,JB>W,W JB>W KL H XKMJM H <FJM >T KL ML>KT H QDC >JC >JC M ML>KTW >CR HMH <FJM,,qal,wayq,W JB>W KL H XKMJM,KL H XKMJM,no complement,no complement,,,,,,,,,,,,,,,,,
268,49262_lxx,παραγίγνομαι,LXX,Exodus,36,4,παρεγίνοντο,"καὶ παρεγίνοντο πάντες οἱ σοφοὶ οἱ ποιοῦντες τὰ ἔργα τοῦ ἁγίου, ἕκαστος κατὰ τὸ αὐτοῦ ἔργον, ὃ εἰργάζοντο αὐτοί,",,,aor.,,πάντες οἱ σοφοὶ,no complement,no complement,,,,,,,,,,,,,,,,,
269,49290_mt,BW>[,MT,Exodus,36,5,HBJ>,W J>MRW >L MCH L >MR MRBJM H <M L HBJ> M DJ H <BDH L ML>KH >CR YWH JHWH L <FT >TH,,hif,infc,L HBJ> M DJ H <BDH L ML>KH,,M DJ H <BDH,MN DJ/ H <BDH/,more than enough,0.0,prep,other,inanim,det,subs,complex,factive fictive,MN,,,,"the people bring more than enough, not destination/origin ",,source,
270,49290_lxx,φέρω,LXX,Exodus,36,5,φέρει,"καὶ εἶπαν πρὸς Μωυσῆν · E ὅτι πλῆθος φέρει ὁ λαὸς κατὰ τὰ ἔργα, ὅσα συνέταξε Κύριος ποιῆσαι. E",,,pres. Ind.,,ὁ λαὸς,κατὰ τὰ ἔργα,,over (more than) the work,,,,,,,,,κατὰ,,,,,,,
271,49331_mt,BW>[,MT,Exodus,36,6,HBJ>,W JYW MCH W J<BJRW QWL B MXNH L >MR >JC W >CH >L J<FW <WD ML>KH L TRWMT H QDC W JKL> H <M M HBJ>,,hif,infc,M HBJ>,,no complement,no complement,,,,,,,,,,,,,,,,,
272,49331_lxx,προσφέρω,LXX,Exodus,36,6,προσφέρειν,καὶ προσέταξε Μωυσῆς καὶ ἐκήρυξεν ἐν τῇ παρεμβολῇ λέγων · ἀνὴρ καὶ γυνὴ μηκέτι ἐργαζέσθωσαν εἰς τὰς ἀπαρχὰς τοῦ ἁγίου · καὶ ἐκωλύθη ὁ λαὸς ἔτι προσφέρειν.,,,inf. pres.,,,no complement,no complement,,,,,,,,,,,,,,,,,
273,50547_mt,BW>[,MT,Exodus,38,7,JB>,W JB> >T H BDJM B VB<T <L YL<T H MZBX L F>T >TW BHM NBWB LXT <FH >TW,,hif,wayq,W JB> >T H BDJM B VB<T <L YL<T H MZBX,,B VB<T,B H VB<T/,in/through the rings,0.0,prep,obj,inanim,det,subs,simple,factive fictive,B,,,,"he made the poles go through the rings, factive motion?",,other,
274,52388_lxx,εἰσπορεύω,LXX,Exodus,38,27,εἰσπορευομένων,καὶ ἐποίησεν τὸν λουτῆρα ἵνα νίπτωνται ἐξ αὐτοῦ Μωυσῆς καὶ Ααρων καὶ οἱ υἱοὶ αὐτοῦ τὰς χεῖρας αὐτῶν καὶ τοὺς πόδας εἰσπορευομένων αὐτῶν εἰς τὴν σκηνὴν τοῦ μαρτυρίου ἢ ὅταν προσπορεύωνται πρὸς τὸ θυσιαστήριον λειτουργεῖν ἐνίπτοντο ἐξ αὐτοῦ καθάπερ συνέταξεν κύριος τῷ Μωυσῇ,,,,,,εἰς τὴν σκηνὴν τοῦ μαρτυρίου,,to the tent of the testimony,,,,,,,,,εἰς,,,,the word order is very different: the Greek begins with the washing and going in the tent comes after.,,,
275,51649_mt,BW>[,MT,Exodus,39,33,JBJ>W,W JBJ>W >T H MCKN >L MCH >T H >HL W >T KL KLJW QRSJW QRCJW BRJXW W <MDJW W >DNJW,,hif,wayq,W JBJ>W >T H MCKN >L MCH >T H >HL W >T KL KLJW QRSJW QRCJW BRJXW W <MDJW W >DNJW,,>L MCH,>L MCH=/,to Moses,0.0,prep,pers,anim,det,nmpr,simple,factive,>L,,,,,,goal,
276,51902_mt,BW>[,MT,Exodus,40,4,HB>T,W HB>T >T H CLXN W <RKT >T <RKW W HB>T >T H MNRH W H<LJT >T NRTJH,,hif,perf,W HB>T >T H CLXN,,no complement,no complement,,,,,,,,,,,,,,,,,
277,51911_mt,BW>[,MT,Exodus,40,4,HB>T,W HB>T >T H CLXN W <RKT >T <RKW W HB>T >T H MNRH W H<LJT >T NRTJH,,hif,perf,W HB>T >T H MNRH,,no complement,no complement,,,,,,,,,,,,,,,,,
278,51902_lxx,εἰσφέρω,LXX,Exodus,40,4,εἰσοίσεις,καὶ εἰσοίσεις τὴν τράπεζαν καὶ προθήσεις τὴν πρόθεσιν αὐτῆς καὶ εἰσοίσεις τὴν λυχνίαν καὶ ἐπιθήσεις τοὺς λύχνους αὐτῆς.,,,fut.,,,no complment,no complement,,,,,,,,,,,,,,,,,
279,51911_lxx,εἰσφέρω,LXX,Exodus,40,4,εἰσοίσεις,καὶ εἰσοίσεις τὴν τράπεζαν καὶ προθήσεις τὴν πρόθεσιν αὐτῆς καὶ εἰσοίσεις τὴν λυχνίαν καὶ ἐπιθήσεις τοὺς λύχνους αὐτῆς.,,,fut.,,,no complement,no complement,,,,,,,,,,,,,,,,,
280,52211_mt,BW>[,MT,Exodus,40,21,JB>,W JB> >T H >RN >L H MCKN W JFM >T PRKT H MSK W JSK <L >RWN H <DWT K >CR YWH JHWH >T MCH,,hif,wayq,W JB> >T H >RN >L H MCKN,,>L H MCKN,>L H MCKN/,into the tabernacle,0.0,prep,topo,inanim,det,subs,simple,factive,>L,,,,,,goal,
281,52211_lxx,εἰσφέρω,LXX,Exodus,40,21,εἰσήνεγκεν,καὶ εἰσήνεγκεν τὴν κιβωτὸν εἰς τὴν σκηνὴν καὶ ἐπέθηκεν τὸ κατακάλυμμα τοῦ καταπετάσματος καὶ ἐσκέπασεν τὴν κιβωτὸν τοῦ μαρτυρίου ὃν τρόπον συνέταξεν κύριος τῷ Μωυσῇ,,,aor.,,,εἰς τὴν σκηνὴν,,to the tent,,,,,,,,,εἰς,,,,,,,
282,1951725_dss,BW>[,4Q17,Exodus,40,21,JB>,W JB> >T H >RWN W JFM >T PRKT H MSK W JSK <L H >RWN H <DWT K >CR YWH JHWH >T MCH,0 000 01 1 1111 0 000 00 0001 0 000 0 000 00 0 0000 0 0111 1 111 111 0000 00 000,hif,wayq,W JB> >T H >RWN,,no complement,no complement,,,,,,,,,,,,,,,W JB> >[T H >RWN] W JFM >T PRK[T] H MSK W JSK <L H >RWN H <[DWT K >CR YWH] JHWH >T MCH,,91.0
283,52388_mt,BW>[,MT,Exodus,40,32,B>M,B B>M >L >HL MW<D W B QRBTM >L H MZBX JRXYW K >CR YWH JHWH >T MCH,,qal,infc,B B>M >L >HL MW<D,,>L >HL MW<D,>L >HL/ MW<D/,into the tent of the assembly,0.0,prep,topo,inanim,det,subs,complex,factive,>L,,,,,,goal,
284,52450_mt,BW>[,MT,Exodus,40,35,BW>,W L> JKL MCH L BW> >L >HL MW<D KJ CKN <LJW H <NN W KBWD JHWH ML> >T H MCKN,,qal,infc,L BW> >L >HL MW<D,,>L >HL MW<D,>L >HL/ MW<D/,into the tent of the assembly,0.0,prep,topo,inanim,det,subs,complex,factive,>L,,,,,,goal,
285,52450_lxx,εἰσέρχομαι,LXX,Exodus,40,35,εἰσελθεῖν,καὶ οὐκ ἠδυνάσθη Μωυσῆς εἰσελθεῖν εἰς τὴν σκηνὴν τοῦ μαρτυρίου ὅτι ἐπεσκίαζεν ἐπ᾽ αὐτὴν ἡ νεφέλη καὶ δόξης κυρίου ἐπλήσθη ἡ σκηνή,,,aor. Inf.,,,εἰς τὴν σκηνὴν τοῦ μαρτυρίου ,,to the tent of the testimony,,,,,,,,,εἰς,,,,,,,
286,,ποιέω,LXX,Exodus ,38,24,ἐποίησεν,οὗτος ἐποίησεν τῷ θυσιαστηρίῳ παράθεμα ἔργον δικτυωτόν κάτωθεν τοῦ πυρείου ὑπὸ αὐτὸ ἕως τοῦ ἡμίσους αὐτοῦ καὶ ἐπέθηκεν αὐτῷ τέσσαρας δακτυλίους ἐκ τῶν τεσσάρων μερῶν τοῦ παραθέματος τοῦ θυσιαστηρίου χαλκοῦς τοῖς μοχλοῖς εὐρεῖς ὥστε αἴρειν τὸ θυσιαστήριον ἐν αὐτοῖς,,,aor. ,,οὗτος,no complement,,,,,,,,,,,,,,,"""he made for the altar an appendage""",,,
