verb_id,book,chapter,verse_num,clause,cl_type,prec_cl,pr_cl_type,next_cl,n_cl_type
212256,Isaiah,1,12,כִּ֣י תָבֹ֔אוּ ,xYq0,,,לֵרָאֹ֖ות פָּנָ֑י ,InfC
212269,Isaiah,1,13,הָבִיא֙ מִנְחַת־שָׁ֔וְא ,InfC,לֹ֣א תֹוסִ֗יפוּ ,xYq0,קְטֹ֧רֶת תֹּועֵבָ֛ה הִ֖יא לִ֑י ,NmCl
212315,Isaiah,1,16,הָסִ֛ירוּ רֹ֥עַ מַעַלְלֵיכֶ֖ם מִנֶּ֣גֶד עֵינָ֑י ,ZIm0,הִזַּכּ֔וּ ,ZIm0,חִדְל֖וּ ,ZIm0
212333,Isaiah,1,18,לְכוּ־נָ֛א ,ZIm0,,,וְנִוָּֽכְחָ֖ה ,WYq0
212418,Isaiah,1,23,וְרִ֥יב אַלְמָנָ֖ה לֹֽא־יָבֹ֥וא אֲלֵיהֶֽם׃ פ ,WXYq,יָתֹום֙ לֹ֣א יִשְׁפֹּ֔טוּ ,xYq0,,
212437,Isaiah,1,25,וְאָשִׁ֤יבָה יָדִי֙ עָלַ֔יִךְ ,WYq0,,,וְאֶצְרֹ֥ף כַּבֹּ֖ר סִיגָ֑יִךְ ,WYq0
212447,Isaiah,1,25,וְאָסִ֖ירָה כָּל־בְּדִילָֽיִךְ׃ ,WYq0,וְאֶצְרֹ֥ף כַּבֹּ֖ר סִיגָ֑יִךְ ,WYq0,,
212451,Isaiah,1,26,וְאָשִׁ֤יבָה שֹׁפְטַ֨יִךְ֙ כְּבָרִ֣אשֹׁנָ֔ה ,WYq0,,,וְיֹעֲצַ֖יִךְ כְּבַתְּחִלָּ֑ה ,Ellp
212477,Isaiah,1,27,וְשָׁבֶ֖יהָ בִּצְדָקָֽה׃ ,Ellp,צִיֹּ֖ון בְּמִשְׁפָּ֣ט תִּפָּדֶ֑ה ,XYqt,,
212570,Isaiah,2,3,וְֽהָלְכ֞וּ עַמִּ֣ים רַבִּ֗ים ,WQtX,,,וְאָמְרוּ֙ ,WQt0
212575,Isaiah,2,3,לְכ֣וּ׀ ,ZIm0,וְאָמְרוּ֙ ,WQt0,וְנַעֲלֶ֣ה אֶל־הַר־יְהוָ֗ה אֶל־בֵּית֙ אֱלֹהֵ֣י יַעֲקֹ֔ב ,WYq0
212577,Isaiah,2,3,וְנַעֲלֶ֣ה אֶל־הַר־יְהוָ֗ה אֶל־בֵּית֙ אֱלֹהֵ֣י יַעֲקֹ֔ב ,WYq0,לְכ֣וּ׀ ,ZIm0,וְיֹרֵ֨נוּ֙ מִדְּרָכָ֔יו ,WYq0
212590,Isaiah,2,3,וְנֵלְכָ֖ה בְּאֹרְחֹתָ֑יו ,WYq0,וְיֹרֵ֨נוּ֙ מִדְּרָכָ֔יו ,WYq0,כִּ֤י מִצִּיֹּון֙ תֵּצֵ֣א תֹורָ֔ה ,xYqX
212596,Isaiah,2,3,כִּ֤י מִצִּיֹּון֙ תֵּצֵ֣א תֹורָ֔ה ,xYqX,וְנֵלְכָ֖ה בְּאֹרְחֹתָ֑יו ,WYq0,וּדְבַר־יְהוָ֖ה מִירוּשָׁלִָֽם׃ ,Ellp
212635,Isaiah,2,5,לְכ֥וּ ,ZIm0,בֵּ֖ית יַעֲקֹ֑ב ,Voct,וְנֵלְכָ֖ה בְּאֹ֥ור יְהוָֽה׃ ,WYq0
212637,Isaiah,2,5,וְנֵלְכָ֖ה בְּאֹ֥ור יְהוָֽה׃ ,WYq0,לְכ֥וּ ,ZIm0,,
212702,Isaiah,2,10,בֹּ֣וא בַצּ֔וּר ,ZIm0,,,וְהִטָּמֵ֖ן בֶּֽעָפָ֑ר מִפְּנֵי֙ פַּ֣חַד יְהוָ֔ה וּמֵהֲדַ֖ר גְּאֹנֹֽו׃ ,WIm0
212830,Isaiah,2,19,וּבָ֨אוּ֙ בִּמְעָרֹ֣ות צֻרִ֔ים וּבִמְחִלֹּ֖ות עָפָ֑ר מִפְּנֵ֞י פַּ֤חַד יְהוָה֙ וּמֵהֲדַ֣ר גְּאֹונֹ֔ו ,WQt0,,,בְּקוּמֹ֖ו ,InfC
212857,Isaiah,2,20,בַּיֹּ֤ום הַהוּא֙ יַשְׁלִ֣יךְ הָאָדָ֔ם אֵ֚ת אֱלִילֵ֣י כַסְפֹּ֔ו וְאֵ֖ת אֱלִילֵ֣י זְהָבֹ֑ו ,xYqX,,,אֲשֶׁ֤ר עָֽשׂוּ־לֹו֙ ,xQt0
212880,Isaiah,2,21,לָבֹוא֙ בְּנִקְרֹ֣ות הַצֻּרִ֔ים וּבִסְעִפֵ֖י הַסְּלָעִ֑ים מִפְּנֵ֞י פַּ֤חַד יְהוָה֙ וּמֵהֲדַ֣ר גְּאֹונֹ֔ו ,InfC,,,בְּקוּמֹ֖ו ,InfC
212924,Isaiah,3,1,כִּי֩ הִנֵּ֨ה הָאָדֹ֜ון יְהוָ֣ה צְבָאֹ֗ות מֵסִ֤יר מִירוּשָׁלִַ֨ם֙ וּמִ֣יהוּדָ֔ה מַשְׁעֵ֖ן וּמַשְׁעֵנָ֑ה כֹּ֚ל מִשְׁעַן־לֶ֔חֶם וְכֹ֖ל מִשְׁעַן־מָֽיִם׃ ,Ptcp,,,,
213042,Isaiah,3,8,וִיהוּדָ֖ה נָפָ֑ל ,WXQt,כִּ֤י כָשְׁלָה֙ יְר֣וּשָׁלִַ֔ם ,xQtX,כִּֽי־לְשֹׁונָ֤ם וּמַֽעַלְלֵיהֶם֙ אֶל־יְהוָ֔ה ,NmCl
213114,Isaiah,3,14,יְהוָה֙ בְּמִשְׁפָּ֣ט יָבֹ֔וא עִם־זִקְנֵ֥י עַמֹּ֖ו וְשָׂרָ֑יו ,XYqt,,,וְאַתֶּם֙ בִּֽעַרְתֶּ֣ם הַכֶּ֔רֶם ,WXQt
213151,Isaiah,3,16,וַתֵּלַ֨כְנָה֙ נְטוּיֹ֣ות גָּרֹ֔ון וּֽמְשַׂקְּרֹ֖ות עֵינָ֑יִם ,Way0,יַ֚עַן כִּ֤י גָֽבְהוּ֙ בְּנֹ֣ות צִיֹּ֔ון ,xQtX,הָלֹ֤וךְ וְטָפֹף֙ תֵּלַ֔כְנָה ,xYq0
213157,Isaiah,3,16,הָלֹ֤וךְ וְטָפֹף֙ תֵּלַ֔כְנָה ,xYq0,וַתֵּלַ֨כְנָה֙ נְטוּיֹ֣ות גָּרֹ֔ון וּֽמְשַׂקְּרֹ֖ות עֵינָ֑יִם ,Way0,וּבְרַגְלֵיהֶ֖ם תְּעַכַּֽסְנָה׃ ,WxY0
213160,Isaiah,3,16,הָלֹ֤וךְ וְטָפֹף֙ תֵּלַ֔כְנָה ,xYq0,וַתֵּלַ֨כְנָה֙ נְטוּיֹ֣ות גָּרֹ֔ון וּֽמְשַׂקְּרֹ֖ות עֵינָ֑יִם ,Way0,וּבְרַגְלֵיהֶ֖ם תְּעַכַּֽסְנָה׃ ,WxY0
213180,Isaiah,3,18,בַּיֹּ֨ום הַה֜וּא יָסִ֣יר אֲדֹנָ֗י אֵ֣ת תִּפְאֶ֧רֶת הָעֲכָסִ֛ים וְהַשְּׁבִיסִ֖ים וְהַשַּׂהֲרֹנִֽים׃ ,xYqX,,,,
213271,Isaiah,3,25,מְתַ֖יִךְ בַּחֶ֣רֶב יִפֹּ֑לוּ ,XYqt,,,וּגְבוּרָתֵ֖ךְ בַּמִּלְחָמָֽה׃ ,Ellp
213311,Isaiah,4,1,אֱסֹ֖ף חֶרְפָּתֵֽנוּ׃ ס ,ZIm0,רַ֗ק יִקָּרֵ֤א שִׁמְךָ֙ עָלֵ֔ינוּ ,xYqX,,
213508,Isaiah,5,5,הָסֵ֤ר מְשׂוּכָּתֹו֙ ,InfA,אֵ֛ת אֲשֶׁר־אֲנִ֥י עֹשֶׂ֖ה לְכַרְמִ֑י ,Ptcp,וְהָיָ֣ה ,WQt0
213529,Isaiah,5,6,וְעָלָ֥ה שָׁמִ֖יר וָשָׁ֑יִת ,WQtX,וְלֹ֣א יֵעָדֵ֔ר ,WxY0,וְעַ֤ל הֶעָבִים֙ אֲצַוֶּ֔ה ,WxY0
213573,Isaiah,5,8,שָׂדֶ֥ה בְשָׂדֶ֖ה יַקְרִ֑יבוּ עַ֚ד אֶ֣פֶס מָקֹ֔ום ,xYq0,מַגִּיעֵ֥י בַ֨יִת֙ בְּבַ֔יִת ,Ptcp,וְהֽוּשַׁבְתֶּ֥ם לְבַדְּכֶ֖ם בְּקֶ֥רֶב הָאָֽרֶץ׃ ,WQt0
213650,Isaiah,5,13,לָכֵ֛ן גָּלָ֥ה עַמִּ֖י מִבְּלִי־דָ֑עַת ,xQtX,,,וּכְבֹודֹו֙ מְתֵ֣י רָעָ֔ב ,NmCl
213674,Isaiah,5,14,וְיָרַ֨ד הֲדָרָ֧הּ וַהֲמֹונָ֛הּ וּשְׁאֹונָ֖הּ וְעָלֵ֥ז בָּֽהּ׃ ,WQtX,וּפָעֲרָ֥ה פִ֖יהָ לִבְלִי־חֹ֑ק ,WQt0,,
213740,Isaiah,5,19,וְתִקְרַ֣ב ,WYq0,לְמַ֣עַן נִרְאֶ֑ה ,xYq0,וְתָבֹ֗ואָה עֲצַ֛ת קְדֹ֥ושׁ יִשְׂרָאֵ֖ל ,WYqX
213742,Isaiah,5,19,וְתָבֹ֗ואָה עֲצַ֛ת קְדֹ֥ושׁ יִשְׂרָאֵ֖ל ,WYqX,וְתִקְרַ֣ב ,WYq0,וְנֵדָֽעָה׃ ס ,WYq0
213802,Isaiah,5,23,וְצִדְקַ֥ת צַדִּיקִ֖ים יָסִ֥ירוּ מִמֶּֽנּוּ׃ ס ,WxY0,מַצְדִּיקֵ֥י רָשָׁ֖ע עֵ֣קֶב שֹׁ֑חַד ,Ptcp,,
213824,Isaiah,5,24,וּפִרְחָ֖ם כָּאָבָ֣ק יַעֲלֶ֑ה ,WXYq,שָׁרְשָׁם֙ כַּמָּ֣ק יִֽהְיֶ֔ה ,XYqt,כִּ֣י מָאֲס֗וּ אֵ֚ת תֹּורַת֙ יְהוָ֣ה צְבָאֹ֔ות ,xQt0
213867,Isaiah,5,25,בְּכָל־זֹאת֙ לֹא־שָׁ֣ב אַפֹּ֔ו ,xQtX,וַתְּהִ֧י נִבְלָתָ֛ם כַּסּוּחָ֖ה בְּקֶ֣רֶב חוּצֹ֑ות ,WayX,וְעֹ֖וד יָדֹ֥ו נְטוּיָֽה׃ ,Ptcp
213892,Isaiah,5,26,וְהִנֵּ֥ה מְהֵרָ֖ה קַ֥ל יָבֹֽוא׃ ,WxY0,וְשָׁ֥רַק לֹ֖ו מִקְצֵ֣ה הָאָ֑רֶץ ,WQt0,,
214093,Isaiah,6,6,בְּמֶ֨לְקַחַ֔יִם לָקַ֖ח מֵעַ֥ל הַמִּזְבֵּֽחַ׃ ,xQt0,וּבְיָדֹ֖ו רִצְפָּ֑ה ,NmCl,,
214110,Isaiah,6,7,וְסָ֣ר עֲוֹנֶ֔ךָ ,WQtX,הִנֵּ֛ה נָגַ֥ע זֶ֖ה עַל־שְׂפָתֶ֑יךָ ,xQtX,וְחַטָּאתְךָ֖ תְּכֻפָּֽר׃ ,WXYq
214123,Isaiah,6,8,אֶת־מִ֥י אֶשְׁלַ֖ח ,xYq0,אֹמֵ֔ר ,Ptcp,וּמִ֣י יֵֽלֶךְ־לָ֑נוּ ,WXYq
214126,Isaiah,6,8,וּמִ֣י יֵֽלֶךְ־לָ֑נוּ ,WXYq,אֶת־מִ֥י אֶשְׁלַ֖ח ,xYq0,וָאֹמַ֖ר ,Way0
214131,Isaiah,6,8,שְׁלָחֵֽנִי׃ ,ZIm0,הִנְנִ֥י ,NmCl,,
214134,Isaiah,6,9,לֵ֥ךְ ,ZIm0,וַיֹּ֕אמֶר ,Way0,וְאָמַרְתָּ֖ לָעָ֣ם הַזֶּ֑ה ,WQt0
214177,Isaiah,6,10,וָשָׁ֖ב ,WQt0,וּלְבָבֹ֥ו יָבִ֛ין ,WXYq,וְרָ֥פָא לֹֽו׃ ,WQt0
214225,Isaiah,6,13,וְשָׁ֖בָה ,WQt0,וְעֹ֥וד בָּהּ֙ עֲשִׂ֣רִיָּ֔ה ,NmCl,וְהָיְתָ֣ה ,WQt0
214256,Isaiah,7,1,עָלָ֣ה רְצִ֣ין מֶֽלֶךְ־אֲ֠רָם וּפֶ֨קַח בֶּן־רְמַלְיָ֤הוּ מֶֽלֶךְ־יִשְׂרָאֵל֙ יְר֣וּשָׁלִַ֔ם לַמִּלְחָמָ֖ה עָלֶ֑יהָ ,ZQtX,וַיְהִ֡י בִּימֵ֣י אָ֠חָז בֶּן־יֹותָ֨ם בֶּן־עֻזִּיָּ֜הוּ מֶ֣לֶךְ יְהוּדָ֗ה ,Way0,וְלֹ֥א יָכֹ֖ל ,WxQ0
214306,Isaiah,7,3,צֵא־נָא֙ אַתָּ֕ה וּשְׁאָ֖ר יָשׁ֣וּב בְּנֶ֑ךָ אֶל־קְצֵ֗ה תְּעָלַת֙ הַבְּרֵכָ֣ה הָעֶלְיֹונָ֔ה אֶל־מְסִלַּ֖ת שְׂדֵ֥ה כֹובֵֽס׃ ,ZImX,וַיֹּ֣אמֶר יְהוָה֮ אֶֽל־יְשַׁעְיָהוּ֒ ,WayX,לִקְרַ֣את אָחָ֔ז ,InfC
214368,Isaiah,7,6,נַעֲלֶ֤ה בִֽיהוּדָה֙ ,ZYq0,,,וּנְקִיצֶ֔נָּה ,WYq0
214531,Isaiah,7,17,יָבִ֨יא יְהוָ֜ה עָלֶ֗יךָ וְעַֽל־עַמְּךָ֮ וְעַל־בֵּ֣ית אָבִיךָ֒ יָמִים֙ אֵ֖ת מֶ֥לֶךְ אַשּֽׁוּר׃ פ ,ZYqX,,,אֲשֶׁ֣ר לֹא־בָ֔אוּ לְמִיֹּ֥ום ,xQt0
214544,Isaiah,7,17,אֲשֶׁ֣ר לֹא־בָ֔אוּ לְמִיֹּ֥ום ,xQt0,יָבִ֨יא יְהוָ֜ה עָלֶ֗יךָ וְעַֽל־עַמְּךָ֮ וְעַל־בֵּ֣ית אָבִיךָ֒ יָמִים֙ אֵ֖ת מֶ֥לֶךְ אַשּֽׁוּר׃ פ ,ZYqX,סוּר־אֶפְרַ֖יִם מֵעַ֣ל יְהוּדָ֑ה ,InfC
214548,Isaiah,7,17,סוּר־אֶפְרַ֖יִם מֵעַ֣ל יְהוּדָ֑ה ,InfC,אֲשֶׁ֣ר לֹא־בָ֔אוּ לְמִיֹּ֥ום ,xQt0,,
214582,Isaiah,7,19,וּבָ֨אוּ ,WQt0,,,וְנָח֤וּ כֻלָּם֙ בְּנַחֲלֵ֣י הַבַּתֹּ֔ות וּבִנְקִיקֵ֖י הַסְּלָעִ֑ים וּבְכֹל֙ הַנַּ֣עֲצוּצִ֔ים וּבְכֹ֖ל הַנַּהֲלֹלִֽים׃ ,WQtX
214702,Isaiah,7,24,בַּחִצִּ֥ים וּבַקֶּ֖שֶׁת יָ֣בֹוא שָׁ֑מָּה ,xYq0,,,כִּי־שָׁמִ֥יר וָשַׁ֖יִת תִּֽהְיֶ֥ה כָל־הָאָֽרֶץ׃ ,xYqX
214722,Isaiah,7,25,לֹֽא־תָבֹ֣וא שָׁ֔מָּה יִרְאַ֖ת שָׁמִ֣יר וָשָׁ֑יִת ,xYq0,אֲשֶׁ֤ר בַּמַּעְדֵּר֙ יֵעָ֣דֵר֔וּן ,xYq0,וְהָיָה֙ לְמִשְׁלַ֣ח שֹׁ֔ור וּלְמִרְמַ֖ס שֶֽׂה׃ פ ,WQt0
214741,Isaiah,8,1,קַח־לְךָ֖ גִּלָּיֹ֣ון גָּדֹ֑ול ,ZIm0,וַיֹּ֤אמֶר יְהוָה֙ אֵלַ֔י ,WayX,וּכְתֹ֤ב עָלָיו֙ בְּחֶ֣רֶט אֱנֹ֔ושׁ ,WIm0
214768,Isaiah,8,3,וָאֶקְרַב֙ אֶל־הַנְּבִיאָ֔ה ,Way0,,,וַתַּ֖הַר ,Way0
214826,Isaiah,8,6,הַהֹלְכִ֖ים לְאַ֑ט ,Ptcp,יַ֗עַן כִּ֤י מָאַס֙ הָעָ֣ם הַזֶּ֔ה אֵ֚ת מֵ֣י הַשִּׁלֹ֔חַ ,xQtX,וּמְשֹׂ֥ושׂ אֶת־רְצִ֖ין וּבֶן־רְמַלְיָֽהוּ׃ ,NmCl
214840,Isaiah,8,7,הִנֵּ֣ה אֲדֹנָי֩ מַעֲלֶ֨ה עֲלֵיהֶ֜ם אֶת־מֵ֣י הַנָּהָ֗ר הָעֲצוּמִים֙ וְהָ֣רַבִּ֔ים אֶת־מֶ֥לֶךְ אַשּׁ֖וּר וְאֶת־כָּל־כְּבֹודֹ֑ו ,Ptcp,וְלָכֵ֡ן ,MSyn,וְעָלָה֙ עַל־כָּל־אֲפִיקָ֔יו ,WQt0
214859,Isaiah,8,7,וְעָלָה֙ עַל־כָּל־אֲפִיקָ֔יו ,WQt0,הִנֵּ֣ה אֲדֹנָי֩ מַעֲלֶ֨ה עֲלֵיהֶ֜ם אֶת־מֵ֣י הַנָּהָ֗ר הָעֲצוּמִים֙ וְהָ֣רַבִּ֔ים אֶת־מֶ֥לֶךְ אַשּׁ֖וּר וְאֶת־כָּל־כְּבֹודֹ֑ו ,Ptcp,וְהָלַ֖ךְ עַל־כָּל־גְּדֹותָֽיו׃ ,WQt0
214864,Isaiah,8,7,וְהָלַ֖ךְ עַל־כָּל־גְּדֹותָֽיו׃ ,WQt0,וְעָלָה֙ עַל־כָּל־אֲפִיקָ֔יו ,WQt0,,
214874,Isaiah,8,8,וְעָבַ֔ר ,WQt0,שָׁטַ֣ף ,ZQt0,עַד־צַוָּ֖אר יַגִּ֑יעַ ,xYq0
214926,Isaiah,8,11,מִלֶּ֛כֶת בְּדֶ֥רֶךְ הָֽעָם־הַזֶּ֖ה ,InfC,וְיִסְּרֵ֕נִי ,WYq0,לֵאמֹֽר׃ ,InfC
214995,Isaiah,8,15,וְנָפְל֣וּ ,WQt0,וְכָ֥שְׁלוּ בָ֖ם רַבִּ֑ים ,WQtX,וְנִשְׁבָּ֔רוּ ,WQt0
215093,Isaiah,8,21,וְעָ֥בַר בָּ֖הּ ,WQt0,,,נִקְשֶׁ֣ה ,Ptcp
215163,Isaiah,9,1,הַהֹלְכִ֣ים בַּחֹ֔שֶׁךְ ,Ptcp,הָעָם֙ רָא֖וּ אֹ֣ור גָּדֹ֑ול ,XQtl,יֹשְׁבֵי֙ בְּאֶ֣רֶץ צַלְמָ֔וֶת ,CPen
215292,Isaiah,9,7,דָּבָ֛ר שָׁלַ֥ח אֲדֹנָ֖י בְּיַעֲקֹ֑ב ,xQtX,,,וְנָפַ֖ל בְּיִשְׂרָאֵֽל׃ ,WQt0
215297,Isaiah,9,7,וְנָפַ֖ל בְּיִשְׂרָאֵֽל׃ ,WQt0,דָּבָ֛ר שָׁלַ֥ח אֲדֹנָ֖י בְּיַעֲקֹ֑ב ,xQtX,,
215318,Isaiah,9,9,לְבֵנִ֥ים נָפָ֖לוּ ,XQtl,,,וְגָזִ֣ית נִבְנֶ֑ה ,WxY0
215356,Isaiah,9,11,בְּכָל־זֹאת֙ לֹא־שָׁ֣ב אַפֹּ֔ו ,xQtX,וַיֹּאכְל֥וּ אֶת־יִשְׂרָאֵ֖ל בְּכָל־פֶּ֑ה ,Way0,וְעֹ֖וד יָדֹ֥ו נְטוּיָֽה׃ ,Ptcp
215366,Isaiah,9,12,וְהָעָ֥ם לֹא־שָׁ֖ב ,WXQt,,,עַד־הַמַּכֵּ֑הוּ ,Ptcp
215443,Isaiah,9,16,בְּכָל־זֹאת֙ לֹא־שָׁ֣ב אַפֹּ֔ו ,xQtX,וְכָל־פֶּ֖ה דֹּבֵ֣ר נְבָלָ֑ה ,Ptcp,וְעֹ֖וד יָדֹ֥ו נְטוּיָֽה׃ ,Ptcp
215519,Isaiah,9,20,בְּכָל־זֹאת֙ לֹא־שָׁ֣ב אַפֹּ֔ו ,xQtX,יַחְדָּ֥ו הֵ֖מָּה עַל־יְהוּדָ֑ה ,NmCl,וְעֹ֖וד יָדֹ֥ו נְטוּיָֽה׃ ס ,Ptcp
215564,Isaiah,10,3,מִמֶּרְחָ֣ק תָּבֹ֑וא ,xYq0,וּלְשֹׁואָ֖ה ,Ellp,עַל־מִי֙ תָּנ֣וּסוּ לְעֶזְרָ֔ה ,xYq0
215567,Isaiah,10,3,עַל־מִי֙ תָּנ֣וּסוּ לְעֶזְרָ֔ה ,xYq0,מִמֶּרְחָ֣ק תָּבֹ֑וא ,xYq0,וְאָ֥נָה תַעַזְב֖וּ כְּבֹודְכֶֽם׃ ,WxY0
215581,Isaiah,10,4,וְתַ֥חַת הֲרוּגִ֖ים יִפֹּ֑לוּ ,WxY0,בִּלְתִּ֤י כָרַע֙ תַּ֣חַת אַסִּ֔יר ,xQt0,בְּכָל־זֹאת֙ לֹא־שָׁ֣ב אַפֹּ֔ו ,xQtX
215586,Isaiah,10,4,בְּכָל־זֹאת֙ לֹא־שָׁ֣ב אַפֹּ֔ו ,xQtX,וְתַ֥חַת הֲרוּגִ֖ים יִפֹּ֑לוּ ,WxY0,וְעֹ֖וד יָדֹ֥ו נְטוּיָֽה׃ ס ,Ptcp
215605,Isaiah,10,6,בְּגֹ֤וי חָנֵף֙ אֲשַׁלְּחֶ֔נּוּ ,xYq0,,,וְעַל־עַ֥ם עֶבְרָתִ֖י אֲצַוֶּ֑נּוּ ,WxY0
215738,Isaiah,10,13,וְאָסִ֣יר׀ גְּבוּלֹ֣ת עַמִּ֗ים ,WYq0,כִּ֣י נְבֻנֹ֑ותִי ,xQt0,וַעֲתוּדֹֽותֵיהֶם֙ שֹׁושֵׂ֔תִי ,WxQ0
215745,Isaiah,10,13,וְאֹורִ֥יד כַּאבִּ֖יר יֹושְׁבִֽים׃ ,WYq0,וַעֲתוּדֹֽותֵיהֶם֙ שֹׁושֵׂ֔תִי ,WxQ0,,
215760,Isaiah,10,14,כֶאֱסֹף֙ בֵּיצִ֣ים עֲזֻבֹ֔ות ,InfC,וְכָּל־הָאָ֖רֶץ אֲנִ֣י אָסָ֑פְתִּי ,WXQt,וְלֹ֤א הָיָה֙ ,WxQX
215767,Isaiah,10,14,וְכָּל־הָאָ֖רֶץ אֲנִ֣י אָסָ֑פְתִּי ,WXQt,וַתִּמְצָ֨א כַקֵּ֤ן׀ יָדִי֙ לְחֵ֣יל הָֽעַמִּ֔ים ,WayX,כֶאֱסֹף֙ בֵּיצִ֣ים עֲזֻבֹ֔ות ,InfC
215804,Isaiah,10,16,לָ֠כֵן יְשַׁלַּ֨ח הָאָדֹ֜ון יְהוָ֧ה צְבָאֹ֛ות בְּמִשְׁמַנָּ֖יו רָזֹ֑ון ,xYqX,,,וְתַ֧חַת כְּבֹדֹ֛ו יֵקַ֥ד יְקֹ֖ד כִּיקֹ֥וד אֵֽשׁ׃ ,WxY0
215894,Isaiah,10,21,שְׁאָ֥ר יָשׁ֖וּב שְׁאָ֣ר יַעֲקֹ֑ב אֶל־אֵ֖ל גִּבֹּֽור׃ ,XYqt,,,,
215910,Isaiah,10,22,כִּ֣י שְׁאָ֖ר יָשׁ֣וּב בֹּ֑ו ,XYqt,,,אִם־יִהְיֶ֞ה עַמְּךָ֤ יִשְׂרָאֵל֙ כְּחֹ֣ול הַיָּ֔ם ,xYqX
215993,Isaiah,10,27,יָס֤וּר סֻבֳּלֹו֙ מֵעַ֣ל שִׁכְמֶ֔ךָ ,ZYqX,וְהָיָ֣ה׀ בַּיֹּ֣ום הַה֗וּא ,WQt0,וְעֻלֹּ֖ו מֵעַ֣ל צַוָּארֶ֑ךָ ,Ellp
216009,Isaiah,10,28,בָּ֥א עַל־עַיַּ֖ת ,ZQt0,,,עָבַ֣ר בְּמִגְרֹ֑ון ,ZQt0
216012,Isaiah,10,28,עָבַ֣ר בְּמִגְרֹ֑ון ,ZQt0,בָּ֥א עַל־עַיַּ֖ת ,ZQt0,לְמִכְמָ֖שׂ יַפְקִ֥יד כֵּלָֽיו׃ ,xYq0
216019,Isaiah,10,29,עָֽבְרוּ֙ מַעְבָּרָ֔ה ,ZQt0,,,גֶּ֖בַע מָלֹ֣ון לָ֑נוּ ,xQt0
216029,Isaiah,10,29,גִּבְעַ֥ת שָׁא֖וּל נָֽסָה׃ ,XQtl,חָֽרְדָה֙ הָֽרָמָ֔ה ,ZQtX,,
216089,Isaiah,10,34,וְהַלְּבָנֹ֖ון בְּאַדִּ֥יר יִפֹּֽול׃ ס ,WXYq,וְנִקַּ֛ף סִֽבְכֵ֥י הַיַּ֖עַר בַּבַּרְזֶ֑ל ,WQt0,,
216091,Isaiah,11,1,וְיָצָ֥א חֹ֖טֶר מִגֵּ֣זַע יִשָׁ֑י ,WQtX,,,וְנֵ֖צֶר מִשָּׁרָשָׁ֥יו יִפְרֶֽה׃ ,WXYq
216314,Isaiah,11,12,וְאָסַ֖ף נִדְחֵ֣י יִשְׂרָאֵ֑ל ,WQt0,וְנָשָׂ֥א נֵס֙ לַגֹּויִ֔ם ,WQt0,וּנְפֻצֹ֤ות יְהוּדָה֙ יְקַבֵּ֔ץ מֵאַרְבַּ֖ע כַּנְפֹ֥ות הָאָֽרֶץ׃ ,WxY0
216320,Isaiah,11,12,וּנְפֻצֹ֤ות יְהוּדָה֙ יְקַבֵּ֔ץ מֵאַרְבַּ֖ע כַּנְפֹ֥ות הָאָֽרֶץ׃ ,WxY0,וְאָסַ֖ף נִדְחֵ֣י יִשְׂרָאֵ֑ל ,WQt0,,
216327,Isaiah,11,13,וְסָ֨רָה֙ קִנְאַ֣ת אֶפְרַ֔יִם ,WQtX,,,וְצֹרְרֵ֥י יְהוּדָ֖ה יִכָּרֵ֑תוּ ,WXYq
216407,Isaiah,11,16,עֲלֹתֹ֖ו מֵאֶ֥רֶץ מִצְרָֽיִם׃ ,InfC,כַּאֲשֶׁ֤ר הָֽיְתָה֙ לְיִשְׂרָאֵ֔ל בְּיֹ֥ום ,xQt0,,
216423,Isaiah,12,1,יָשֹׁ֥ב אַפְּךָ֖ ,ZYqX,כִּ֥י אָנַ֖פְתָּ בִּ֑י ,xQt0,וּֽתְנַחֲמֵֽנִי׃ ,WYq0
216516,Isaiah,13,2,וְיָבֹ֖אוּ פִּתְחֵ֥י נְדִיבִֽים׃ ,WYq0,הָנִ֣יפוּ יָ֔ד ,ZIm0,,
216542,Isaiah,13,4,קֹ֠ול שְׁאֹ֞ון מַמְלְכֹ֤ות גֹּויִם֙ נֶֽאֱסָפִ֔ים ,Ellp,דְּמ֣וּת עַם־רָ֑ב ,NmCl,יְהוָ֣ה צְבָאֹ֔ות מְפַקֵּ֖ד צְבָ֥א מִלְחָמָֽה׃ ,Ptcp
216548,Isaiah,13,5,בָּאִ֛ים מֵאֶ֥רֶץ מֶרְחָ֖ק מִקְצֵ֣ה הַשָּׁמָ֑יִם יְהוָה֙ וּכְלֵ֣י זַעְמֹ֔ו ,Ptcp,,,לְחַבֵּ֖ל כָּל־הָאָֽרֶץ׃ ,InfC
216574,Isaiah,13,6,כְּשֹׁ֖ד מִשַּׁדַּ֥י יָבֹֽוא׃ ,xYq0,כִּ֥י קָרֹ֖וב יֹ֣ום יְהוָ֑ה ,AjCl,,
216605,Isaiah,13,9,הִנֵּ֤ה יֹום־יְהוָה֙ בָּ֔א אַכְזָרִ֥י וְעֶבְרָ֖ה וַחֲרֹ֣ון אָ֑ף ,XQtl,,,לָשׂ֤וּם הָאָ֨רֶץ֙ לְשַׁמָּ֔ה ,InfC
216635,Isaiah,13,10,בְּצֵאתֹ֔ו ,InfC,חָשַׁ֤ךְ הַשֶּׁ֨מֶשׁ֙ ,ZQtX,וְיָרֵ֖חַ לֹֽא־יַגִּ֥יהַ אֹורֹֽו׃ ,WXYq
216696,Isaiah,13,14,וְאֵ֣ין מְקַבֵּ֑ץ ,Ptcp,כִּצְבִ֣י מֻדָּ֔ח וּכְצֹ֖אן יִפְנ֔וּ ,xYq0,אִ֤ישׁ אֶל־עַמֹּו֙ ,Ellp
216705,Isaiah,13,14,וְיָנֽוּסוּ׃ ,WxY0,אִ֤ישׁ אֶל־עַמֹּו֙ ,Ellp,אִ֥ישׁ אֶל־אַרְצֹ֖ו ,Ellp
216714,Isaiah,13,15,וְכָל־הַנִּסְפֶּ֖ה יִפֹּ֥ול בֶּחָֽרֶב׃ ,WXYq,כָּל־הַנִּמְצָ֖א יִדָּקֵ֑ר ,XYqt,,
216823,Isaiah,13,22,לָבֹוא֙ ,InfC,וְקָרֹ֤וב עִתָּ֔הּ ,AjCl,וְיָמֶ֖יהָ לֹ֥א יִמָּשֵֽׁכוּ׃ ,WXYq
216854,Isaiah,14,2,וּלְקָח֣וּם עַמִּים֮ ,WQtX,,,וֶהֱבִיא֣וּם אֶל־מְקֹומָם֒ ,WQt0
216857,Isaiah,14,2,וֶהֱבִיא֣וּם אֶל־מְקֹומָם֒ ,WQt0,וּלְקָח֣וּם עַמִּים֮ ,WQtX,וְהִֽתְנַחֲל֣וּם בֵּֽית־יִשְׂרָאֵ֗ל עַ֚ל אַדְמַ֣ת יְהוָ֔ה לַעֲבָדִ֖ים וְלִשְׁפָחֹ֑ות ,WQtX
216956,Isaiah,14,8,לֹֽא־יַעֲלֶ֥ה הַכֹּרֵ֖ת עָלֵֽינוּ׃ ,xYqX,מֵאָ֣ז שָׁכַ֔בְתָּ ,xQt0,,
216967,Isaiah,14,9,בֹּואֶ֑ךָ ,InfC,לִקְרַ֣את ,InfC,עֹורֵ֨ר לְךָ֤ רְפָאִים֙ כָּל־עַתּ֣וּדֵי אָ֔רֶץ ,ZQt0
216991,Isaiah,14,11,הוּרַ֥ד שְׁאֹ֛ול גְאֹונֶ֖ךָ הֶמְיַ֣ת נְבָלֶ֑יךָ ,ZQtX,,,תַּחְתֶּ֨יךָ֙ יֻצַּ֣ע רִמָּ֔ה ,xYqX
217003,Isaiah,14,12,אֵ֛יךְ נָפַ֥לְתָּ מִשָּׁמַ֖יִם ,xQt0,,,הֵילֵ֣ל בֶּן־שָׁ֑חַר ,Voct
217023,Isaiah,14,13,הַשָּׁמַ֣יִם אֶֽעֱלֶ֔ה ,xYq0,וְאַתָּ֞ה אָמַ֤רְתָּ בִֽלְבָבְךָ֙ ,WXQt,מִמַּ֥עַל לְכֹֽוכְבֵי־אֵ֖ל אָרִ֣ים כִּסְאִ֑י ,xYq0
217039,Isaiah,14,14,אֶעֱלֶ֖ה עַל־בָּ֣מֳתֵי עָ֑ב ,ZYq0,,,אֶדַּמֶּ֖ה לְעֶלְיֹֽון׃ ,ZYq0
217049,Isaiah,14,15,אַ֧ךְ אֶל־שְׁאֹ֛ול תּוּרָ֖ד אֶל־יַרְכְּתֵי־בֹֽור׃ ,xYq0,,,,
217091,Isaiah,14,19,וְאַתָּ֞ה הָשְׁלַ֤כְתָּ מִֽקִּבְרְךָ֙ כְּנֵ֣צֶר נִתְעָ֔ב ,WXQt,,,לְב֥וּשׁ הֲרֻגִ֖ים מְטֹ֣עֲנֵי חָ֑רֶב ,NmCl
217101,Isaiah,14,19,יֹורְדֵ֥י אֶל־אַבְנֵי־בֹ֖ור כְּפֶ֥גֶר מוּבָֽס׃ ,Ptcp,לְב֥וּשׁ הֲרֻגִ֖ים מְטֹ֣עֲנֵי חָ֑רֶב ,NmCl,,
217204,Isaiah,14,25,וְסָ֤ר מֵֽעֲלֵיהֶם֙ עֻלֹּ֔ו ,WQtX,וְעַל־הָרַ֖י אֲבוּסֶ֑נּוּ ,WxY0,וְסֻ֨בֳּלֹ֔ו מֵעַ֥ל שִׁכְמֹ֖ו יָסֽוּר׃ ,WXYq
217213,Isaiah,14,25,וְסֻ֨בֳּלֹ֔ו מֵעַ֥ל שִׁכְמֹ֖ו יָסֽוּר׃ ,WXYq,וְסָ֤ר מֵֽעֲלֵיהֶם֙ עֻלֹּ֔ו ,WQtX,,
217246,Isaiah,14,27,וּמִ֥י יְשִׁיבֶֽנָּה׃ פ ,WXYq,וְיָדֹ֥ו הַנְּטוּיָ֖ה ,NmCl,,
217270,Isaiah,14,29,כִּֽי־מִשֹּׁ֤רֶשׁ נָחָשׁ֙ יֵ֣צֵא צֶ֔פַע ,xYqX,מַכֵּ֑ךְ ,Ptcp,וּפִרְיֹ֖ו שָׂרָ֥ף מְעֹופֵֽף׃ ,NmCl
217305,Isaiah,14,31,כִּ֤י מִצָּפֹון֙ עָשָׁ֣ן בָּ֔א ,XQtl,פְּלֶ֣שֶׁת כֻּלֵּ֑ךְ ,Voct,וְאֵ֥ין בֹּודֵ֖ד בְּמֹועָדָֽיו׃ ,Ptcp
217340,Isaiah,15,2,עָלָ֨ה הַבַּ֧יִת ,ZQt0,,,וְדִיבֹ֛ן הַבָּמֹ֖ות לְבֶ֑כִי ,Ellp
217374,Isaiah,15,3,יֹרֵ֥ד בַּבֶּֽכִי׃ ,Ptcp,עַ֣ל גַּגֹּותֶ֧יהָ וּבִרְחֹבֹתֶ֛יהָ כֻּלֹּ֥ה יְיֵלִ֖יל ,XYqt,,
217409,Isaiah,15,5,בִּבְכִי֙ יַֽעֲלֶה־בֹּ֔ו ,xYq0,כִּ֣י׀ מַעֲלֵ֣ה הַלּוּחִ֗ית ,CPen,כִּ֚י דֶּ֣רֶךְ חֹורֹנַ֔יִם זַעֲקַת־שֶׁ֖בֶר יְעֹעֵֽרוּ׃ ,xYq0
217472,Isaiah,16,1,שִׁלְחוּ־כַ֥ר מִסֶּ֣לַע מִדְבָּ֑רָה אֶל־הַ֖ר בַּת־צִיֹּֽון׃ ,ZIm0,,,מֹשֵֽׁל־אֶ֖רֶץ ,Voct
217489,Isaiah,16,2,וְהָיָ֥ה כְעֹוף־נֹודֵ֖ד קֵ֣ן מְשֻׁלָּ֑ח ,WQt0,,,תִּֽהְיֶ֨ינָה֙ בְּנֹ֣ות מֹואָ֔ב מַעְבָּרֹ֖ת לְאַרְנֹֽון׃ ,ZYqX
217496,Isaiah,16,3,הָבִ֤יאִי עֵצָה֙ ,ZIm0,,,עֲשׂ֣וּ פְלִילָ֔ה ,ZIm0
217512,Isaiah,16,3,נֹדֵ֖ד אַל־תְּגַלִּֽי׃ ,xYq0,סַתְּרִי֙ נִדָּחִ֔ים ,ZIm0,,
217598,Isaiah,16,8,עָ֥בְרוּ יָֽם׃ ,ZQt0,שְׁלֻ֣חֹותֶ֔יהָ נִטְּשׁ֖וּ ,XQtl,,
217620,Isaiah,16,9,כִּ֧י עַל־קֵיצֵ֛ךְ וְעַל־קְצִירֵ֖ךְ הֵידָ֥ד נָפָֽל׃ ,XQtl,חֶשְׁבֹּ֖ון וְאֶלְעָלֵ֑ה ,Voct,,
217622,Isaiah,16,10,וְנֶאֱסַ֨ף שִׂמְחָ֤ה וָגִיל֙ מִן־הַכַּרְמֶ֔ל ,WQtX,,,וּבַכְּרָמִ֥ים לֹֽא־יְרֻנָּ֖ן ,WxY0
217671,Isaiah,16,12,וּבָ֧א אֶל־מִקְדָּשֹׁ֛ו ,WQt0,כִּֽי־נִלְאָ֥ה מֹואָ֖ב עַל־הַבָּמָ֑ה ,xQtX,לְהִתְפַּלֵּ֖ל ,InfC
217721,Isaiah,17,1,הִנֵּ֤ה דַמֶּ֨שֶׂק֙ מוּסָ֣ר מֵעִ֔יר ,Ptcp,מַשָּׂ֖א דַּמָּ֑שֶׂק ,NmCl,וְהָיְתָ֖ה מְעִ֥י מַפָּלָֽה׃ ,WQt0
217776,Isaiah,17,5,כֶּֽאֱסֹף֙ קָצִ֣יר קָמָ֔ה ,InfC,וְהָיָ֗ה ,WQt0,וּזְרֹעֹ֖ו שִׁבֳּלִ֣ים יִקְצֹ֑ור ,WXYq
217935,Isaiah,17,13,וְנָ֣ס מִמֶּרְחָ֑ק ,WQt0,וְגָ֥עַר בֹּ֖ו ,WQt0,וְרֻדַּ֗ף כְּמֹ֤ץ הָרִים֙ לִפְנֵי־ר֔וּחַ ,WQt0
217980,Isaiah,18,2,הַשֹּׁלֵ֨חַ בַּיָּ֜ם צִירִ֗ים ,Ptcp,,,וּבִכְלֵי־גֹמֶא֮ עַל־פְּנֵי־מַיִם֒ ,Ellp
217992,Isaiah,18,2,לְכ֣וּ׀ אֶל־גֹּוי֙ מְמֻשָּׁ֣ךְ וּמֹורָ֔ט ,ZIm0,וּבִכְלֵי־גֹמֶא֮ עַל־פְּנֵי־מַיִם֒ ,Ellp,מַלְאָכִ֣ים קַלִּ֗ים ,Voct
218076,Isaiah,18,5,וְאֶת־הַנְּטִישֹׁ֖ות הֵסִ֥יר ,WxQ0,וְכָרַ֤ת הַזַּלְזַלִּים֙ בַּמַּזְמֵרֹ֔ות ,WQt0,הֵתַֽז׃ ,ZQt0
218147,Isaiah,19,1,וּבָ֣א מִצְרַ֔יִם ,WQt0,הִנֵּ֨ה יְהוָ֜ה רֹכֵ֨ב עַל־עָ֥ב קַל֙ ,Ptcp,וְנָע֞וּ אֱלִילֵ֤י מִצְרַ֨יִם֙ מִפָּנָ֔יו ,WQtX
218269,Isaiah,19,8,מַשְׁלִיכֵ֥י בַיְאֹ֖ור חַכָּ֑ה ,Ptcp,וְאָ֣בְל֔וּ כָּל־,WQtX,וּ,NmCl
218487,Isaiah,19,20,וְיִשְׁלַ֥ח לָהֶ֛ם מֹושִׁ֥יעַ וָרָ֖ב ,WYq0,כִּֽי־יִצְעֲק֤וּ אֶל־יְהוָה֙ מִפְּנֵ֣י לֹֽחֲצִ֔ים ,xYq0,וְהִצִּילָֽם׃ ,WQt0
218530,Isaiah,19,22,וְשָׁ֨בוּ֙ עַד־יְהוָ֔ה ,WQt0,וְנָגַ֧ף יְהוָ֛ה אֶת־מִצְרַ֖יִם נָגֹ֣ף וְרָפֹ֑וא ,WQtX,וְנֶעְתַּ֥ר לָהֶ֖ם ,WQt0
218549,Isaiah,19,23,וּבָֽא־אַשּׁ֥וּר בְּמִצְרַ֖יִם ,WQtX,בַּיֹּ֣ום הַה֗וּא תִּהְיֶ֨ה מְסִלָּ֤ה מִמִּצְרַ֨יִם֙ אַשּׁ֔וּרָה ,xYqX,וּמִצְרַ֣יִם בְּאַשּׁ֑וּר ,Ellp
218598,Isaiah,20,1,בֹּ֤א תַרְתָּן֙ אַשְׁדֹּ֔ודָה ,InfC,בִּשְׁנַ֨ת ,CPen,בִּשְׁלֹ֣ח אֹתֹ֔ו סַֽרְגֹ֖ון מֶ֣לֶךְ אַשּׁ֑וּר ,InfC
218602,Isaiah,20,1,בִּשְׁלֹ֣ח אֹתֹ֔ו סַֽרְגֹ֖ון מֶ֣לֶךְ אַשּׁ֑וּר ,InfC,בֹּ֤א תַרְתָּן֙ אַשְׁדֹּ֔ודָה ,InfC,וַיִּלָּ֥חֶם בְּאַשְׁדֹּ֖וד ,Way0
218627,Isaiah,20,2,לֵ֗ךְ ,ZIm0,לֵאמֹר֒ ,InfC,וּפִתַּחְתָּ֤ הַשַּׂק֙ מֵעַ֣ל מָתְנֶ֔יךָ ,WQt0
218644,Isaiah,20,2,הָלֹ֖ךְ עָרֹ֥ום וְיָחֵֽף׃ ס ,InfA,וַיַּ֣עַשׂ כֵּ֔ן ,Way0,,
218653,Isaiah,20,3,כַּאֲשֶׁ֥ר הָלַ֛ךְ עַבְדִּ֥י יְשַׁעְיָ֖הוּ עָרֹ֣ום וְיָחֵ֑ף שָׁלֹ֤שׁ שָׁנִים֙ אֹ֣ות וּמֹופֵ֔ת עַל־מִצְרַ֖יִם וְעַל־כּֽוּשׁ׃ ,CPen,וַיֹּ֣אמֶר יְהוָ֔ה ,WayX,,
218718,Isaiah,20,6,אֲשֶׁר־נַ֤סְנוּ שָׁם֙ לְעֶזְרָ֔ה ,xQt0,הִנֵּה־כֹ֣ה מַבָּטֵ֗נוּ ,NmCl,לְהִ֨נָּצֵ֔ל מִפְּנֵ֖י מֶ֣לֶךְ אַשּׁ֑וּר ,InfC
218744,Isaiah,21,1,כְּסוּפֹ֤ות בַּנֶּ֨גֶב֙ מִמִּדְבָּ֣ר בָּ֔א מֵאֶ֖רֶץ נֹורָאָֽה׃ ,xQt0,מַשָּׂ֖א מִדְבַּר־יָ֑ם ,NmCl,לַֽחֲלֹ֔ף ,InfC
218759,Isaiah,21,2,עֲלִ֤י ,ZIm0,וְהַשֹּׁודֵ֣ד׀ שֹׁודֵ֔ד ,Ptcp,עֵילָם֙ ,Voct
218811,Isaiah,21,6,לֵ֚ךְ ,ZIm0,כִּ֣י כֹ֥ה אָמַ֛ר אֵלַ֖י אֲדֹנָ֑י ,xQtX,הַעֲמֵ֣ד הַֽמְצַפֶּ֔ה ,ZIm0
218853,Isaiah,21,9,וְהִנֵּה־זֶ֥ה בָא֙ רֶ֣כֶב אִ֔ישׁ צֶ֖מֶד פָּֽרָשִׁ֑ים ,WXQt,,,וַיַּ֣עַן ,Way0
218862,Isaiah,21,9,נָפְלָ֤ה ,ZQt0,וַיֹּ֗אמֶר ,Way0,נָֽפְלָה֙ בָּבֶ֔ל ,ZQtX
218863,Isaiah,21,9,נָֽפְלָה֙ בָּבֶ֔ל ,ZQtX,נָפְלָ֤ה ,ZQt0,וְכָל־פְּסִילֵ֥י אֱלֹהֶ֖יהָ שִׁבַּ֥ר לָאָֽרֶץ׃ ,WxQ0
218911,Isaiah,21,12,שֻׁ֥בוּ ,ZIm0,בְּעָ֖יוּ ,ZIm0,אֵתָֽיוּ׃ ס ,ZIm0
218991,Isaiah,22,1,כִּֽי־עָלִ֥ית כֻּלָּ֖ךְ לַגַּגֹּֽות׃ ,xQtX,מַה־לָּ֣ךְ אֵפֹ֔וא ,NmCl,,
219088,Isaiah,22,8,וַיְגַ֕ל אֵ֖ת מָסַ֣ךְ יְהוּדָ֑ה ,Way0,,,וַתַּבֵּט֙ בַּיֹּ֣ום הַה֔וּא אֶל־נֶ֖שֶׁק בֵּ֥ית הַיָּֽעַר׃ ,Way0
219113,Isaiah,22,9,וַֽתְּקַבְּצ֔וּ אֶת־מֵ֥י הַבְּרֵכָ֖ה הַתַּחְתֹּונָֽה׃ ,Way0,כִּי־רָ֑בּוּ ,xQt0,,
219200,Isaiah,22,14,וְנִגְלָ֥ה בְאָזְנָ֖י יְהוָ֣ה צְבָאֹ֑ות ,WQtX,,,אִם־יְ֠כֻפַּר הֶעָוֹן֙ הַזֶּ֤ה לָכֶם֙ ,xYqX
219223,Isaiah,22,15,לֶךְ־,ZIm0,כֹּ֥ה אָמַ֛ר אֲדֹנָ֥י יְהוִ֖ה צְבָאֹ֑ות ,xQtX,בֹּא֙ אֶל־הַסֹּכֵ֣ן הַזֶּ֔ה עַל־שֶׁבְנָ֖א ,ZIm0
219224,Isaiah,22,15,בֹּא֙ אֶל־הַסֹּכֵ֣ן הַזֶּ֔ה עַל־שֶׁבְנָ֖א ,ZIm0,לֶךְ־,ZIm0,אֲשֶׁ֥ר עַל־הַבָּֽיִת׃ ,NmCl
219405,Isaiah,22,25,וְנָפְלָ֗ה ,WQt0,וְנִגְדְּעָ֣ה ,WQt0,וְנִכְרַת֙ הַמַּשָּׂ֣א ,WQtX
219425,Isaiah,23,1,מִבֹּ֔וא מֵאֶ֥רֶץ כִּתִּ֖ים ,InfC,כִּֽי־שֻׁדַּ֤ד מִבַּ֨יִת֙ ,xQt0,נִגְלָה־לָֽמֹו׃ ,xQt0
219429,Isaiah,23,1,נִגְלָה־לָֽמֹו׃ ,xQt0,מִבֹּ֔וא מֵאֶ֥רֶץ כִּתִּ֖ים ,InfC,,
219436,Isaiah,23,2,עֹבֵ֥ר יָ֖ם ,Ptcp,סֹחֵ֥ר צִידֹ֛ון מִלְאֽוּךְ׃ ,XQtl,,
219482,Isaiah,23,6,עִבְר֖וּ תַּרְשִׁ֑ישָׁה ,ZIm0,,,הֵילִ֖ילוּ ,ZIm0
219527,Isaiah,23,10,עִבְרִ֥י אַרְצֵ֖ךְ כַּיְאֹ֑ר ,ZIm0,,,בַּת־תַּרְשִׁ֕ישׁ ,Voct
219565,Isaiah,23,12,כִּתִּים֙ עֲבֹ֔רִי ,xIm0,הַֽמְעֻשָּׁקָ֞ה בְּתוּלַ֣ת בַּת־צִידֹ֗ון ,Voct,ק֣וּמִי ,ZIm0
219623,Isaiah,23,16,קְחִ֥י כִנֹּ֛ור ,ZIm0,,,סֹ֥בִּי עִ֖יר ,ZIm0
219646,Isaiah,23,17,וְשָׁבָ֖ה לְאֶתְנַנָּ֑ה ,WQt0,יִפְקֹ֤ד יְהוָה֙ אֶת־צֹ֔ר ,ZYqX,וְזָֽנְתָ֛ה אֶת־כָּל־מַמְלְכֹ֥ות הָאָ֖רֶץ עַל־פְּנֵ֥י הָאֲדָמָֽה׃ ,WQt0
219775,Isaiah,24,5,כִּֽי־עָבְר֤וּ תֹורֹת֙ ,xQt0,וְהָאָ֥רֶץ חָנְפָ֖ה תַּ֣חַת יֹשְׁבֶ֑יהָ ,WXQt,חָ֣לְפוּ חֹ֔ק ,ZQt0
219834,Isaiah,24,10,מִבֹּֽוא׃ ,InfC,סֻגַּ֥ר כָּל־בַּ֖יִת ,ZQtX,,
219845,Isaiah,24,11,גָּלָ֖ה מְשֹׂ֥ושׂ הָאָֽרֶץ׃ ,ZQtX,עָֽרְבָה֙ כָּל־שִׂמְחָ֔ה ,ZQtX,,
219938,Isaiah,24,18,הַנָּ֞ס מִקֹּ֤ול הַפַּ֨חַד֙ ,Ptcp,וְֽ֠הָיָה ,WQt0,יִפֹּ֣ל אֶל־הַפַּ֔חַת ,XYqt
219943,Isaiah,24,18,יִפֹּ֣ל אֶל־הַפַּ֔חַת ,XYqt,הַנָּ֞ס מִקֹּ֤ול הַפַּ֨חַד֙ ,Ptcp,וְיִלָּכֵ֖ד בַּפָּ֑ח ,WXYq
219949,Isaiah,24,18,הָֽעֹולֶה֙ מִתֹּ֣וךְ הַפַּ֔חַת ,Ptcp,וְיִלָּכֵ֖ד בַּפָּ֑ח ,WXYq,כִּֽי־אֲרֻבֹּ֤ות מִמָּרֹום֙ נִפְתָּ֔חוּ ,XQtl
219993,Isaiah,24,20,וְנָפְלָ֖ה ,WQt0,וְכָבַ֤ד עָלֶ֨יהָ֙ פִּשְׁעָ֔הּ ,WQtX,וְלֹא־תֹסִ֥יף ,WxY0
220023,Isaiah,24,22,וְאֻסְּפ֨וּ אֲסֵפָ֤ה אַסִּיר֙ עַל־בֹּ֔ור ,WQt0,,,וְסֻגְּר֖וּ עַל־מַסְגֵּ֑ר ,WQt0
220204,Isaiah,25,8,וְחֶרְפַּ֣ת עַמֹּ֗ו יָסִיר֙ מֵעַ֣ל כָּל־הָאָ֔רֶץ ,WxY0,וּמָחָ֨ה אֲדֹנָ֧י יְהוִ֛ה דִּמְעָ֖ה מֵעַ֣ל כָּל־פָּנִ֑ים ,WQtX,כִּ֥י יְהוָ֖ה דִּבֵּֽר׃ פ ,XQtl
220308,Isaiah,26,2,וְיָבֹ֥א גֹוי־צַדִּ֖יק ,WYqX,פִּתְח֖וּ שְׁעָרִ֑ים ,ZIm0,שֹׁמֵ֥ר אֱמֻנִֽים׃ ,Ptcp
220481,Isaiah,26,17,כְּמֹ֤ו הָרָה֙ תַּקְרִ֣יב ,CPen,,,לָלֶ֔דֶת ,InfC
220504,Isaiah,26,18,וּבַֽל־יִפְּל֖וּ יֹשְׁבֵ֥י תֵבֵֽל׃ ,WxYX,יְשׁוּעֹת֙ בַּל־נַ֣עֲשֶׂה אֶ֔רֶץ ,xYq0,,
220523,Isaiah,26,19,וָאָ֖רֶץ רְפָאִ֥ים תַּפִּֽיל׃ ס ,WXYq,כִּ֣י טַ֤ל אֹורֹת֙ טַלֶּ֔ךָ ,NmCl,,
220524,Isaiah,26,20,לֵ֤ךְ ,ZIm0,,,עַמִּי֙ ,Voct
220526,Isaiah,26,20,בֹּ֣א בַחֲדָרֶ֔יךָ ,ZIm0,עַמִּי֙ ,Voct,וּֽסְגֹ֥ר דְּלָתְךָ֖ בַּעֲדֶ֑ךָ ,WIm0
220538,Isaiah,26,20,עַד־יַעֲבָר־זָֽעַם׃ ,xYqX,חֲבִ֥י כִמְעַט־רֶ֖גַע ,ZIm0,,
220543,Isaiah,26,21,כִּֽי־הִנֵּ֤ה יְהוָה֙ יֹצֵ֣א מִמְּקֹומֹ֔ו ,Ptcp,,,לִפְקֹ֛ד עֲוֹ֥ן יֹֽשֵׁב־הָאָ֖רֶץ עָלָ֑יו ,InfC
220554,Isaiah,26,21,וְגִלְּתָ֤ה הָאָ֨רֶץ֙ אֶת־דָּמֶ֔יהָ ,WQtX,לִפְקֹ֛ד עֲוֹ֥ן יֹֽשֵׁב־הָאָ֖רֶץ עָלָ֑יו ,InfC,וְלֹֽא־תְכַסֶּ֥ה עֹ֖וד עַל־הֲרוּגֶֽיהָ׃ ס ,WxY0
220647,Isaiah,27,6,הַבָּאִים֙ ,NmCl,,,יַשְׁרֵ֣שׁ יַֽעֲקֹ֔ב ,ZYqX
220672,Isaiah,27,8,בְּשַׁלְחָ֣הּ ,InfC,בְּסַאסְּאָ֖ה ,InfC,תְּרִיבֶ֑נָּה ,xYq0
220692,Isaiah,27,9,הָסִ֣ר חַטָּאתֹ֑ו ,InfC,וְזֶ֕ה כָּל־פְּרִ֖י ,NmCl,בְּשׂוּמֹ֣ו׀ כָּל־אַבְנֵ֣י מִזְבֵּ֗חַ כְּאַבְנֵי־גִר֙ מְנֻפָּצֹ֔ות ,InfC
220713,Isaiah,27,10,נָוֶ֕ה מְשֻׁלָּ֥ח וְנֶעֱזָ֖ב כַּמִּדְבָּ֑ר ,NmCl,כִּ֣י עִ֤יר בְּצוּרָה֙ בָּדָ֔ד ,NmCl,שָׁ֣ם יִרְעֶ֥ה עֵ֛גֶל ,xYqX
220733,Isaiah,27,11,נָשִׁ֕ים בָּאֹ֖ות ,Ptcp,תִּשָּׁבַ֔רְנָה ,xYq0,מְאִירֹ֣ות אֹותָ֑הּ ,Ptcp
220786,Isaiah,27,13,וּבָ֗אוּ ,WQtX,יִתָּקַע֮ בְּשֹׁופָ֣ר גָּדֹול֒ ,ZYq0,הָאֹֽבְדִים֙ בְּאֶ֣רֶץ אַשּׁ֔וּר ,Ptcp
220911,Isaiah,28,6,מְשִׁיבֵ֥י מִלְחָמָ֖ה שָֽׁעְרָה׃ ס ,Ptcp,וְלִ֨גְבוּרָ֔ה ,NmCl,,
221041,Isaiah,28,13,לְמַ֨עַן יֵלְכ֜וּ ,xYq0,זְעֵ֣יר שָׁ֑ם ,NmCl,וְכָשְׁל֤וּ אָחֹור֙ ,WQt0
221079,Isaiah,28,15,כִּֽי־יַֽעֲבֹר֙ ,xYq0,שֹׁ֣וט שֹׁוטֵ֤ף ,CPen,לֹ֣א יְבֹואֵ֔נוּ ,xYq0
221081,Isaiah,28,15,לֹ֣א יְבֹואֵ֔נוּ ,xYq0,כִּֽי־יַֽעֲבֹר֙ ,xYq0,כִּ֣י שַׂ֧מְנוּ כָזָ֛ב מַחְסֵ֖נוּ ,xQt0
221143,Isaiah,28,18,כִּ֣י יַֽעֲבֹ֔ר ,xYq0,שֹׁ֤וט שֹׁוטֵף֙ ,CPen,וִהְיִ֥יתֶם לֹ֖ו לְמִרְמָֽס׃ ,WQt0
221151,Isaiah,28,19,מִדֵּ֤י עָבְרֹו֙ ,InfC,,,יִקַּ֣ח אֶתְכֶ֔ם ,xYq0
221152,Isaiah,28,19,יִקַּ֣ח אֶתְכֶ֔ם ,xYq0,מִדֵּ֤י עָבְרֹו֙ ,InfC,כִּֽי־בַבֹּ֧קֶר בַּבֹּ֛קֶר יַעֲבֹ֖ר בַּיֹּ֣ום וּבַלָּ֑יְלָה ,xYq0
221161,Isaiah,28,19,כִּֽי־בַבֹּ֧קֶר בַּבֹּ֛קֶר יַעֲבֹ֖ר בַּיֹּ֣ום וּבַלָּ֑יְלָה ,xYq0,יִקַּ֣ח אֶתְכֶ֔ם ,xYq0,וְהָיָ֥ה רַק־זְוָעָ֖ה ,WQtX
221325,Isaiah,28,29,גַּם־זֹ֕את מֵעִ֛ם יְהוָ֥ה צְבָאֹ֖ות יָצָ֑אָה ,XQtl,,,הִפְלִ֣יא עֵצָ֔ה ,ZQt0
221402,Isaiah,29,5,וּכְמֹ֤ץ עֹבֵר֙ הֲמֹ֣ון עָֽרִיצִ֔ים ,Ellp,וְהָיָ֛ה כְּאָבָ֥ק דַּ֖ק הֲמֹ֣ון זָרָ֑יִךְ ,WQtX,וְהָיָ֖ה לְפֶ֥תַע פִּתְאֹֽם׃ ,WQt0
221583,Isaiah,29,13,יַ֚עַן כִּ֤י נִגַּשׁ֙ הָעָ֣ם הַזֶּ֔ה בְּפִ֤יו ,xQtX,וַיֹּ֣אמֶר אֲדֹנָ֗י ,WayX,וּבִשְׂפָתָיו֙ כִּבְּד֔וּנִי ,WxQ0
221673,Isaiah,29,17,וְשָׁ֥ב לְבָנֹ֖ון לַכַּרְמֶ֑ל ,WQtX,הֲלֹוא־עֹוד֙ מְעַ֣ט מִזְעָ֔ר ,NmCl,וְהַכַּרְמֶ֖ל לַיַּ֥עַר יֵחָשֵֽׁב׃ ,WXYq
221820,Isaiah,30,2,הַהֹלְכִים֙ ,Ptcp,,,לָרֶ֣דֶת מִצְרַ֔יִם ,InfC
221822,Isaiah,30,2,לָרֶ֣דֶת מִצְרַ֔יִם ,InfC,הַהֹלְכִים֙ ,Ptcp,וּפִ֖י לֹ֣א שָׁאָ֑לוּ ,WxQ0
221928,Isaiah,30,8,עַתָּ֗ה בֹּ֣וא ,xIm0,,,כָתְבָ֥הּ עַל־ל֛וּחַ אִתָּ֖ם ,ZIm0
221978,Isaiah,30,11,ס֚וּרוּ מִנֵּי־דֶ֔רֶךְ ,ZIm0,,,הַטּ֖וּ מִנֵּי־אֹ֑רַח ,ZIm0
222020,Isaiah,30,13,לָכֵ֗ן יִֽהְיֶ֤ה לָכֶם֙ הֶעָוֹ֣ן הַזֶּ֔ה כְּפֶ֣רֶץ נֹפֵ֔ל ,xYqX,,,נִבְעֶ֖ה בְּחֹומָ֣ה נִשְׂגָּבָ֑ה ,Ptcp
222029,Isaiah,30,13,אֲשֶׁר־פִּתְאֹ֥ם לְפֶ֖תַע יָבֹ֥וא שִׁבְרָֽהּ׃ ,xYqX,נִבְעֶ֖ה בְּחֹומָ֣ה נִשְׂגָּבָ֑ה ,Ptcp,,
222085,Isaiah,30,16,כִ֛י עַל־ס֥וּס נָנ֖וּס ,xYq0,לֹא־,NmCl,עַל־כֵּ֣ן תְּנוּס֑וּן ,xYq0
222088,Isaiah,30,16,עַל־כֵּ֣ן תְּנוּס֑וּן ,xYq0,כִ֛י עַל־ס֥וּס נָנ֖וּס ,xYq0,וְ,Ellp
222107,Isaiah,30,17,מִפְּנֵ֛י גַּעֲרַ֥ת חֲמִשָּׁ֖ה תָּנֻ֑סוּ ,xYq0,אֶ֣לֶף אֶחָ֗ד מִפְּנֵי֙ גַּעֲרַ֣ת אֶחָ֔ד ,NmCl,עַ֣ד אִם־נֹותַרְתֶּ֗ם כַּתֹּ֨רֶן֙ עַל־רֹ֣אשׁ הָהָ֔ר וְכַנֵּ֖ס עַל־הַגִּבְעָֽה׃ ,xQt0
222193,Isaiah,30,21,לְכ֣וּ בֹ֔ו ,ZIm0,זֶ֤ה הַדֶּ֨רֶךְ֙ ,NmCl,כִּ֥י תַאֲמִ֖ינוּ ,xYq0
222285,Isaiah,30,25,בִּנְפֹ֖ל מִגְדָּלִֽים׃ ,InfC,וְהָיָ֣ה׀ עַל־כָּל־הַ֣ר גָּבֹ֗הַ וְעַל֙ כָּל־גִּבְעָ֣ה נִשָּׂאָ֔ה פְּלָגִ֖ים יִבְלֵי־מָ֑יִם בְּיֹום֙ הֶ֣רֶג רָ֔ב ,WQtX,,
222321,Isaiah,30,27,הִנֵּ֤ה שֵׁם־יְהוָה֙ בָּ֣א מִמֶּרְחָ֔ק ,XQtl,,,בֹּעֵ֣ר אַפֹּ֔ו ,Ptcp
222370,Isaiah,30,29,כַּֽהֹולֵךְ֙ בֶּֽחָלִ֔יל ,Ptcp,וְשִׂמְחַ֣ת לֵבָ֗ב ,Ellp,לָבֹ֥וא בְהַר־יְהוָ֖ה אֶל־צ֥וּר יִשְׂרָאֵֽל׃ ,InfC
222375,Isaiah,30,29,לָבֹ֥וא בְהַר־יְהוָ֖ה אֶל־צ֥וּר יִשְׂרָאֵֽל׃ ,InfC,כַּֽהֹולֵךְ֙ בֶּֽחָלִ֔יל ,Ptcp,,
222463,Isaiah,31,1,הַיֹּרְדִ֤ים מִצְרַ֨יִם֙ לְעֶזְרָ֔ה ,Ptcp,הֹ֣וי ,NmCl,עַל־סוּסִ֖ים יִשָּׁעֵ֑נוּ ,xYq0
222498,Isaiah,31,2,וַיָּ֣בֵא רָ֔ע ,Way0,וְגַם־ה֤וּא חָכָם֙ ,AjCl,וְאֶת־דְּבָרָ֖יו לֹ֣א הֵסִ֑יר ,WxQ0
222504,Isaiah,31,2,וְאֶת־דְּבָרָ֖יו לֹ֣א הֵסִ֑יר ,WxQ0,וַיָּ֣בֵא רָ֔ע ,Way0,וְקָם֙ עַל־בֵּ֣ית מְרֵעִ֔ים וְעַל־עֶזְרַ֖ת פֹּ֥עֲלֵי אָֽוֶן׃ ,WQt0
222535,Isaiah,31,3,וְנָפַ֣ל עָזֻ֔ר ,WQtX,וְכָשַׁ֤ל עֹוזֵר֙ ,WQtX,וְיַחְדָּ֖ו כֻּלָּ֥ם יִכְלָיֽוּן׃ ס ,WXYq
222571,Isaiah,31,4,כֵּ֗ן יֵרֵד֙ יְהוָ֣ה צְבָאֹ֔ות עַל־הַר־צִיֹּ֖ון וְעַל־גִּבְעָתָֽהּ׃ ,xYqX,וּמֵֽהֲמֹונָ֖ם לֹ֣א יַֽעֲנֶ֑ה ,WxY0,לִצְבֹּ֥א ,InfC
222597,Isaiah,31,6,שׁ֗וּבוּ ,ZIm0,,,לַאֲשֶׁ֛ר הֶעְמִ֥יקוּ סָרָ֖ה ,xQt0
222623,Isaiah,31,8,וְנָפַ֤ל אַשּׁוּר֙ בְּחֶ֣רֶב לֹא־אִ֔ישׁ ,WQtX,,,וְחֶ֥רֶב לֹֽא־אָדָ֖ם תֹּֽאכֲלֶ֑נּוּ ,WXYq
222635,Isaiah,31,8,וְנָ֥ס לֹו֙ מִפְּנֵי־חֶ֔רֶב ,WQt0,וְחֶ֥רֶב לֹֽא־אָדָ֖ם תֹּֽאכֲלֶ֑נּוּ ,WXYq,וּבַחוּרָ֖יו לָמַ֥ס יִהְיֽוּ׃ ,WXYq
222649,Isaiah,31,9,וְסַלְעֹו֙ מִמָּגֹ֣ור יַֽעֲבֹ֔ור ,WXYq,,,וְחַתּ֥וּ מִנֵּ֖ס שָׂרָ֑יו ,WQtX
222804,Isaiah,32,10,בְּלִ֥י יָבֹֽוא׃ ,xYq0,אֹ֖סֶף ,CPen,,
222830,Isaiah,32,13,קֹ֥וץ שָׁמִ֖יר תַּֽעֲלֶ֑ה ,XYqt,עַ֚ל אַדְמַ֣ת עַמִּ֔י ,Ellp,כִּ֚י עַל־כָּל־בָּתֵּ֣י מָשֹׂ֔ושׂ קִרְיָ֖ה עַלִּיזָֽה׃ ,Ellp
222919,Isaiah,32,19,בְּרֶ֣דֶת הַיָּ֑עַר ,InfC,וּבָרַ֖ד ,WQt0,וּבַשִּׁפְלָ֖ה תִּשְׁפַּ֥ל הָעִֽיר׃ ,WxYX
222934,Isaiah,32,20,מְשַׁלְּחֵ֥י רֶֽגֶל־הַשֹּׁ֖ור וְהַחֲמֹֽור׃ ס ,Voct,זֹרְעֵ֖י עַל־כָּל־מָ֑יִם ,Voct,,
222987,Isaiah,33,4,וְאֻסַּ֣ף שְׁלַלְכֶ֔ם אֹ֖סֶף הֶֽחָסִ֑יל ,WQtX,,,כְּמַשַּׁ֥ק גֵּבִ֖ים שֹׁוקֵ֥ק בֹּֽו׃ ,Ptcp
223031,Isaiah,33,8,שָׁבַ֖ת עֹבֵ֣ר אֹ֑רַח ,ZQtX,נָשַׁ֣מּוּ מְסִלֹּ֔ות ,ZQtX,הֵפֵ֤ר בְּרִית֙ ,ZQt0
223108,Isaiah,33,15,הֹלֵ֣ךְ צְדָקֹ֔ות ,Ptcp,,,וְדֹבֵ֖ר מֵֽישָׁרִ֑ים ,Ptcp
223214,Isaiah,33,21,בַּל־תֵּ֤לֶךְ בֹּו֙ אֳנִי־שַׁ֔יִט ,xYqX,מְקֹום־נְהָרִ֥ים יְאֹרִ֖ים רַחֲבֵ֣י יָדָ֑יִם ,NmCl,וְצִ֥י אַדִּ֖יר לֹ֥א יַעַבְרֶֽנּוּ׃ ,WXYq
223222,Isaiah,33,21,וְצִ֥י אַדִּ֖יר לֹ֥א יַעַבְרֶֽנּוּ׃ ,WXYq,בַּל־תֵּ֤לֶךְ בֹּו֙ אֳנִי־שַׁ֔יִט ,xYqX,,
223261,Isaiah,34,1,קִרְב֤וּ ,ZIm0,,,גֹויִם֙ ,Voct
223297,Isaiah,34,3,וְחַלְלֵיהֶ֣ם יֻשְׁלָ֔כוּ ,WXYq,,,וּפִגְרֵיהֶ֖ם ,CPen
223300,Isaiah,34,3,יַעֲלֶ֣ה בָאְשָׁ֑ם ,ZYqX,וּפִגְרֵיהֶ֖ם ,CPen,וְנָמַ֥סּוּ הָרִ֖ים מִדָּמָֽם׃ ,WQtX
223343,Isaiah,34,5,הִנֵּה֙ עַל־אֱדֹ֣ום תֵּרֵ֔ד ,xYq0,כִּֽי־רִוְּתָ֥ה בַשָּׁמַ֖יִם חַרְבִּ֑י ,xQtX,וְעַל־עַ֥ם חֶרְמִ֖י לְמִשְׁפָּֽט׃ ,Ellp
223380,Isaiah,34,7,וְיָרְד֤וּ רְאֵמִים֙ עִמָּ֔ם ,WQtX,,,וּפָרִ֖ים עִם־אַבִּירִ֑ים ,Ellp
223429,Isaiah,34,10,לְעֹולָ֖ם יַעֲלֶ֣ה עֲשָׁנָ֑הּ ,xYqX,לַ֤יְלָה וְיֹומָם֙ לֹ֣א תִכְבֶּ֔ה ,xYq0,מִדֹּ֤ור לָדֹור֙ תֶּחֱרָ֔ב ,xYq0
223440,Isaiah,34,10,לְנֵ֣צַח נְצָחִ֔ים אֵ֥ין עֹבֵ֖ר בָּֽהּ׃ ,Ptcp,מִדֹּ֤ור לָדֹור֙ תֶּחֱרָ֔ב ,xYq0,,
223473,Isaiah,34,13,וְעָלְתָ֤ה אַרְמְנֹתֶ֨יהָ֙ סִירִ֔ים ,WQtX,,,קִמֹּ֥ושׂ וָחֹ֖וחַ בְּמִבְצָרֶ֑יהָ ,NmCl
223520,Isaiah,34,15,אַךְ־שָׁ֛ם נִקְבְּצ֥וּ דַיֹּ֖ות אִשָּׁ֥ה רְעוּתָֽהּ׃ ,xQtX,וְדָגְרָ֣ה בְצִלָּ֑הּ ,WQt0,,
223547,Isaiah,34,16,ה֥וּא קִבְּצָֽן׃ ,XQtl,וְרוּחֹ֖ו ,CPen,,
223550,Isaiah,34,17,וְהֽוּא־הִפִּ֤יל לָהֶן֙ גֹּורָ֔ל ,WXQt,,,וְיָדֹ֛ו חִלְּקַ֥תָּה לָהֶ֖ם בַּקָּ֑ו ,WXQt
223622,Isaiah,35,4,הִנֵּ֤ה אֱלֹֽהֵיכֶם֙ נָקָ֣ם יָבֹ֔וא גְּמ֣וּל אֱלֹהִ֔ים ,XYqt,אַל־תִּירָ֑אוּ ,xYq0,ה֥וּא יָבֹ֖וא ,XYqt
223626,Isaiah,35,4,ה֥וּא יָבֹ֖וא ,XYqt,הִנֵּ֤ה אֱלֹֽהֵיכֶם֙ נָקָ֣ם יָבֹ֔וא גְּמ֣וּל אֱלֹהִ֔ים ,XYqt,וְיֹשַׁעֲכֶֽם׃ ,WYq0
223691,Isaiah,35,8,לֹֽא־יַעַבְרֶ֥נּוּ טָמֵ֖א ,xYqX,דֶ֤רֶךְ הַקֹּ֨דֶשׁ֙ ,NmCl,וְהוּא־לָ֑מֹו ,NmCl
223696,Isaiah,35,8,הֹלֵ֥ךְ דֶּ֛רֶךְ וֶאֱוִילִ֖ים לֹ֥א יִתְעֽוּ׃ ,XYqt,וְהוּא־לָ֑מֹו ,NmCl,,
223710,Isaiah,35,9,וּפְרִ֤יץ חַיֹּות֙ בַּֽל־יַעֲלֶ֔נָּה ,WXYq,לֹא־יִהְיֶ֨ה שָׁ֜ם אַרְיֵ֗ה ,xYqX,לֹ֥א תִמָּצֵ֖א שָׁ֑ם ,xYq0
223715,Isaiah,35,9,וְהָלְכ֖וּ גְּאוּלִֽים׃ ,WQtX,לֹ֥א תִמָּצֵ֖א שָׁ֑ם ,xYq0,,
223720,Isaiah,35,10,וּפְדוּיֵ֨י יְהוָ֜ה יְשֻׁב֗וּן ,WXYq,,,וּבָ֤אוּ צִיֹּון֙ בְּרִנָּ֔ה ,WQt0
223722,Isaiah,35,10,וּבָ֤אוּ צִיֹּון֙ בְּרִנָּ֔ה ,WQt0,וּפְדוּיֵ֨י יְהוָ֜ה יְשֻׁב֗וּן ,WXYq,וְשִׂמְחַ֥ת עֹולָ֖ם עַל־רֹאשָׁ֑ם ,NmCl
223736,Isaiah,35,10,וְנָ֖סוּ יָגֹ֥ון וַאֲנָחָֽה׃ פ ,WQtX,שָׂשֹׂ֤ון וְשִׂמְחָה֙ יַשִּׂ֔יגוּ ,xYq0,,
223750,Isaiah,36,1,עָלָ֞ה סַנְחֵרִ֤יב מֶֽלֶךְ־אַשּׁוּר֙ עַ֣ל כָּל־עָרֵ֧י יְהוּדָ֛ה הַבְּצֻרֹ֖ות ,ZQtX,וַיְהִ֡י בְּאַרְבַּע֩ עֶשְׂרֵ֨ה שָׁנָ֜ה לַמֶּ֣לֶךְ חִזְקִיָּ֗הוּ ,Way0,וַֽיִּתְפְּשֵֽׂם׃ ,Way0
223763,Isaiah,36,2,וַיִּשְׁלַ֣ח מֶֽלֶךְ־אַשּׁ֣וּר׀ אֶת־רַב־שָׁקֵ֨ה מִלָּכִ֧ישׁ יְרוּשָׁלְַ֛מָה אֶל־הַמֶּ֥לֶךְ חִזְקִיָּ֖הוּ בְּחֵ֣יל כָּבֵ֑ד ,WayX,,,וַֽיַּעֲמֹ֗ד בִּתְעָלַת֙ הַבְּרֵכָ֣ה הָעֶלְיֹונָ֔ה בִּמְסִלַּ֖ת שְׂדֵ֥ה כֹובֵֽס׃ ,Way0
223791,Isaiah,36,3,וַיֵּצֵ֥א אֵלָ֛יו אֶלְיָקִ֥ים בֶּן־חִלְקִיָּ֖הוּ וְשֶׁבְנָא֙ הַסֹּפֵ֔ר וְיֹואָ֥ח בֶּן־אָסָ֖ף הַמַּזְכִּֽיר׃ ,WayX,,,אֲשֶׁ֣ר עַל־הַבָּ֑יִת ,NmCl
223867,Isaiah,36,6,וּבָ֥א בְכַפֹּ֖ו ,WQt0,אֲשֶׁ֨ר יִסָּמֵ֥ךְ אִישׁ֙ עָלָ֔יו ,xYqX,וּנְקָבָ֑הּ ,WQt0
223893,Isaiah,36,7,אֲשֶׁ֨ר הֵסִ֤יר חִזְקִיָּ֨הוּ֙ אֶת־בָּמֹתָ֣יו וְאֶת־מִזְבְּחֹתָ֔יו ,xQtX,הֲלֹוא־ה֗וּא ,NmCl,וַיֹּ֤אמֶר לִֽיהוּדָה֙ וְלִיר֣וּשָׁלִַ֔ם ,Way0
223937,Isaiah,36,9,וְאֵ֣יךְ תָּשִׁ֗יב אֵ֠ת פְּנֵ֨י פַחַ֥ת אַחַ֛ד עַבְדֵ֥י אֲדֹנִ֖י הַקְטַנִּ֑ים ,WxY0,,,וַתִּבְטַ֤ח לְךָ֙ עַל־מִצְרַ֔יִם לְרֶ֖כֶב וּלְפָרָשִֽׁים׃ ,Way0
223962,Isaiah,36,10,הֲמִבַּלְעֲדֵ֣י יְהוָ֔ה עָלִ֛יתִי עַל־הָאָ֥רֶץ הַזֹּ֖את ,xQt0,וְעַתָּה֙ ,MSyn,לְהַשְׁחִיתָ֑הּ ,InfC
223973,Isaiah,36,10,עֲלֵ֛ה אֶל־הָאָ֥רֶץ הַזֹּ֖את ,ZIm0,יְהוָה֙ אָמַ֣ר אֵלַ֔י ,XQtl,וְהַשְׁחִיתָֽהּ׃ ,WIm0
224019,Isaiah,36,12,הַאֶ֨ל אֲדֹנֶ֤יךָ וְאֵלֶ֨יךָ֙ שְׁלָחַ֣נִי אֲדֹנִ֔י ,xQtX,וַיֹּ֣אמֶר רַב־שָׁקֵ֗ה ,WayX,לְדַבֵּ֖ר אֶת־הַדְּבָרִ֣ים הָאֵ֑לֶּה ,InfC
224119,Isaiah,36,16,וּצְא֣וּ אֵלַ֔י ,WIm0,עֲשֽׂוּ־אִתִּ֤י בְרָכָה֙ ,ZIm0,וְאִכְל֤וּ אִישׁ־גַּפְנֹו֙ ,WIm0
224134,Isaiah,36,17,עַד־בֹּאִ֕י ,InfC,,,וְלָקַחְתִּ֥י אֶתְכֶ֖ם אֶל־אֶ֣רֶץ כְּאַרְצְכֶ֑ם אֶ֤רֶץ דָּגָן֙ וְתִירֹ֔ושׁ אֶ֥רֶץ לֶ֖חֶם וּכְרָמִֽים׃ ,WQt0
224136,Isaiah,36,17,וְלָקַחְתִּ֥י אֶתְכֶ֖ם אֶל־אֶ֣רֶץ כְּאַרְצְכֶ֑ם אֶ֤רֶץ דָּגָן֙ וְתִירֹ֔ושׁ אֶ֥רֶץ לֶ֖חֶם וּכְרָמִֽים׃ ,WQt0,עַד־בֹּאִ֕י ,InfC,,
224223,Isaiah,36,22,וַיָּבֹ֣א אֶלְיָקִ֣ים בֶּן־חִלְקִיָּ֣הוּ וְשֶׁבְנָ֨א הַסֹּופֵ֜ר וְיֹואָ֨ח בֶּן־אָסָ֧ף הַמַּזְכִּ֛יר אֶל־חִזְקִיָּ֖הוּ קְרוּעֵ֣י בְגָדִ֑ים ,WayX,,,אֲשֶׁר־עַל־הַ֠בַּיִת ,NmCl
224268,Isaiah,37,1,וַיָּבֹ֖א בֵּ֥ית יְהוָֽה׃ ,Way0,וַיִּתְכַּ֣ס בַּשָּׂ֔ק ,Way0,,
224272,Isaiah,37,2,וַ֠יִּשְׁלַח אֶת־אֶלְיָקִ֨ים וְאֵ֣ת׀ שֶׁבְנָ֣א הַסֹּופֵ֗ר וְאֵת֙ זִקְנֵ֣י הַכֹּהֲנִ֔ים אֶל־יְשַֽׁעְיָ֥הוּ בֶן־אָמֹ֖וץ הַנָּבִֽיא׃ ,Way0,,,אֲשֶׁר־עַל־הַבַּ֜יִת ,NmCl
224316,Isaiah,37,3,כִּ֣י בָ֤אוּ בָנִים֙ עַד־מַשְׁבֵּ֔ר ,xQtX,יֹום־צָרָ֧ה וְתֹוכֵחָ֛ה וּנְאָצָ֖ה הַיֹּ֣ום הַזֶּ֑ה ,NmCl,וְכֹ֥חַ אַ֖יִן לְלֵדָֽה׃ ,NmCl
224333,Isaiah,37,4,אֲשֶׁר֩ שְׁלָחֹ֨ו מֶֽלֶךְ־אַשּׁ֤וּר׀ אֲדֹנָיו֙ ,xQtX,אוּלַ֡י יִשְׁמַע֩ יְהוָ֨ה אֱלֹהֶ֜יךָ אֵ֣ת׀ דִּבְרֵ֣י רַב־שָׁקֵ֗ה ,xYqX,לְחָרֵף֙ אֱלֹהִ֣ים חַ֔י ,InfC
224359,Isaiah,37,5,וַיָּבֹ֗אוּ עַבְדֵ֛י הַמֶּ֥לֶךְ חִזְקִיָּ֖הוּ אֶל־יְשַׁעְיָֽהוּ׃ ,WayX,,,,
224399,Isaiah,37,7,וְשָׁ֣ב אֶל־אַרְצֹ֑ו ,WQt0,וְשָׁמַ֥ע שְׁמוּעָ֖ה ,WQt0,וְהִפַּלְתִּ֥יו בַּחֶ֖רֶב בְּאַרְצֹֽו׃ ,WQt0
224403,Isaiah,37,7,וְהִפַּלְתִּ֥יו בַּחֶ֖רֶב בְּאַרְצֹֽו׃ ,WQt0,וְשָׁ֣ב אֶל־אַרְצֹ֑ו ,WQt0,,
224410,Isaiah,37,8,וַיָּ֨שָׁב֙ רַב־שָׁקֵ֔ה ,WayX,,,וַיִּמְצָא֙ אֶת־מֶ֣לֶךְ אַשּׁ֔וּר ,Way0
224434,Isaiah,37,9,יָצָ֖א ,ZQt0,לֵאמֹ֔ר ,InfC,לְהִלָּחֵ֣ם אִתָּ֑ךְ ,InfC
224441,Isaiah,37,9,וַיִּשְׁלַ֣ח מַלְאָכִ֔ים אֶל־חִזְקִיָּ֖הוּ ,Way0,וַיִּשְׁמַע֙ ,Way0,לֵאמֹֽר׃ ,InfC
224525,Isaiah,37,14,וַיִּקַּ֨ח חִזְקִיָּ֧הוּ אֶת־הַסְּפָרִ֛ים מִיַּ֥ד הַמַּלְאָכִ֖ים ,WayX,,,וַיִּקְרָאֵ֑הוּ ,Way0
224537,Isaiah,37,14,וַיַּ֨עַל֙ בֵּ֣ית יְהוָ֔ה ,Way0,וַיִּקְרָאֵ֑הוּ ,Way0,וַיִּפְרְשֵׂ֥הוּ חִזְקִיָּ֖הוּ לִפְנֵ֥י יְהוָֽה׃ ,WayX
224597,Isaiah,37,17,אֲשֶׁ֣ר שָׁלַ֔ח ,xQt0,וּשְׁמַ֗ע אֵ֚ת כָּל־דִּבְרֵ֣י סַנְחֵרִ֔יב ,WIm0,לְחָרֵ֖ף אֱלֹהִ֥ים חָֽי׃ ,InfC
224654,Isaiah,37,21,וַיִּשְׁלַח֙ יְשַֽׁעְיָ֣הוּ בֶן־אָמֹ֔וץ אֶל־חִזְקִיָּ֖הוּ ,WayX,,,לֵאמֹ֑ר ,InfC
224721,Isaiah,37,24,בְּרֹ֥ב רִכְבִּ֛י אֲנִ֥י עָלִ֛יתִי מְרֹ֥ום הָרִ֖ים יַרְכְּתֵ֣י לְבָנֹ֑ון ,XQtl,וַתֹּ֗אמֶר ,Way0,וְאֶכְרֹ֞ת קֹומַ֤ת אֲרָזָיו֙ מִבְחַ֣ר בְּרֹשָׁ֔יו ,WYq0
224733,Isaiah,37,24,וְאָבֹוא֙ מְרֹ֣ום קִצֹּ֔ו יַ֖עַר כַּרְמִלֹּֽו׃ ,WYq0,וְאֶכְרֹ֞ת קֹומַ֤ת אֲרָזָיו֙ מִבְחַ֣ר בְּרֹשָׁ֔יו ,WYq0,,
224765,Isaiah,37,26,עַתָּ֣ה הֲבֵאתִ֔יהָ ,xQt0,וִיצַרְתִּ֑יהָ ,WQt0,וּתְהִ֗י ,WYq0
224797,Isaiah,37,28,וְצֵאתְךָ֥ ,InfC,שִׁבְתְּךָ֛ ,InfC,וּבֹואֲךָ֖ ,InfC
224799,Isaiah,37,28,וּבֹואֲךָ֖ ,InfC,וְצֵאתְךָ֥ ,InfC,וְ,Ellp
224810,Isaiah,37,29,וְשַׁאֲנַנְךָ֖ עָלָ֣ה בְאָזְנָ֑י ,WXQt,יַ֚עַן הִתְרַגֶּזְךָ֣ אֵלַ֔י ,InfC,וְשַׂמְתִּ֨י חַחִ֜י בְּאַפֶּ֗ךָ ,WQt0
224823,Isaiah,37,29,וַהֲשִׁ֣יבֹתִ֔יךָ בַּדֶּ֖רֶךְ ,WQt0,וּמִתְגִּי֙ בִּשְׂפָתֶ֔יךָ ,Ellp,אֲשֶׁר־בָּ֥אתָ בָּֽהּ׃ ,xQt0
224828,Isaiah,37,29,אֲשֶׁר־בָּ֥אתָ בָּֽהּ׃ ,xQt0,וַהֲשִׁ֣יבֹתִ֔יךָ בַּדֶּ֖רֶךְ ,WQt0,,
224879,Isaiah,37,32,כִּ֤י מִירֽוּשָׁלִַ֨ם֙ תֵּצֵ֣א שְׁאֵרִ֔ית ,xYqX,,,וּפְלֵיטָ֖ה מֵהַ֣ר צִיֹּ֑ון ,Ellp
224899,Isaiah,37,33,לֹ֤א יָבֹוא֙ אֶל־הָעִ֣יר הַזֹּ֔את ,xYq0,כֹּֽה־אָמַ֤ר יְהוָה֙ אֶל־מֶ֣לֶךְ אַשּׁ֔וּר ,xQtX,וְלֹֽא־יֹורֶ֥ה שָׁ֖ם חֵ֑ץ ,WxY0
224923,Isaiah,37,34,אֲשֶׁר־בָּ֖א בָּ֣הּ ,xQt0,בַּדֶּ֥רֶךְ יָשׁ֑וּב ,xYq0,וְאֶל־הָעִ֥יר הַזֹּ֛את לֹ֥א יָבֹ֖וא ,WxY0
224925,Isaiah,37,34,בַּדֶּ֥רֶךְ יָשׁ֑וּב ,xYq0,,,אֲשֶׁר־בָּ֖א בָּ֣הּ ,xQt0
224933,Isaiah,37,34,וְאֶל־הָעִ֥יר הַזֹּ֛את לֹ֥א יָבֹ֖וא ,WxY0,אֲשֶׁר־בָּ֖א בָּ֣הּ ,xQt0,נְאֻם־יְהוָֽה׃ ,MSyn
224951,Isaiah,37,36,וַיֵּצֵ֣א׀ מַלְאַ֣ךְ יְהוָ֗ה ,WayX,,,וַיַּכֶּה֙ בְּמַחֲנֵ֣ה אַשּׁ֔וּר מֵאָ֛ה וּשְׁמֹנִ֥ים וַחֲמִשָּׁ֖ה אָ֑לֶף ,Way0
224978,Isaiah,37,37,וַיֵּ֔לֶךְ ,Way0,וַיִּסַּ֣ע ,Way0,וַיָּ֖שָׁב סַנְחֵרִ֣יב מֶֽלֶךְ־אַשּׁ֑וּר ,WayX
224980,Isaiah,37,37,וַיָּ֖שָׁב סַנְחֵרִ֣יב מֶֽלֶךְ־אַשּׁ֑וּר ,WayX,וַיֵּ֔לֶךְ ,Way0,וַיֵּ֖שֶׁב בְּנִֽינְוֵֽה׃ ,Way0
225024,Isaiah,38,1,וַיָּבֹ֣וא אֵ֠לָיו יְשַׁעְיָ֨הוּ בֶן־אָמֹ֜וץ הַנָּבִ֗יא ,WayX,לָמ֑וּת ,InfC,וַיֹּ֨אמֶר אֵלָ֜יו ,Way0
225065,Isaiah,38,3,אֵ֣ת אֲשֶׁ֧ר הִתְהַלַּ֣כְתִּי לְפָנֶ֗יךָ בֶּֽאֱמֶת֙ וּבְלֵ֣ב שָׁלֵ֔ם ,xQt0,זְכָר־נָ֞א ,ZIm0,וְהַטֹּ֥וב בְּעֵינֶ֖יךָ עָשִׂ֑יתִי ,WxQ0
225093,Isaiah,38,5,הָלֹ֞וךְ ,InfA,,,וְאָמַרְתָּ֣ אֶל־חִזְקִיָּ֗הוּ ,WQt0
225155,Isaiah,38,8,הִנְנִ֣י מֵשִׁ֣יב אֶת־צֵ֣ל הַֽמַּעֲלֹ֡ות אֲחֹרַנִּ֖ית עֶ֣שֶׂר מַעֲלֹ֑ות ,Ptcp,,,אֲשֶׁ֣ר יָרְדָה֩ בְמַעֲלֹ֨ות אָחָ֥ז בַּשֶּׁ֛מֶשׁ ,xQt0
225161,Isaiah,38,8,אֲשֶׁ֣ר יָרְדָה֩ בְמַעֲלֹ֨ות אָחָ֥ז בַּשֶּׁ֛מֶשׁ ,xQt0,הִנְנִ֣י מֵשִׁ֣יב אֶת־צֵ֣ל הַֽמַּעֲלֹ֡ות אֲחֹרַנִּ֖ית עֶ֣שֶׂר מַעֲלֹ֑ות ,Ptcp,וַתָּ֤שָׁב הַשֶּׁ֨מֶשׁ֙ עֶ֣שֶׂר מַעֲלֹ֔ות בַּֽמַּעֲלֹ֖ות ,WayX
225172,Isaiah,38,8,וַתָּ֤שָׁב הַשֶּׁ֨מֶשׁ֙ עֶ֣שֶׂר מַעֲלֹ֔ות בַּֽמַּעֲלֹ֖ות ,WayX,אֲשֶׁ֣ר יָרְדָה֩ בְמַעֲלֹ֨ות אָחָ֥ז בַּשֶּׁ֛מֶשׁ ,xQt0,אֲשֶׁ֥ר יָרָֽדָה׃ ס ,xQt0
225181,Isaiah,38,8,אֲשֶׁ֥ר יָרָֽדָה׃ ס ,xQt0,וַתָּ֤שָׁב הַשֶּׁ֨מֶשׁ֙ עֶ֣שֶׂר מַעֲלֹ֔ות בַּֽמַּעֲלֹ֖ות ,WayX,,
225198,Isaiah,38,10,בִּדְמִ֥י יָמַ֛י אֵלֵ֖כָה בְּשַׁעֲרֵ֣י שְׁאֹ֑ול ,xYq0,אֲנִ֣י אָמַ֗רְתִּי ,XQtl,פֻּקַּ֖דְתִּי יֶ֥תֶר שְׁנֹותָֽי׃ ,ZQt0
225224,Isaiah,38,12,וְנִגְלָ֛ה מִנִּ֖י כְּאֹ֣הֶל רֹעִ֑י ,WQt0,דֹּורִ֗י נִסַּ֧ע ,XQtl,קִפַּ֨דְתִּי כָאֹרֵ֤ג חַיַּי֙ ,ZQt0
225316,Isaiah,38,17,כִּ֥י הִשְׁלַ֛כְתָּ אַחֲרֵ֥י גֵוְךָ֖ כָּל־חֲטָאָֽי׃ ,xQt0,וְאַתָּ֞ה חָשַׁ֤קְתָּ נַפְשִׁי֙ מִשַּׁ֣חַת בְּלִ֔י ,WXQt,,
225329,Isaiah,38,18,לֹֽא־יְשַׂבְּר֥וּ יֹֽורְדֵי־בֹ֖ור אֶל־אֲמִתֶּֽךָ׃ ,xYqX,מָ֣וֶת יְהַלְלֶ֑ךָּ ,XYqt,,
225377,Isaiah,38,22,כִּ֥י אֶעֱלֶ֖ה בֵּ֥ית יְהוָֽה׃ ס ,xYq0,מָ֣ה אֹ֑ות ,NmCl,,
225385,Isaiah,39,1,בָּעֵ֣ת הַהִ֡וא שָׁלַ֡ח מְרֹדַ֣ךְ ֠בַּלְאֲדָן בֶּֽן־בַּלְאֲדָ֧ן מֶֽלֶךְ־בָּבֶ֛ל סְפָרִ֥ים וּמִנְחָ֖ה אֶל־חִזְקִיָּ֑הוּ ,xQtX,,,וַיִּשְׁמַ֕ע ,Way0
225454,Isaiah,39,3,וַיָּבֹא֙ יְשַׁעְיָ֣הוּ הַנָּבִ֔יא אֶל־הַמֶּ֖לֶךְ חִזְקִיָּ֑הוּ ,WayX,,,וַיֹּ֨אמֶר אֵלָ֜יו ,Way0
225474,Isaiah,39,3,וּמֵאַ֨יִן֙ יָבֹ֣אוּ אֵלֶ֔יךָ ,WxY0,מָ֥ה אָמְר֣וּ׀ הָאֲנָשִׁ֣ים הָאֵ֗לֶּה ,xQtX,וַיֹּ֨אמֶר֙ חִזְקִיָּ֔הוּ ,WayX
225482,Isaiah,39,3,מֵאֶ֧רֶץ רְחֹוקָ֛ה בָּ֥אוּ אֵלַ֖י מִבָּבֶֽל׃ ,xQt0,וַיֹּ֨אמֶר֙ חִזְקִיָּ֔הוּ ,WayX,,
225520,Isaiah,39,6,הִנֵּה֮ יָמִ֣ים בָּאִים֒ ,Ptcp,,,וְנִשָּׂ֣א׀ כָּל־בָּבֶ֑ל ,WQtX
225546,Isaiah,39,7,אֲשֶׁ֨ר יֵצְא֧וּ מִמְּךָ֛ ,xYq0,וּמִבָּנֶ֜יךָ יִקָּ֑חוּ ,WxY0,אֲשֶׁ֥ר תֹּולִ֖יד ,xYq0
225550,Isaiah,39,7,וּמִבָּנֶ֜יךָ יִקָּ֑חוּ ,WxY0,,,אֲשֶׁ֨ר יֵצְא֧וּ מִמְּךָ֛ ,xYq0
225596,Isaiah,40,2,כִּ֤י לָקְחָה֙ מִיַּ֣ד יְהוָ֔ה כִּפְלַ֖יִם בְּכָל־חַטֹּאתֶֽיהָ׃ ס ,xQt0,כִּ֥י נִרְצָ֖ה עֲוֹנָ֑הּ ,xQtX,,
225640,Isaiah,40,5,וְנִגְלָ֖ה כְּבֹ֣וד יְהוָ֑ה ,WQtX,,,וְרָא֤וּ כָל־בָּשָׂר֙ יַחְדָּ֔ו ,WQtX
225696,Isaiah,40,9,עַ֣ל הַר־גָּבֹ֤הַ עֲלִי־לָךְ֙ ,xIm0,,,מְבַשֶּׂ֣רֶת צִיֹּ֔ון ,Voct
225721,Isaiah,40,10,הִנֵּ֨ה אֲדֹנָ֤י יְהוִה֙ בְּחָזָ֣ק יָבֹ֔וא ,XYqt,,,וּזְרֹעֹ֖ו מֹ֣שְׁלָה לֹ֑ו ,Ptcp
225739,Isaiah,40,11,בִּזְרֹעֹו֙ יְקַבֵּ֣ץ טְלָאִ֔ים ,xYq0,כְּרֹעֶה֙ עֶדְרֹ֣ו יִרְעֶ֔ה ,xYq0,וּבְחֵיקֹ֖ו יִשָּׂ֑א ,WxY0
225975,Isaiah,40,26,הַמֹּוצִ֥יא בְמִסְפָּ֖ר צְבָאָ֑ם ,Ptcp,מִי־בָרָ֣א אֵ֔לֶּה ,XQtl,לְכֻלָּם֙ בְּשֵׁ֣ם יִקְרָ֔א ,xYq0
226007,Isaiah,40,27,וּמֵאֱלֹהַ֖י מִשְׁפָּטִ֥י יַעֲבֹֽור׃ ,WXYq,נִסְתְּרָ֤ה דַרְכִּי֙ מֵֽיְהוָ֔ה ,ZQtX,,
226055,Isaiah,40,31,יַעֲל֥וּ אֵ֖בֶר כַּנְּשָׁרִ֑ים ,ZYq0,וְקֹויֵ֤ יְהוָה֙ יַחֲלִ֣יפוּ כֹ֔חַ ,WXYq,יָר֨וּצוּ֙ ,ZYq0
226064,Isaiah,40,31,יֵלְכ֖וּ ,ZYq0,וְלֹ֣א יִיגָ֔עוּ ,WxY0,וְלֹ֥א יִיעָֽפוּ׃ פ ,WxY0
226075,Isaiah,41,1,יִגְּשׁוּ֙ ,ZYq0,וּלְאֻמִּ֖ים יַחֲלִ֣יפוּ כֹ֑חַ ,WXYq,אָ֣ז יְדַבֵּ֔רוּ ,xYq0
226082,Isaiah,41,1,יַחְדָּ֖ו לַמִּשְׁפָּ֥ט נִקְרָֽבָה׃ ,xYq0,אָ֣ז יְדַבֵּ֔רוּ ,xYq0,,
226108,Isaiah,41,3,יַעֲבֹ֣ור שָׁלֹ֑ום אֹ֥רַח ,ZYq0,יִרְדְּפֵ֖ם ,ZYq0,בְּרַגְלָ֖יו לֹ֥א יָבֹֽוא׃ ,xYq0
226114,Isaiah,41,3,בְּרַגְלָ֖יו לֹ֥א יָבֹֽוא׃ ,xYq0,יַעֲבֹ֣ור שָׁלֹ֑ום אֹ֥רַח ,ZYq0,,
226140,Isaiah,41,5,קָרְב֖וּ ,ZQt0,קְצֹ֥ות הָאָ֖רֶץ יֶחֱרָ֑דוּ ,XYqt,וַיֶּאֱתָיֽוּן׃ ,Way0
226391,Isaiah,41,21,קָרְב֥וּ רִֽיבְכֶ֖ם ,ZIm0,,,יֹאמַ֣ר יְהוָ֑ה ,ZYqX
226395,Isaiah,41,21,הַגִּ֨ישׁוּ֙ עֲצֻמֹ֣ותֵיכֶ֔ם ,ZIm0,יֹאמַ֣ר יְהוָ֑ה ,ZYqX,יֹאמַ֖ר מֶ֥לֶךְ יַעֲקֹֽב׃ ,ZYqX
226400,Isaiah,41,22,יַגִּ֨ישׁוּ֙ ,ZYq0,,,וְיַגִּ֣ידוּ לָ֔נוּ ,WYq0
226420,Isaiah,41,22,אֹ֥ו הַבָּאֹ֖ות הַשְׁמִיעֻֽנוּ׃ ,xIm0,וְנֵדְעָ֣ה אַחֲרִיתָ֔ן ,WYq0,,
226464,Isaiah,41,25,וְיָבֹ֤א סְגָנִים֙ כְּמֹו־חֹ֔מֶר ,WYq0,מִמִּזְרַח־שֶׁ֖מֶשׁ יִקְרָ֣א בִשְׁמִ֑י ,xYq0,וּכְמֹ֥ו יֹוצֵ֖ר ,NmCl
226520,Isaiah,41,28,וְיָשִׁ֥יבוּ דָבָֽר׃ ,WYq0,וְאֶשְׁאָלֵ֖ם ,WYq0,,
226545,Isaiah,42,1,מִשְׁפָּ֖ט לַגֹּויִ֥ם יֹוצִֽיא׃ ,xYq0,נָתַ֤תִּי רוּחִי֙ עָלָ֔יו ,ZQt0,,
226569,Isaiah,42,3,לֶאֱמֶ֖ת יֹוצִ֥יא מִשְׁפָּֽט׃ ,xYq0,לֹ֣א יְכַבֶּ֑נָּה ,xYq0,,
226612,Isaiah,42,5,לַהֹלְכִ֥ים בָּֽהּ׃ ,Ptcp,וְר֖וּחַ ,Ellp,,
226638,Isaiah,42,7,לְהֹוצִ֤יא מִמַּסְגֵּר֙ אַסִּ֔יר ,InfC,לִפְקֹ֖חַ עֵינַ֣יִם עִוְרֹ֑ות ,InfC,מִבֵּ֥ית כֶּ֖לֶא יֹ֥שְׁבֵי חֹֽשֶׁךְ׃ ,Ellp
226665,Isaiah,42,9,הִנֵּה־בָ֑אוּ ,xQt0,הָרִֽאשֹׁנֹ֖ות ,CPen,וַֽחֲדָשֹׁות֙ אֲנִ֣י מַגִּ֔יד ,Ptcp
226685,Isaiah,42,10,יֹורְדֵ֤י הַיָּם֙ וּמְלֹאֹ֔ו ,Voct,תְּהִלָּתֹ֖ו מִקְצֵ֣ה הָאָ֑רֶץ ,Ellp,אִיִּ֖ים וְיֹשְׁבֵיהֶֽם׃ ,Voct
226721,Isaiah,42,13,יְהוָה֙ כַּגִּבֹּ֣ור יֵצֵ֔א ,XYqt,,,כְּאִ֥ישׁ מִלְחָמֹ֖ות יָעִ֣יר קִנְאָ֑ה ,xYq0
226764,Isaiah,42,16,וְהֹולַכְתִּ֣י עִוְרִ֗ים בְּדֶ֨רֶךְ֙ ,WQt0,,,לֹ֣א יָדָ֔עוּ ,xQt0
226826,Isaiah,42,19,אֶשְׁלָ֑ח ,ZYq0,וְחֵרֵ֖שׁ כְּמַלְאָכִ֣י ,AjCl,מִ֤י עִוֵּר֙ כִּמְשֻׁלָּ֔ם ,AjCl
226880,Isaiah,42,22,הָשַֽׁב׃ ,ZIm0,וְאֵין־אֹמֵ֥ר ,Ptcp,,
226910,Isaiah,42,24,בִדְרָכָיו֙ הָלֹ֔וךְ ,InfA,וְלֹֽא־אָב֤וּ ,WxQ0,וְלֹ֥א שָׁמְע֖וּ בְּתֹורָתֹֽו׃ ,WxQ0
226959,Isaiah,43,2,כִּֽי־תַעֲבֹ֤ר בַּמַּ֨יִם֙ ,xYq0,,,אִתְּךָ־אָ֔נִי ,NmCl
226972,Isaiah,43,2,כִּֽי־תֵלֵ֤ךְ בְּמֹו־אֵשׁ֙ ,xYq0,לֹ֣א יִשְׁטְפ֑וּךָ ,xYq0,לֹ֣א תִכָּוֶ֔ה ,xYq0
227020,Isaiah,43,5,מִמִּזְרָח֙ אָבִ֣יא זַרְעֶ֔ךָ ,xYq0,כִּ֣י אִתְּךָ־אָ֑נִי ,NmCl,וּמִֽמַּעֲרָ֖ב אֲקַבְּצֶֽךָּ׃ ,WxY0
227025,Isaiah,43,5,וּמִֽמַּעֲרָ֖ב אֲקַבְּצֶֽךָּ׃ ,WxY0,מִמִּזְרָח֙ אָבִ֣יא זַרְעֶ֔ךָ ,xYq0,,
227036,Isaiah,43,6,הָבִ֤יאִי בָנַי֙ מֵרָחֹ֔וק ,ZIm0,אַל־תִּכְלָ֑אִי ,xYq0,וּבְנֹותַ֖י מִקְצֵ֥ה הָאָֽרֶץ׃ ,Ellp
227058,Isaiah,43,8,הֹוצִ֥יא עַם־עִוֵּ֖ר ,InfC,,,וְעֵינַ֣יִם יֵ֑שׁ ,NmCl
227072,Isaiah,43,9,כָּֽל־הַגֹּויִ֞ם נִקְבְּצ֣וּ יַחְדָּ֗ו ,XQtl,,,וְיֵאָֽסְפוּ֙ לְאֻמִּ֔ים ,WYqX
227075,Isaiah,43,9,וְיֵאָֽסְפוּ֙ לְאֻמִּ֔ים ,WYqX,כָּֽל־הַגֹּויִ֞ם נִקְבְּצ֣וּ יַחְדָּ֗ו ,XQtl,מִ֤י בָהֶם֙ יַגִּ֣יד זֹ֔את ,XYqt
227159,Isaiah,43,13,וּמִ֥י יְשִׁיבֶֽנָּה׃ ס ,WXYq,אֶפְעַ֖ל ,ZYq0,,
227167,Isaiah,43,14,לְמַעַנְכֶ֞ם שִׁלַּ֣חְתִּי בָבֶ֗לָה ,xQt0,כֹּֽה־אָמַ֧ר יְהוָ֛ה גֹּאַלְכֶ֖ם קְדֹ֣ושׁ יִשְׂרָאֵ֑ל ,xQtX,וְהֹורַדְתִּ֤י בָֽרִיחִים֙ כֻּלָּ֔ם ,WQt0
227170,Isaiah,43,14,וְהֹורַדְתִּ֤י בָֽרִיחִים֙ כֻּלָּ֔ם ,WQt0,לְמַעַנְכֶ֞ם שִׁלַּ֣חְתִּי בָבֶ֗לָה ,xQt0,וְכַשְׂדִּ֖ים בָּאֳנִיֹּ֥ות רִנָּתָֽם׃ ,Ellp
227199,Isaiah,43,17,הַמֹּוצִ֥יא רֶֽכֶב־וָס֖וּס חַ֣יִל וְעִזּ֑וּז ,Ptcp,,,יַחְדָּ֤ו יִשְׁכְּבוּ֙ ,xYq0
227276,Isaiah,43,23,לֹֽא־הֵבֵ֤יאתָ לִּי֙ שֵׂ֣ה עֹלֹתֶ֔יךָ ,xQt0,,,וּזְבָחֶ֖יךָ לֹ֣א כִבַּדְתָּ֑נִי ,WxQ0
227462,Isaiah,44,7,וַאֲשֶׁ֥ר תָּבֹ֖אנָה ,WxY0,וְאֹתִיֹּ֛ות יַגִּ֥ידוּ לָֽמֹו׃ ,WxY0,,
227526,Isaiah,44,11,יִֽתְקַבְּצ֤וּ כֻלָּם֙ ,ZYqX,הֵ֖מָּה מֵֽאָדָ֑ם ,NmCl,יַֽעֲמֹ֔דוּ ,ZYq0
227593,Isaiah,44,14,וַיִּקַּ֤ח תִּרְזָה֙ וְאַלֹּ֔ון ,Way0,לִכְרָת־לֹ֣ו אֲרָזִ֔ים ,InfC,וַיְאַמֶּץ־לֹ֖ו בַּעֲצֵי־יָ֑עַר ,Way0
227615,Isaiah,44,15,וַיִּקַּ֤ח מֵהֶם֙ ,Way0,לְבָעֵ֔ר ,InfC,וַיָּ֔חָם ,Way0
227689,Isaiah,44,19,וְלֹא־יָשִׁ֣יב אֶל־לִבֹּ֗ו ,WxY0,,,וְלֹ֨א דַ֥עַת ,NmCl
227766,Isaiah,44,22,שׁוּבָ֥ה אֵלַ֖י ,ZIm0,וְכֶעָנָ֖ן חַטֹּאותֶ֑יךָ ,Ellp,כִּ֥י גְאַלְתִּֽיךָ׃ ,xQt0
227821,Isaiah,44,25,מֵשִׁ֧יב חֲכָמִ֛ים אָחֹ֖ור ,Ptcp,וְקֹסְמִ֖ים יְהֹולֵ֑ל ,WxY0,וְדַעְתָּ֥ם יְשַׂכֵּֽל׃ ,WxY0
227906,Isaiah,45,2,אֲנִי֙ לְפָנֶ֣יךָ אֵלֵ֔ךְ ,XYqt,,,וַהֲדוּרִ֖ים אֲיַשֵּׁ֑ר ,WxY0
228090,Isaiah,45,13,וְגָלוּתִ֣י יְשַׁלֵּ֔חַ ,WxY0,הֽוּא־יִבְנֶ֤ה עִירִי֙ ,XYqt,לֹ֤א בִמְחִיר֙ ,Ellp
228114,Isaiah,45,14,יְגִ֨יעַ מִצְרַ֥יִם וּֽסְחַר־כּוּשׁ֮ וּסְבָאִים֮ אַנְשֵׁ֣י מִדָּה֒ עָלַ֤יִךְ יַעֲבֹ֨רוּ֙ ,XYqt,כֹּ֣ה׀ אָמַ֣ר יְהוָ֗ה ,xQtX,וְלָ֣ךְ יִֽהְי֔וּ ,WxY0
228119,Isaiah,45,14,אַחֲרַ֣יִךְ יֵלֵ֔כוּ ,xYq0,וְלָ֣ךְ יִֽהְי֔וּ ,WxY0,בַּזִּקִּ֖ים יַעֲבֹ֑רוּ ,xYq0
228123,Isaiah,45,14,בַּזִּקִּ֖ים יַעֲבֹ֑רוּ ,xYq0,אַחֲרַ֣יִךְ יֵלֵ֔כוּ ,xYq0,וְאֵלַ֤יִךְ יִֽשְׁתַּחֲוּוּ֙ ,WxY0
228150,Isaiah,45,16,יַחְדָּו֙ הָלְכ֣וּ בַכְּלִמָּ֔ה חָרָשֵׁ֖י צִירִֽים׃ ,xQtX,וְגַֽם־נִכְלְמ֖וּ כֻּלָּ֑ם ,WxQX,,
228220,Isaiah,45,20,הִקָּבְצ֥וּ ,ZIm0,,,וָבֹ֛אוּ ,WIm0
228222,Isaiah,45,20,וָבֹ֛אוּ ,WIm0,הִקָּבְצ֥וּ ,ZIm0,הִֽתְנַגְּשׁ֥וּ יַחְדָּ֖ו ,ZIm0
228223,Isaiah,45,20,הִֽתְנַגְּשׁ֥וּ יַחְדָּ֖ו ,ZIm0,וָבֹ֛אוּ ,WIm0,פְּלִיטֵ֣י הַגֹּויִ֑ם ,Voct
228243,Isaiah,45,21,וְהַגִּ֔ישׁוּ ,WIm0,הַגִּ֣ידוּ ,ZIm0,אַ֥ף יִֽוָּעֲצ֖וּ יַחְדָּ֑ו ,xYq0
228286,Isaiah,45,23,יָצָ֨א מִפִּ֧י צְדָקָ֛ה דָּבָ֖ר ,ZQtX,בִּ֣י נִשְׁבַּ֔עְתִּי ,xQt0,וְלֹ֣א יָשׁ֑וּב ,WxY0
228293,Isaiah,45,23,וְלֹ֣א יָשׁ֑וּב ,WxY0,יָצָ֨א מִפִּ֧י צְדָקָ֛ה דָּבָ֖ר ,ZQtX,כִּי־לִי֙ תִּכְרַ֣ע כָּל־בֶּ֔רֶךְ ,xYqX
228311,Isaiah,45,24,עָדָיו֙ יָבֹ֣וא ,xYq0,לִ֥י אָמַ֖ר ,xQt0,וְיֵבֹ֔שׁוּ כֹּ֖ל ,WYqX
228356,Isaiah,46,2,וְנַפְשָׁ֖ם בַּשְּׁבִ֥י הָלָֽכָה׃ ס ,WXQt,מַלֵּ֣ט מַשָּׂ֑א ,InfC,,
228449,Isaiah,46,8,הָשִׁ֥יבוּ עַל־לֵֽב׃ ,ZIm0,וְהִתְאֹשָׁ֑שׁוּ ,WIm0,פֹושְׁעִ֖ים ,Voct
228496,Isaiah,46,11,אַף־אֲבִיאֶ֔נָּה ,xYq0,אַף־דִּבַּ֨רְתִּי֙ ,xQt0,יָצַ֖רְתִּי ,ZQt0
228508,Isaiah,46,13,קֵרַ֤בְתִּי צִדְקָתִי֙ ,ZQt0,,,לֹ֣א תִרְחָ֔ק ,xYq0
228524,Isaiah,47,1,רְדִ֣י׀ ,ZIm0,,,וּשְׁבִ֣י עַל־עָפָ֗ר ,WIm0
228548,Isaiah,47,2,קְחִ֥י רֵחַ֖יִם ,ZIm0,,,וְטַ֣חֲנִי קָ֑מַח ,WIm0
228553,Isaiah,47,2,גַּלִּ֨י צַמָּתֵ֧ךְ ,ZIm0,וְטַ֣חֲנִי קָ֑מַח ,WIm0,חֶשְׂפִּי־שֹׁ֛בֶל ,ZIm0
228557,Isaiah,47,2,גַּלִּי־שֹׁ֖וק ,ZIm0,חֶשְׂפִּי־שֹׁ֛בֶל ,ZIm0,עִבְרִ֥י נְהָרֹֽות׃ ,ZIm0
228559,Isaiah,47,2,עִבְרִ֥י נְהָרֹֽות׃ ,ZIm0,גַּלִּי־שֹׁ֖וק ,ZIm0,,
228561,Isaiah,47,3,תִּגָּל֙ עֶרְוָתֵ֔ךְ ,ZYqX,,,גַּ֥ם תֵּרָאֶ֖ה חֶרְפָּתֵ֑ךְ ,xYqX
228567,Isaiah,47,3,נָקָ֣ם אֶקָּ֔ח ,xYq0,גַּ֥ם תֵּרָאֶ֖ה חֶרְפָּתֵ֑ךְ ,xYqX,וְלֹ֥א אֶפְגַּ֖ע אָדָֽם׃ ס ,WxY0
228581,Isaiah,47,5,וּבֹ֥אִי בַחֹ֖שֶׁךְ ,WIm0,שְׁבִ֥י דוּמָ֛ם ,ZIm0,בַּת־כַּשְׂדִּ֑ים ,Voct
228652,Isaiah,47,9,וְתָבֹאנָה֩ לָּ֨ךְ שְׁתֵּי־אֵ֥לֶּה רֶ֛גַע בְּיֹ֥ום אֶחָ֖ד שְׁכֹ֣ול וְאַלְמֹ֑ן ,WYqX,,,כְּתֻמָּם֙ בָּ֣אוּ עָלַ֔יִךְ בְּרֹ֣ב כְּשָׁפַ֔יִךְ בְּעָצְמַ֥ת חֲבָרַ֖יִךְ מְאֹֽד׃ ,xQt0
228665,Isaiah,47,9,כְּתֻמָּם֙ בָּ֣אוּ עָלַ֔יִךְ בְּרֹ֣ב כְּשָׁפַ֔יִךְ בְּעָצְמַ֥ת חֲבָרַ֖יִךְ מְאֹֽד׃ ,xQt0,וְתָבֹאנָה֩ לָּ֨ךְ שְׁתֵּי־אֵ֥לֶּה רֶ֛גַע בְּיֹ֥ום אֶחָ֖ד שְׁכֹ֣ול וְאַלְמֹ֑ן ,WYqX,,
228685,Isaiah,47,10,הִ֣יא שֹׁובְבָ֑תֶךְ ,XQtl,חָכְמָתֵ֥ךְ וְדַעְתֵּ֖ךְ ,CPen,וַתֹּאמְרִ֣י בְלִבֵּ֔ךְ ,Way0
228695,Isaiah,47,11,וּבָ֧א עָלַ֣יִךְ רָעָ֗ה ,WQtX,,,לֹ֤א תֵדְעִי֙ ,xYq0
228702,Isaiah,47,11,וְתִפֹּ֤ל עָלַ֨יִךְ֙ הֹוָ֔ה ,WYqX,שַׁחְרָ֔הּ ,InfC,לֹ֥א תוּכְלִ֖י ,xYq0
228709,Isaiah,47,11,וְתָבֹ֨א עָלַ֧יִךְ פִּתְאֹ֛ם שֹׁואָ֖ה ,WYqX,כַּפְּרָ֑הּ ,InfC,לֹ֥א תֵדָֽעִי׃ ,xYq0
228754,Isaiah,47,13,מֵאֲשֶׁ֥ר יָבֹ֖אוּ עָלָֽיִךְ׃ ,xYq0,מֹֽודִיעִם֙ לֶחֳדָשִׁ֔ים ,Ptcp,,
228804,Isaiah,48,1,וּמִמֵּ֥י יְהוּדָ֖ה יָצָ֑אוּ ,WxQ0,הַנִּקְרָאִים֙ בְּשֵׁ֣ם יִשְׂרָאֵ֔ל ,Ptcp,הַֽנִּשְׁבָּעִ֣ים׀ בְּשֵׁ֣ם יְהוָ֗ה ,Ptcp
228844,Isaiah,48,3,וּמִפִּ֥י יָצְא֖וּ ,WxQ0,הָרִֽאשֹׁנֹות֙ מֵאָ֣ז הִגַּ֔דְתִּי ,xQt0,וְאַשְׁמִיעֵ֑ם ,WYq0
228850,Isaiah,48,3,וַתָּבֹֽאנָה׃ ,Way0,פִּתְאֹ֥ם עָשִׂ֖יתִי ,xQt0,,
228870,Isaiah,48,5,בְּטֶ֥רֶם תָּבֹ֖וא ,xYq0,וָאַגִּ֤יד לְךָ֙ מֵאָ֔ז ,Way0,הִשְׁמַעְתִּ֑יךָ ,xQt0
228996,Isaiah,48,14,הִקָּבְצ֤וּ ,ZIm0,,,כֻלְּכֶם֙ ,Voct
229019,Isaiah,48,15,הֲבִיאֹתִ֖יו ,ZQt0,אַף־קְרָאתִ֑יו ,xQt0,וְהִצְלִ֥יחַ דַּרְכֹּֽו׃ ,WQt0
229023,Isaiah,48,16,קִרְב֧וּ אֵלַ֣י ,ZIm0,,,שִׁמְעוּ־זֹ֗את ,ZIm0
229043,Isaiah,48,16,וְעַתָּ֗ה אֲדֹנָ֧י יְהוִ֛ה שְׁלָחַ֖נִי וְרוּחֹֽו׃ פ ,WXQt,הֱיֹותָ֖הּ ,InfC,,
229061,Isaiah,48,17,תֵּלֵֽךְ׃ ,ZYq0,מַדְרִֽיכֲךָ֖ בְּדֶ֥רֶךְ ,Ptcp,,
229098,Isaiah,48,20,צְא֣וּ מִבָּבֶל֮ ,ZIm0,,,בִּרְח֣וּ מִכַּשְׂדִּים֒ ,ZIm0
229110,Isaiah,48,20,הֹוצִיא֖וּהָ עַד־קְצֵ֣ה הָאָ֑רֶץ ,ZIm0,הַשְׁמִ֨יעוּ֙ זֹ֔את ,ZIm0,אִמְר֕וּ ,ZIm0
229125,Isaiah,48,21,הֹֽולִיכָ֔ם ,ZQt0,וְלֹ֣א צָמְא֗וּ בָּחֳרָבֹות֙ ,WxQ0,מַ֥יִם מִצּ֖וּר הִזִּ֣יל לָ֑מֹו ,xQt0
229219,Isaiah,49,5,לְשֹׁובֵ֤ב יַֽעֲקֹב֙ אֵלָ֔יו ,InfC,יֹצְרִ֤י מִבֶּ֨טֶן֙ לְעֶ֣בֶד לֹ֔ו ,Ptcp,וְיִשְׂרָאֵ֖ל לֹ֣ו יֵאָסֵ֑ף ,WXYq
229225,Isaiah,49,5,וְיִשְׂרָאֵ֖ל לֹ֣ו יֵאָסֵ֑ף ,WXYq,לְשֹׁובֵ֤ב יַֽעֲקֹב֙ אֵלָ֔יו ,InfC,וְאֶכָּבֵד֙ בְּעֵינֵ֣י יְהוָ֔ה ,WYq0
229251,Isaiah,49,6,וּלְהָשִׁ֑יב ,InfC,לְהָקִים֙ אֶת־שִׁבְטֵ֣י יַעֲקֹ֔ב ,InfC,נְצוּרֵ֥י יִשְׂרָאֵ֖ל ,XPos
229324,Isaiah,49,9,צֵ֔אוּ ,ZIm0,לֵאמֹ֤ר לַֽאֲסוּרִים֙ ,InfC,לַאֲשֶׁ֥ר בַּחֹ֖שֶׁךְ ,NmCl
229330,Isaiah,49,9,הִגָּל֑וּ ,ZIm0,לַאֲשֶׁ֥ר בַּחֹ֖שֶׁךְ ,NmCl,עַל־דְּרָכִ֣ים יִרְע֔וּ ,xYq0
229372,Isaiah,49,12,הִנֵּה־אֵ֕לֶּה מֵרָחֹ֖וק יָבֹ֑אוּ ,XYqt,,,וְהִֽנֵּה־אֵ֨לֶּה֙ מִצָּפֹ֣ון וּמִיָּ֔ם ,Ellp
229438,Isaiah,49,17,מְהָֽרְסַ֥יִךְ וּמַחֲרִבַ֖יִךְ מִמֵּ֥ךְ יֵצֵֽאוּ׃ ,XYqt,מִֽהֲר֖וּ בָּנָ֑יִךְ ,ZQtX,,
229445,Isaiah,49,18,כֻּלָּ֖ם נִקְבְּצ֣וּ ,XQtl,וּרְאִ֔י ,WIm0,בָֽאוּ־לָ֑ךְ ,ZQt0
229446,Isaiah,49,18,בָֽאוּ־לָ֑ךְ ,ZQt0,כֻּלָּ֖ם נִקְבְּצ֣וּ ,XQtl,חַי־אָ֣נִי ,AjCl
229488,Isaiah,49,20,גְּשָׁה־לִּ֥י ,ZIm0,צַר־לִ֥י הַמָּקֹ֖ום ,AjCl,וְאֵשֵֽׁבָה׃ ,WYq0
229506,Isaiah,49,21,גֹּלָ֣ה׀ ,Ptcp,וַאֲנִ֥י שְׁכוּלָ֖ה וְגַלְמוּדָ֑ה ,AjCl,וְסוּרָ֗ה ,AjCl
229536,Isaiah,49,22,וְהֵבִ֤יאוּ בָנַ֨יִךְ֙ בְּחֹ֔צֶן ,WQt0,וְאֶל־עַמִּ֖ים אָרִ֣ים נִסִּ֑י ,WxY0,וּבְנֹתַ֖יִךְ עַל־כָּתֵ֥ף תִּנָּשֶֽׂאנָה׃ ,WXYq
229570,Isaiah,49,24,הֲיֻקַּ֥ח מִגִּבֹּ֖ור מַלְקֹ֑וחַ ,xYqX,,,וְאִם־שְׁבִ֥י צַדִּ֖יק יִמָּלֵֽט׃ ,WXYq
229586,Isaiah,49,25,גַּם־שְׁבִ֤י גִבֹּור֙ יֻקָּ֔ח ,XYqt,כִּי־כֹ֣ה׀ אָמַ֣ר יְהוָ֗ה ,xQtX,וּמַלְקֹ֥וחַ עָרִ֖יץ יִמָּלֵ֑ט ,WXYq
229634,Isaiah,50,1,אֲשֶׁ֣ר שִׁלַּחְתִּ֔יהָ ,xQt0,אֵ֣י זֶ֠ה סֵ֣פֶר כְּרִית֤וּת אִמְּכֶם֙ ,NmCl,אֹ֚ו מִ֣י מִנֹּושַׁ֔י ,NmCl
229650,Isaiah,50,1,וּבְפִשְׁעֵיכֶ֖ם שֻׁלְּחָ֥ה אִמְּכֶֽם׃ ,WxQX,הֵ֤ן בַּעֲוֹנֹֽתֵיכֶם֙ נִמְכַּרְתֶּ֔ם ,xQt0,,
229653,Isaiah,50,2,מַדּ֨וּעַ בָּ֜אתִי ,xQt0,,,וְאֵ֣ין אִ֗ישׁ ,NmCl
229785,Isaiah,50,8,יִגַּ֥שׁ אֵלָֽי׃ ,ZYq0,מִֽי־בַ֥עַל מִשְׁפָּטִ֖י ,NmCl,,
229812,Isaiah,50,10,אֲשֶׁ֣ר׀ הָלַ֣ךְ חֲשֵׁכִ֗ים ,xQt0,שֹׁמֵ֖עַ בְּקֹ֣ול עַבְדֹּ֑ו ,Ptcp,וְאֵ֥ין נֹ֨גַהּ֙ לֹ֔ו ,NmCl
229832,Isaiah,50,11,לְכ֣וּ׀ בְּא֣וּר אֶשְׁכֶ֗ם ,ZIm0,מְאַזְּרֵ֣י זִיקֹ֑ות ,Ptcp,וּבְזִיקֹות֙ ,Ellp
229915,Isaiah,51,4,כִּ֤י תֹורָה֙ מֵאִתִּ֣י תֵצֵ֔א ,XYqt,לְאוּמִּ֖י ,Voct,וּמִשְׁפָּטִ֔י לְאֹ֥ור עַמִּ֖ים אַרְגִּֽיעַ׃ ,WxY0
229924,Isaiah,51,5,יָצָ֣א יִשְׁעִ֔י ,ZQtX,קָרֹ֤וב צִדְקִי֙ ,AjCl,וּזְרֹעַ֖י עַמִּ֣ים יִשְׁפֹּ֑טוּ ,WXYq
230052,Isaiah,51,10,לַעֲבֹ֥ר גְּאוּלִֽים׃ ,InfC,הַשָּׂ֨מָה֙ מַֽעֲמַקֵּי־יָ֔ם דֶּ֖רֶךְ ,xQt0,,
230057,Isaiah,51,11,וּפְדוּיֵ֨י יְהוָ֜ה יְשׁוּב֗וּן ,WXYq,,,וּבָ֤אוּ צִיֹּון֙ בְּרִנָּ֔ה ,WQt0
230059,Isaiah,51,11,וּבָ֤אוּ צִיֹּון֙ בְּרִנָּ֔ה ,WQt0,וּפְדוּיֵ֨י יְהוָ֜ה יְשׁוּב֗וּן ,WXYq,וְשִׂמְחַ֥ת עֹולָ֖ם עַל־רֹאשָׁ֑ם ,NmCl
230072,Isaiah,51,11,נָ֖סוּ יָגֹ֥ון וַאֲנָחָֽה׃ ס ,ZQtX,שָׂשֹׂ֤ון וְשִׂמְחָה֙ יַשִּׂיג֔וּן ,xYq0,,
230264,Isaiah,51,22,הִנֵּ֥ה לָקַ֛חְתִּי מִיָּדֵ֖ךְ אֶת־כֹּ֣וס הַתַּרְעֵלָ֑ה ,xQt0,יָרִ֣יב עַמֹּ֔ו ,ZYq0,אֶת־קֻבַּ֨עַת֙ כֹּ֣וס חֲמָתִ֔י ,CPen
230291,Isaiah,51,23,וְנַעֲבֹ֑רָה ,WYq0,שְׁחִ֣י ,ZIm0,וַתָּשִׂ֤ימִי כָאָ֨רֶץ֙ גֵּוֵ֔ךְ ,Way0
230304,Isaiah,51,23,וְכַח֖וּץ לַעֹבְרִֽים׃ ס ,Ellp,וַתָּשִׂ֤ימִי כָאָ֨רֶץ֙ גֵּוֵ֔ךְ ,Way0,,
230320,Isaiah,52,1,יָבֹא־בָ֥ךְ עֹ֖וד עָרֵ֥ל וְטָמֵֽא׃ ,ZYqX,כִּ֣י לֹ֥א יֹוסִ֛יף ,xYq0,,
230355,Isaiah,52,4,מִצְרַ֛יִם יָֽרַד־עַמִּ֥י בָרִֽאשֹׁנָ֖ה ,xQtX,כִּ֣י כֹ֤ה אָמַר֙ אֲדֹנָ֣י יְהוִ֔ה ,xQtX,לָג֣וּר שָׁ֑ם ,InfC
230376,Isaiah,52,5,כִּֽי־לֻקַּ֥ח עַמִּ֖י חִנָּ֑ם ,xQtX,נְאֻם־יְהוָ֔ה ,MSyn,מֹשְׁלָ֤יו יְהֵילִ֨ילוּ֙ ,XYqt
230436,Isaiah,52,8,בְּשׁ֥וּב יְהוָ֖ה צִיֹּֽון׃ ,InfC,כִּ֣י עַ֤יִן בְּעַ֨יִן֙ יִרְא֔וּ ,xYq0,,
230468,Isaiah,52,11,ס֤וּרוּ ,ZIm0,,,ס֨וּרוּ֙ ,ZIm0
230469,Isaiah,52,11,ס֨וּרוּ֙ ,ZIm0,ס֤וּרוּ ,ZIm0,צְא֣וּ מִשָּׁ֔ם ,ZIm0
230470,Isaiah,52,11,צְא֣וּ מִשָּׁ֔ם ,ZIm0,ס֨וּרוּ֙ ,ZIm0,טָמֵ֖א אַל־תִּגָּ֑עוּ ,xYq0
230476,Isaiah,52,11,צְא֣וּ מִתֹּוכָ֔הּ ,ZIm0,טָמֵ֖א אַל־תִּגָּ֑עוּ ,xYq0,הִבָּ֕רוּ ,ZIm0
230487,Isaiah,52,12,כִּ֣י לֹ֤א בְחִפָּזֹון֙ תֵּצֵ֔אוּ ,xYq0,,,וּבִמְנוּסָ֖ה לֹ֣א תֵלֵכ֑וּן ,WxY0
230492,Isaiah,52,12,וּבִמְנוּסָ֖ה לֹ֣א תֵלֵכ֑וּן ,WxY0,כִּ֣י לֹ֤א בְחִפָּזֹון֙ תֵּצֵ֔אוּ ,xYq0,כִּֽי־הֹלֵ֤ךְ לִפְנֵיכֶם֙ יְהוָ֔ה ,Ptcp
230494,Isaiah,52,12,כִּֽי־הֹלֵ֤ךְ לִפְנֵיכֶם֙ יְהוָ֔ה ,Ptcp,וּבִמְנוּסָ֖ה לֹ֣א תֵלֵכ֑וּן ,WxY0,וּמְאַסִּפְכֶ֖ם אֱלֹהֵ֥י יִשְׂרָאֵֽל׃ ס ,Ptcp
230499,Isaiah,52,12,וּמְאַסִּפְכֶ֖ם אֱלֹהֵ֥י יִשְׂרָאֵֽל׃ ס ,Ptcp,כִּֽי־הֹלֵ֤ךְ לִפְנֵיכֶם֙ יְהוָ֔ה ,Ptcp,,
230554,Isaiah,53,1,וּזְרֹ֥ועַ יְהוָ֖ה עַל־מִ֥י נִגְלָֽתָה׃ ,WXQt,מִ֥י הֶאֱמִ֖ין לִשְׁמֻעָתֵ֑נוּ ,XQtl,,
230556,Isaiah,53,2,וַיַּ֨עַל כַּיֹּונֵ֜ק לְפָנָ֗יו ,Way0,,,וְכַשֹּׁ֨רֶשׁ֙ מֵאֶ֣רֶץ צִיָּ֔ה ,Ellp
230678,Isaiah,53,8,מֵעֹ֤צֶר וּמִמִּשְׁפָּט֙ לֻקָּ֔ח ,xQt0,,,וְאֶת־דֹּורֹ֖ו מִ֣י יְשֹׂוחֵ֑חַ ,WXYq
230887,Isaiah,54,7,וּבְרַחֲמִ֥ים גְּדֹלִ֖ים אֲקַבְּצֵֽךְ׃ ,WxY0,בְּרֶ֥גַע קָטֹ֖ן עֲזַבְתִּ֑יךְ ,xQt0,,
230911,Isaiah,54,9,מֵעֲבֹ֥ר מֵי־נֹ֛חַ עֹ֖וד עַל־הָאָ֑רֶץ ,InfC,אֲשֶׁ֣ר נִשְׁבַּ֗עְתִּי ,xQt0,כֵּ֥ן נִשְׁבַּ֛עְתִּי ,xQt0
231003,Isaiah,54,14,כִּ֥י לֹֽא־תִקְרַ֖ב אֵלָֽיִךְ׃ ,xYq0,וּמִ֨מְּחִתָּ֔ה ,Ellp,,
231015,Isaiah,54,15,עָלַ֥יִךְ יִפֹּֽול׃ ,xYq0,מִי־גָ֥ר אִתָּ֖ךְ ,Ptcp,,
231025,Isaiah,54,16,וּמֹוצִ֥יא כְלִ֖י לְמַעֲשֵׂ֑הוּ ,Ptcp,נֹפֵ֨חַ֙ בְּאֵ֣שׁ פֶּחָ֔ם ,Ptcp,וְאָנֹכִ֛י בָּרָ֥אתִי מַשְׁחִ֖ית ,WXQt
231063,Isaiah,55,1,לְכ֣וּ לַמַּ֔יִם ,ZIm0,כָּל־צָמֵא֙ ,Voct,וַלְכ֤וּ ,WIm0
231072,Isaiah,55,1,וַלְכ֤וּ ,WIm0,לְכ֣וּ לַמַּ֔יִם ,ZIm0,אֲשֶׁ֥ר אֵֽין־לֹ֖ו כָּ֑סֶף ,Voct
231077,Isaiah,55,1,וּלְכ֣וּ ,WIm0,וֶֽאֱכֹ֔לוּ ,WIm0,שִׁבְר֗וּ בְּלֹוא־כֶ֛סֶף וּבְלֹ֥וא מְחִ֖יר יַ֥יִן וְחָלָֽב׃ ,ZIm0
231116,Isaiah,55,3,וּלְכ֣וּ אֵלַ֔י ,WIm0,הַטּ֤וּ אָזְנְכֶם֙ ,ZIm0,שִׁמְע֖וּ ,ZIm0
231175,Isaiah,55,7,וְיָשֹׁ֤ב אֶל־יְהוָה֙ ,WYq0,וְאִ֥ישׁ אָ֖וֶן מַחְשְׁבֹתָ֑יו ,Ellp,וִֽירַחֲמֵ֔הוּ ,WYq0
231214,Isaiah,55,10,כַּאֲשֶׁ֣ר יֵרֵד֩ הַגֶּ֨שֶׁם וְהַשֶּׁ֜לֶג מִן־הַשָּׁמַ֗יִם ,xYqX,,,וְשָׁ֨מָּה֙ לֹ֣א יָשׁ֔וּב ,WxY0
231226,Isaiah,55,10,וְשָׁ֨מָּה֙ לֹ֣א יָשׁ֔וּב ,WxY0,כַּאֲשֶׁ֣ר יֵרֵד֩ הַגֶּ֨שֶׁם וְהַשֶּׁ֜לֶג מִן־הַשָּׁמַ֗יִם ,xYqX,כִּ֚י אִם־הִרְוָ֣ה אֶת־הָאָ֔רֶץ ,xQt0
231252,Isaiah,55,11,אֲשֶׁ֣ר יֵצֵ֣א מִפִּ֔י ,xYq0,,,לֹֽא־יָשׁ֥וּב אֵלַ֖י רֵיקָ֑ם ,xYq0
231256,Isaiah,55,11,לֹֽא־יָשׁ֥וּב אֵלַ֖י רֵיקָ֑ם ,xYq0,אֲשֶׁ֣ר יֵצֵ֣א מִפִּ֔י ,xYq0,כִּ֤י אִם־עָשָׂה֙ ,xQt0
231268,Isaiah,55,11,אֲשֶׁ֥ר שְׁלַחְתִּֽיו׃ ,xQt0,וְהִצְלִ֖יחַ ,WQt0,,
231272,Isaiah,55,12,כִּֽי־בְשִׂמְחָ֣ה תֵצֵ֔אוּ ,xYq0,,,וּבְשָׁלֹ֖ום תּֽוּבָל֑וּן ,WxY0
231296,Isaiah,55,13,תַּ֤חַת הַֽנַּעֲצוּץ֙ יַעֲלֶ֣ה בְרֹ֔ושׁ ,xYqX,,,וְתַ֥חַת הַסִּרְפַּ֖ד יַעֲלֶ֣ה הֲדַ֑ס ,WxYX
231302,Isaiah,55,13,וְתַ֥חַת הַסִּרְפַּ֖ד יַעֲלֶ֣ה הֲדַ֑ס ,WxYX,תַּ֤חַת הַֽנַּעֲצוּץ֙ יַעֲלֶ֣ה בְרֹ֔ושׁ ,xYqX,וְהָיָ֤ה לַֽיהוָה֙ לְשֵׁ֔ם לְאֹ֥ות עֹולָ֖ם ,WQt0
231327,Isaiah,56,1,לָבֹ֔וא ,InfC,כִּֽי־קְרֹובָ֤ה יְשֽׁוּעָתִי֙ ,AjCl,וְצִדְקָתִ֖י ,Ellp
231331,Isaiah,56,1,לְהִגָּלֹֽות׃ ,InfC,וְצִדְקָתִ֖י ,Ellp,,
231454,Isaiah,56,7,וַהֲבִיאֹותִ֞ים אֶל־הַ֣ר קָדְשִׁ֗י ,WQt0,,,וְשִׂמַּחְתִּים֙ בְּבֵ֣ית תְּפִלָּתִ֔י ,WQt0
231482,Isaiah,56,8,מְקַבֵּ֖ץ נִדְחֵ֣י יִשְׂרָאֵ֑ל ,Ptcp,נְאֻם֙ אֲדֹנָ֣י יְהוִ֔ה ,MSyn,עֹ֛וד אֲקַבֵּ֥ץ עָלָ֖יו לְנִקְבָּצָֽיו׃ ,xYq0
231486,Isaiah,56,8,עֹ֛וד אֲקַבֵּ֥ץ עָלָ֖יו לְנִקְבָּצָֽיו׃ ,xYq0,מְקַבֵּ֖ץ נִדְחֵ֣י יִשְׂרָאֵ֑ל ,Ptcp,,
231489,Isaiah,56,8,עֹ֛וד אֲקַבֵּ֥ץ עָלָ֖יו לְנִקְבָּצָֽיו׃ ,xYq0,מְקַבֵּ֖ץ נִדְחֵ֣י יִשְׂרָאֵ֑ל ,Ptcp,,
231542,Isaiah,56,12,אֶקְחָה־יַ֖יִן ,ZYq0,אֵתָ֥יוּ ,ZIm0,וְנִסְבְּאָ֣ה שֵׁכָ֑ר ,WYq0
231568,Isaiah,57,1,וְאַנְשֵׁי־חֶ֤סֶד נֶֽאֱסָפִים֙ ,Ptcp,שָׂ֣ם עַל־לֵ֑ב ,Ptcp,בְּאֵ֣ין מֵבִ֔ין ,Ptcp
231577,Isaiah,57,1,כִּֽי־מִפְּנֵ֥י הָרָעָ֖ה נֶאֱסַ֥ף הַצַּדִּֽיק׃ ,xQtX,בְּאֵ֣ין מֵבִ֔ין ,Ptcp,,
231580,Isaiah,57,2,יָבֹ֣וא שָׁלֹ֔ום ,ZYq0,,,יָנ֖וּחוּ עַל־מִשְׁכְּבֹותָ֑ם ,ZYqX
231585,Isaiah,57,2,הֹלֵ֖ךְ נְכֹחֹֽו׃ ,Ptcp,יָנ֖וּחוּ עַל־מִשְׁכְּבֹותָ֑ם ,ZYqX,,
231589,Isaiah,57,3,וְאַתֶּ֥ם קִרְבוּ־הֵ֖נָּה ,WXIm,,,בְּנֵ֣י עֹנְנָ֑ה זֶ֥רַע מְנָאֵ֖ף ,Voct
231643,Isaiah,57,6,הֶעֱלִ֣ית מִנְחָ֔ה ,ZQt0,גַּם־לָהֶ֞ם שָׁפַ֥כְתְּ נֶ֨סֶךְ֙ ,xQt0,הַ֥עַל אֵ֖לֶּה אֶנָּחֵֽם׃ ,xYq0
231658,Isaiah,57,7,גַּם־שָׁ֥ם עָלִ֖ית ,xQt0,עַ֤ל הַר־גָּבֹ֨הַּ֙ וְנִשָּׂ֔א שַׂ֖מְתְּ מִשְׁכָּבֵ֑ךְ ,xQt0,לִזְבֹּ֥חַ זָֽבַח׃ ,InfC
231674,Isaiah,57,8,כִּ֣י מֵאִתִּ֞י גִּלִּ֣ית ,xQt0,וְאַחַ֤ר הַדֶּ֨לֶת֙ וְהַמְּזוּזָ֔ה שַׂ֖מְתְּ זִכְרֹונֵ֑ךְ ,WxQ0,וַֽתַּעֲלִ֗י ,Way0
231676,Isaiah,57,8,וַֽתַּעֲלִ֗י ,Way0,כִּ֣י מֵאִתִּ֞י גִּלִּ֣ית ,xQt0,הִרְחַ֤בְתְּ מִשְׁכָּבֵךְ֙ ,ZQt0
231699,Isaiah,57,9,וַתְּשַׁלְּחִ֤י צִרַ֨יךְ֙ עַד־מֵ֣רָחֹ֔ק ,Way0,וַתַּרְבִּ֖י רִקֻּחָ֑יִךְ ,Way0,וַתַּשְׁפִּ֖ילִי עַד־שְׁאֹֽול׃ ,Way0
231767,Isaiah,57,13,יִקַּח־הָ֑בֶל ,ZYqX,וְאֶת־כֻּלָּ֥ם יִשָּׂא־ר֖וּחַ ,WxYX,וְיִנְחַל־אֶ֔רֶץ ,WXYq
231850,Isaiah,57,17,וַיֵּ֥לֶךְ שֹׁובָ֖ב בְּדֶ֥רֶךְ לִבֹּֽו׃ ,Way0,וְאֶקְצֹ֑ף ,WYq0,,
232039,Isaiah,58,6,וְשַׁלַּ֤ח רְצוּצִים֙ חָפְשִׁ֔ים ,InfC,הַתֵּ֖ר אֲגֻדֹּ֣ות מֹוטָ֑ה ,InfA,וְכָל־מֹוטָ֖ה תְּנַתֵּֽקוּ׃ ,WxY0
232056,Isaiah,58,7,וַעֲנִיִּ֥ים מְרוּדִ֖ים תָּ֣בִיא בָ֑יִת ,WxY0,הֲלֹ֨וא פָרֹ֤ס לָֽרָעֵב֙ לַחְמֶ֔ךָ ,InfA,כִּֽי־תִרְאֶ֤ה עָרֹם֙ ,xYq0
232079,Isaiah,58,8,וְהָלַ֤ךְ לְפָנֶ֨יךָ֙ צִדְקֶ֔ךָ ,WQtX,וַאֲרֻכָתְךָ֖ מְהֵרָ֣ה תִצְמָ֑ח ,WXYq,כְּבֹ֥וד יְהוָ֖ה יַאַסְפֶֽךָ׃ ,XYqt
232085,Isaiah,58,8,כְּבֹ֥וד יְהוָ֖ה יַאַסְפֶֽךָ׃ ,XYqt,וְהָלַ֤ךְ לְפָנֶ֨יךָ֙ צִדְקֶ֔ךָ ,WQtX,,
232096,Isaiah,58,9,אִם־תָּסִ֤יר מִתֹּֽוכְךָ֙ מֹוטָ֔ה ,xYq0,הִנֵּ֑נִי ,NmCl,שְׁלַ֥ח אֶצְבַּ֖ע ,InfC
232100,Isaiah,58,9,שְׁלַ֥ח אֶצְבַּ֖ע ,InfC,אִם־תָּסִ֤יר מִתֹּֽוכְךָ֙ מֹוטָ֔ה ,xYq0,וְדַבֶּר־אָֽוֶן׃ ,InfA
232166,Isaiah,58,12,מְשֹׁבֵ֥ב נְתִיבֹ֖ות ,Ptcp,גֹּדֵ֣ר פֶּ֔רֶץ ,Ptcp,לָשָֽׁבֶת׃ ,InfC
232171,Isaiah,58,13,אִם־תָּשִׁ֤יב מִשַּׁבָּת֙ רַגְלֶ֔ךָ ,xYq0,,,עֲשֹׂ֥ות חֲפָצֶ֖יךָ בְּיֹ֣ום קָדְשִׁ֑י ,InfC
232378,Isaiah,59,9,בָּאֲפֵלֹ֥ות נְהַלֵּֽךְ׃ ,xYq0,לִנְגֹהֹ֖ות ,Ellp,,
232478,Isaiah,59,14,לָבֹֽוא׃ ,InfC,וּנְכֹחָ֖ה לֹא־תוּכַ֥ל ,WXYq,,
232485,Isaiah,59,15,סָ֥ר מֵרָ֖ע ,Ptcp,וְמִשְׁתֹּולֵ֑ל ,Ptcp,וַיַּ֧רְא יְהוָ֛ה ,WayX
232570,Isaiah,59,19,כִּֽי־יָבֹ֤וא כַנָּהָר֙ צָ֔ר ,xYqX,וּמִמִּזְרַח־שֶׁ֖מֶשׁ אֶת־כְּבֹודֹ֑ו ,Ellp,ר֥וּחַ יְהוָ֖ה נֹ֥סְסָה בֹֽו׃ ,XQtl
232577,Isaiah,59,19,ר֥וּחַ יְהוָ֖ה נֹ֥סְסָה בֹֽו׃ ,XQtl,כִּֽי־יָבֹ֤וא כַנָּהָר֙ צָ֔ר ,xYqX,,
232580,Isaiah,59,20,וּבָ֤א לְצִיֹּון֙ גֹּואֵ֔ל ,WQt0,,,וּלְשָׁבֵ֥י פֶ֖שַׁע בְּיַֽעֲקֹ֑ב ,Ellp
232586,Isaiah,59,20,וּלְשָׁבֵ֥י פֶ֖שַׁע בְּיַֽעֲקֹ֑ב ,Ellp,וּבָ֤א לְצִיֹּון֙ גֹּואֵ֔ל ,WQt0,נְאֻ֖ם יְהוָֽה׃ ,MSyn
232631,Isaiah,60,1,כִּ֣י בָ֣א אֹורֵ֑ךְ ,xQtX,אֹ֖ורִי ,ZIm0,וּכְבֹ֥וד יְהוָ֖ה עָלַ֥יִךְ זָרָֽח׃ ,WXQt
232656,Isaiah,60,3,וְהָלְכ֥וּ גֹויִ֖ם לְאֹורֵ֑ךְ ,WQtX,,,וּמְלָכִ֖ים לְנֹ֥גַהּ זַרְחֵֽךְ׃ ,Ellp
232671,Isaiah,60,4,כֻּלָּ֖ם נִקְבְּצ֣וּ ,XQtl,וּרְאִ֔י ,WIm0,בָֽאוּ־לָ֑ךְ ,ZQt0
232672,Isaiah,60,4,בָֽאוּ־לָ֑ךְ ,ZQt0,כֻּלָּ֖ם נִקְבְּצ֣וּ ,XQtl,בָּנַ֨יִךְ֙ מֵרָחֹ֣וק יָבֹ֔אוּ ,XYqt
232677,Isaiah,60,4,בָּנַ֨יִךְ֙ מֵרָחֹ֣וק יָבֹ֔אוּ ,XYqt,בָֽאוּ־לָ֑ךְ ,ZQt0,וּבְנֹתַ֖יִךְ עַל־צַ֥ד תֵּאָמַֽנָה׃ ,WXYq
232699,Isaiah,60,5,חֵ֥יל גֹּויִ֖ם יָבֹ֥אוּ לָֽךְ׃ ,XYqt,כִּֽי־יֵהָפֵ֤ךְ עָלַ֨יִךְ֙ הֲמֹ֣ון יָ֔ם ,xYqX,,
232711,Isaiah,60,6,כֻּלָּ֖ם מִשְּׁבָ֣א יָבֹ֑אוּ ,XYqt,שִֽׁפְעַ֨ת גְּמַלִּ֜ים תְּכַסֵּ֗ךְ בִּכְרֵ֤י מִדְיָן֙ וְעֵיפָ֔ה ,XYqt,זָהָ֤ב וּלְבֹונָה֙ יִשָּׂ֔אוּ ,xYq0
232723,Isaiah,60,7,כָּל־צֹ֤אן קֵדָר֙ יִקָּ֣בְצוּ לָ֔ךְ ,XYqt,,,אֵילֵ֥י נְבָיֹ֖ות יְשָׁרְת֑וּנֶךְ ,XYqt
232728,Isaiah,60,7,יַעֲל֤וּ עַל־רָצֹון֙ מִזְבְּחִ֔י ,ZYq0,אֵילֵ֥י נְבָיֹ֖ות יְשָׁרְת֑וּנֶךְ ,XYqt,וּבֵ֥ית תִּפְאַרְתִּ֖י אֲפָאֵֽר׃ ,WxY0
232759,Isaiah,60,9,לְהָבִ֤יא בָנַ֨יִךְ֙ מֵֽרָחֹ֔וק ,InfC,וָאֳנִיֹּ֤ות תַּרְשִׁישׁ֙ בָּרִ֣אשֹׁנָ֔ה ,NmCl,כַּסְפָּ֥ם וּזְהָבָ֖ם אִתָּ֑ם לְשֵׁם֙ יְהוָ֣ה אֱלֹהַ֔יִךְ וְלִקְדֹ֥ושׁ יִשְׂרָאֵ֖ל ,NmCl
232803,Isaiah,60,11,לְהָבִ֤יא אֵלַ֨יִךְ֙ חֵ֣יל גֹּויִ֔ם ,InfC,יֹומָ֥ם וָלַ֖יְלָה לֹ֣א יִסָּגֵ֑רוּ ,xYq0,וּמַלְכֵיהֶ֖ם נְהוּגִֽים׃ ,Ptcp
232829,Isaiah,60,13,כְּבֹ֤וד הַלְּבָנֹון֙ אֵלַ֣יִךְ יָבֹ֔וא בְּרֹ֛ושׁ תִּדְהָ֥ר וּתְאַשּׁ֖וּר יַחְדָּ֑ו ,XYqt,,,לְפָאֵר֙ מְקֹ֣ום מִקְדָּשִׁ֔י ,InfC
232844,Isaiah,60,14,וְהָלְכ֨וּ אֵלַ֤יִךְ בְּנֵ֣י מְעַנַּ֔יִךְ ,WQtX,,,שְׁחֹ֨וחַ֙ ,InfC
232871,Isaiah,60,15,וְאֵ֣ין עֹובֵ֑ר ,AjCl,תַּ֧חַת הֱיֹותֵ֛ךְ עֲזוּבָ֥ה וּשְׂנוּאָ֖ה ,CPen,וְשַׂמְתִּיךְ֙ לִגְאֹ֣ון עֹולָ֔ם ,WQt0
232902,Isaiah,60,17,תַּ֣חַת הַנְּחֹ֜שֶׁת אָבִ֣יא זָהָ֗ב ,xYq0,,,וְתַ֤חַת הַבַּרְזֶל֙ אָ֣בִיא כֶ֔סֶף ,WxY0
232908,Isaiah,60,17,וְתַ֤חַת הַבַּרְזֶל֙ אָ֣בִיא כֶ֔סֶף ,WxY0,תַּ֣חַת הַנְּחֹ֜שֶׁת אָבִ֣יא זָהָ֗ב ,xYq0,וְתַ֤חַת הָֽעֵצִים֙ נְחֹ֔שֶׁת ,Ellp
232974,Isaiah,60,20,לֹא־יָבֹ֥וא עֹוד֙ שִׁמְשֵׁ֔ךְ ,xYqX,,,וִירֵחֵ֖ךְ לֹ֣א יֵאָסֵ֑ף ,WXYq
232980,Isaiah,60,20,וִירֵחֵ֖ךְ לֹ֣א יֵאָסֵ֑ף ,WXYq,לֹא־יָבֹ֥וא עֹוד֙ שִׁמְשֵׁ֔ךְ ,xYqX,כִּ֣י יְהוָ֗ה יִֽהְיֶה־לָּךְ֙ לְאֹ֣ור עֹולָ֔ם ,XYqt
233033,Isaiah,61,1,שְׁלָחַ֨נִי֙ ,ZQt0,לְבַשֵּׂ֣ר עֲנָוִ֗ים ,InfC,לַחֲבֹ֣שׁ לְנִשְׁבְּרֵי־לֵ֔ב ,InfC
233221,Isaiah,61,11,תֹּוצִ֣יא צִמְחָ֔הּ ,ZYq0,כִּ֤י כָאָ֨רֶץ֙ וּכְגַנָּ֖ה ,CPen,זֵרוּעֶ֣יהָ תַצְמִ֑יחַ ,xYq0
233249,Isaiah,62,1,עַד־יֵצֵ֤א כַנֹּ֨גַהּ֙ צִדְקָ֔הּ ,xYqX,וּלְמַ֥עַן יְרוּשָׁלִַ֖ם לֹ֣א אֶשְׁקֹ֑וט ,WxY0,וִישׁוּעָתָ֖הּ כְּלַפִּ֥יד ,Ellp
233395,Isaiah,62,9,מְאַסְפָיו֙ ,Ptcp,כִּ֤י יֹאכְלֻ֔הוּ ,XYqt,וְהִֽלְל֖וּ אֶת־יְהוָ֑ה ,WQt0
233402,Isaiah,62,9,מְקַבְּצָ֥יו ,Ptcp,וּֽיִשְׁתֻּ֖הוּ בְּחַצְרֹ֥ות קָדְשִֽׁי׃ ס ,WXYq,,
233407,Isaiah,62,10,עִבְר֤וּ ,ZIm0,,,עִבְרוּ֙ בַּשְּׁעָרִ֔ים ,ZIm0
233408,Isaiah,62,10,עִבְרוּ֙ בַּשְּׁעָרִ֔ים ,ZIm0,עִבְר֤וּ ,ZIm0,פַּנּ֖וּ דֶּ֣רֶךְ הָעָ֑ם ,ZIm0
233441,Isaiah,62,11,הִנֵּ֥ה יִשְׁעֵ֖ךְ בָּ֑א ,XQtl,אִמְרוּ֙ לְבַת־צִיֹּ֔ון ,ZIm0,הִנֵּ֤ה שְׂכָרֹו֙ אִתֹּ֔ו ,NmCl
233466,Isaiah,63,1,מִי־זֶ֣ה׀ בָּ֣א מֵאֱדֹ֗ום חֲמ֤וּץ בְּגָדִים֙ מִבָּצְרָ֔ה ,Ptcp,,,זֶ֚ה ,NmCl
233533,Isaiah,63,4,וּשְׁנַ֥ת גְּאוּלַ֖י בָּֽאָה׃ ,WXQt,כִּ֛י יֹ֥ום נָקָ֖ם בְּלִבִּ֑י ,NmCl,,
233562,Isaiah,63,6,וְאֹורִ֥יד לָאָ֖רֶץ נִצְחָֽם׃ ס ,WYq0,וַאֲשַׁכְּרֵ֖ם בַּחֲמָתִ֑י ,WYq0,,
233652,Isaiah,63,11,הַֽמַּעֲלֵ֣ם מִיָּ֗ם אֵ֚ת רֹעֵ֣י צֹאנֹ֔ו ,Ptcp,אַיֵּ֣ה׀ ,NmCl,אַיֵּ֛ה ,NmCl
233666,Isaiah,63,12,מֹולִיךְ֙ לִימִ֣ין מֹשֶׁ֔ה זְרֹ֖ועַ תִּפְאַרְתֹּ֑ו ,Ptcp,,,בֹּ֤וקֵֽעַ מַ֨יִם֙ מִפְּנֵיהֶ֔ם ,Ptcp
233681,Isaiah,63,13,מֹולִיכָ֖ם בַּתְּהֹמֹ֑ות ,Ptcp,,,כַּסּ֥וּס בַּמִּדְבָּ֖ר לֹ֥א יִכָּשֵֽׁלוּ׃ ,xYq0
233699,Isaiah,63,14,בַּבִּקְעָ֣ה תֵרֵ֔ד ,xYq0,כַּבְּהֵמָה֙ ר֥וּחַ יְהוָ֖ה תְּנִיחֶ֑נּוּ ,XYqt,כֵּ֚ן נִהַ֣גְתָּ עַמְּךָ֔ ,xQt0
233758,Isaiah,63,17,שׁ֚וּב לְמַ֣עַן עֲבָדֶ֔יךָ שִׁבְטֵ֖י נַחֲלָתֶֽךָ׃ ,ZIm0,תַּקְשִׁ֥יחַ לִבֵּ֖נוּ מִיִּרְאָתֶ֑ךָ ,ZYq0,,
233785,Isaiah,63,19,יָרַ֔דְתָּ ,ZQt0,לוּא־קָרַ֤עְתָּ שָׁמַ֨יִם֙ ,xQt0,מִפָּנֶ֖יךָ הָרִ֥ים נָזֹֽלּוּ׃ ,XQtl
233811,Isaiah,64,2,יָרַ֕דְתָּ ,xQt0,לֹ֣א נְקַוֶּ֑ה ,xYq0,מִפָּנֶ֖יךָ הָרִ֥ים נָזֹֽלּוּ׃ ,XQtl
233985,Isaiah,65,2,הַהֹלְכִים֙ הַדֶּ֣רֶךְ אַחַ֖ר מַחְשְׁבֹתֵיהֶֽם׃ ,Ptcp,פֵּרַ֧שְׂתִּי יָדַ֛י כָּל־הַיֹּ֖ום אֶל־עַ֣ם סֹורֵ֑ר ,ZQt0,לֹא־טֹ֔וב ,AjCl
234030,Isaiah,65,5,קְרַ֣ב אֵלֶ֔יךָ ,ZIm0,הָאֹֽמְרִים֙ ,Ptcp,אַל־תִּגַּשׁ־בִּ֖י ,xYq0
234033,Isaiah,65,5,אַל־תִּגַּשׁ־בִּ֖י ,xYq0,קְרַ֣ב אֵלֶ֔יךָ ,ZIm0,כִּ֣י קְדַשְׁתִּ֑יךָ ,xQt0
234110,Isaiah,65,9,וְהֹוצֵאתִ֤י מִֽיַּעֲקֹב֙ זֶ֔רַע ,WQt0,,,וּמִיהוּדָ֖ה יֹורֵ֣שׁ הָרָ֑י ,Ellp
234301,Isaiah,65,17,וְלֹ֥א תַעֲלֶ֖ינָה עַל־לֵֽב׃ ,WxY0,וְלֹ֤א תִזָּכַ֨רְנָה֙ הָרִ֣אשֹׁנֹ֔ות ,WxYX,,
234519,Isaiah,66,3,מַעֲלֵ֤ה מִנְחָה֙ ,Ptcp,עֹ֣רֵֽף כֶּ֔לֶב ,Ptcp,דַּם־חֲזִ֔יר ,Ellp
234544,Isaiah,66,4,וּמְגֽוּרֹתָם֙ אָבִ֣יא לָהֶ֔ם ,WxY0,גַּם־אֲנִ֞י אֶבְחַ֣ר בְּתַעֲלֻלֵיהֶ֗ם ,XYqt,יַ֤עַן קָרָ֨אתִי֙ ,xQt0
234608,Isaiah,66,7,בְּטֶ֨רֶם יָבֹ֥וא חֵ֛בֶל לָ֖הּ ,xYqX,יָלָ֑דָה ,ZQt0,וְהִמְלִ֥יטָה זָכָֽר׃ ,WQt0
234749,Isaiah,66,15,כִּֽי־הִנֵּ֤ה יְהוָה֙ בָּאֵ֣שׁ יָבֹ֔וא ,XYqt,,,וְכַסּוּפָ֖ה מַרְכְּבֹתָ֑יו ,Ellp
234756,Isaiah,66,15,לְהָשִׁ֤יב בְּחֵמָה֙ אַפֹּ֔ו ,InfC,וְכַסּוּפָ֖ה מַרְכְּבֹתָ֑יו ,Ellp,וְגַעֲרָתֹ֖ו בְּלַהֲבֵי־אֵֽשׁ׃ ,Ellp
234813,Isaiah,66,18,בָּאָ֕ה ,Ptcp,מַעֲשֵׂיהֶם֙ וּמַחְשְׁבֹ֣תֵיהֶ֔ם ,NmCl,לְקַבֵּ֥ץ אֶת־כָּל־הַגֹּויִ֖ם וְהַלְּשֹׁנֹ֑ות ,InfC
234815,Isaiah,66,18,לְקַבֵּ֥ץ אֶת־כָּל־הַגֹּויִ֖ם וְהַלְּשֹׁנֹ֑ות ,InfC,בָּאָ֕ה ,Ptcp,וּבָ֖אוּ ,WQt0
234824,Isaiah,66,18,וּבָ֖אוּ ,WQt0,לְקַבֵּ֥ץ אֶת־כָּל־הַגֹּויִ֖ם וְהַלְּשֹׁנֹ֑ות ,InfC,וְרָא֥וּ אֶת־כְּבֹודִֽי׃ ,WQt0
234834,Isaiah,66,19,וְשִׁלַּחְתִּ֣י מֵהֶ֣ם׀ פְּ֠לֵיטִים אֶֽל־הַגֹּויִ֞ם תַּרְשִׁ֨ישׁ פּ֥וּל וְל֛וּד מֹ֥שְׁכֵי קֶ֖שֶׁת תֻּבַ֣ל וְיָוָ֑ן הָאִיִּ֣ים הָרְחֹקִ֗ים ,WQt0,וְשַׂמְתִּ֨י בָהֶ֜ם אֹ֗ות ,WQt0,אֲשֶׁ֨ר לֹא־שָׁמְע֤וּ אֶת־שִׁמְעִי֙ ,xQt0
234871,Isaiah,66,20,וְהֵבִ֣יאוּ אֶת־כָּל־אֲחֵיכֶ֣ם מִכָּל־הַגֹּויִ֣ם׀ מִנְחָ֣ה׀ לַֽיהוָ֡ה בַּסּוּסִ֡ים וּ֠בָרֶכֶב וּבַצַּבִּ֨ים וּבַפְּרָדִ֜ים וּבַכִּרְכָּרֹ֗ות עַ֣ל הַ֥ר קָדְשִׁ֛י יְרוּשָׁלִַ֖ם ,WQt0,,,אָמַ֣ר יְהוָ֑ה ,ZQtX
234909,Isaiah,66,20,כַּאֲשֶׁ֣ר יָבִיאוּ֩ בְנֵ֨י יִשְׂרָאֵ֧ל אֶת־הַמִּנְחָ֛ה בִּכְלִ֥י טָהֹ֖ור בֵּ֥ית יְהוָֽה׃ ,xYqX,אָמַ֣ר יְהוָ֑ה ,ZQtX,,
234923,Isaiah,66,21,וְגַם־מֵהֶ֥ם אֶקַּ֛ח לַכֹּהֲנִ֥ים לַלְוִיִּ֖ם ,WxY0,,,אָמַ֥ר יְהוָֽה׃ ,ZQtX
234970,Isaiah,66,23,מִֽדֵּי־חֹ֨דֶשׁ֙ בְּחָדְשֹׁ֔ו וּמִדֵּ֥י שַׁבָּ֖ת בְּשַׁבַּתֹּ֑ו יָבֹ֧וא כָל־בָּשָׂ֛ר ,xYqX,וְהָיָ֗ה ,MSyn,לְהִשְׁתַּחֲוֹ֥ת לְפָנַ֖י ,InfC
234980,Isaiah,66,24,וְיָצְא֣וּ ,WQt0,,,וְרָא֔וּ בְּפִגְרֵי֙ הָאֲנָשִׁ֔ים ,WQt0
