index,verb_id,lex,scroll,book,chapter,verse_num,gcons_verb,gcons_verse,sign_info,stem,tense,gcons_clause,subject,complement,cmpl_lex,cmpl_translation,dir_he,cmpl_constr,cmpl_nt,cmpl_anim,cmpl_det,cmpl_indiv,cmpl_complex,motion_type,preposition_1,preposition_2,preposition_3,preposition_4,comments,construction
8,212418,BW>[,MT,Isaiah,1,23,JBW>,FRJK SWRRJM W XBRJ GNBJM KLW >HB CXD W RDP CLMNJM JTWM L> JCPVW W RJB >LMNH L> JBW> >LJHM,,qal,impf,W RJB >LMNH L> JBW> >LJHM,RJB >LMNH,>LJHM,>L,to them,0.0,prep,prps,anim,det,prsf,simple,fictive,>L,,,,,prep
10,212437,CWB[,MT,Isaiah,1,25,>CJBH,W >CJBH JDJ <LJK W >YRP K BR SJGJK W >SJRH KL BDJLJK,,hif,impf,W >CJBH JDJ <LJK,,<LJK,<L,against you,0.0,prep,prps,anim,det,prsf,simple,factive fictive,<L,,,,,prep
18,212564,NHR[,MT,Isaiah,2,2,NHRW,W HJH B >XRJT H JMJM NKWN JHJH HR BJT JHWH B R>C H HRJM W NF> M GB<WT W NHRW >LJW KL H GWJM,,qal,perf,W NHRW >LJW KL H GWJM,KL H GWJM,>LJW,>L,to it (the mountain),0.0,prep,prps,inanim,det,prsf,simple,factive,>L,,,,,prep
20,212577,<LH[,MT,Isaiah,2,3,N<LH,W HLKW <MJM RBJM W >MRW LKW W N<LH >L HR JHWH >L BJT >LHJ J<QB W JRNW M DRKJW W NLKH B >RXTJW KJ M YJWN TY> TWRH W DBR JHWH M JRWCLM,,qal,impf,W N<LH >L HR JHWH >L BJT >LHJ J<QB,,>L HR JHWH >L BJT >LHJ J<QB,>L HR/ JHWH/ >L BJT/ >LHJM/ J<QB/,to the mountain of Yahwe to the house of the God of Jacob,0.0,prep,topo,inanim,det,subs,complex,factive,>L,>L,,,,prep
21,212590,HLK[,MT,Isaiah,2,3,NLKH,W HLKW <MJM RBJM W >MRW LKW W N<LH >L HR JHWH >L BJT >LHJ J<QB W JRNW M DRKJW W NLKH B >RXTJW KJ M YJWN TY> TWRH W DBR JHWH M JRWCLM,,qal,impf,W NLKH B >RXTJW,,B >RXTJW,B >RX/,in his paths,0.0,prep,abs,inanim,det,subs,complex,factive fictive,B,,,,,prep
30,212637,HLK[,MT,Isaiah,2,5,NLKH,BJT J<QB LKW W NLKH B >WR JHWH,,qal,impf,W NLKH B >WR JHWH,,B >WR JHWH,B >WR/ JHWH/,in the light of Yahwe,0.0,prep,abs,inanim,det,subs,complex,fictive,B,,,,,prep
34,212702,BW>[,MT,Isaiah,2,10,BW>,BW> B YWR W HVMN B <PR M PNJ PXD JHWH W M HDR G>NW,,qal,impv,BW> B YWR,,B YWR,B H YWR/,in the rock,0.0,prep,topo,inanim,det,subs,simple,factive,B,,,,,prep
37,212830,BW>[,MT,Isaiah,2,19,B>W,W B>W B M<RWT YRJM W B MXLWT <PR M PNJ PXD JHWH W M HDR G>WNW B QWMW L <RY H >RY,,qal,perf,W B>W B M<RWT YRJM W B MXLWT <PR M PNJ PXD JHWH W M HDR G>WNW,,B M<RWT YRJM W B MXLWT <PR,B M<RH/ YWR/ W B MXLH==/ <PR/,in caves of rocks and in holes of dust,0.0,prep,topo,inanim,und,subs,complex,factive,B,B,,,,prep
39,212880,BW>[,MT,Isaiah,2,21,BW>,L BW> B NQRWT H YRJM W B S<PJ H SL<JM M PNJ PXD JHWH W M HDR G>WNW B QWMW L <RY H >RY,,qal,infc,L BW> B NQRWT H YRJM W B S<PJ H SL<JM M PNJ PXD JHWH W M HDR G>WNW,,B NQRWT H YRJM W B S<PJ H SL<JM,B NQRH/ H YWR/ W B S<JP/ H SL</,in the caverns of the rocks and in the clefts of the cliffs,0.0,prep,topo,inanim,det,subs,complex,factive,B,B,,,,prep
48,213114,BW>[,MT,Isaiah,3,14,JBW>,JHWH B MCPV JBW> <M ZQNJ <MW W FRJW W >TM B<RTM H KRM GZLT H <NJ B BTJKM,,qal,impf,JHWH B MCPV JBW> <M ZQNJ <MW W FRJW,JHWH,B MCPV,B MCPV/,in judgment,0.0,prep,abs,inanim,und,subs,simple,fictive,B,,,,,prep
49,213114,BW>[,MT,Isaiah,3,14,JBW>,JHWH B MCPV JBW> <M ZQNJ <MW W FRJW W >TM B<RTM H KRM GZLT H <NJ B BTJKM,,qal,impf,JHWH B MCPV JBW> <M ZQNJ <MW W FRJW,JHWH,<M ZQNJ <MW W FRJW,<M ZQN/ <M/ W FR/,with the elder ones of his people and his princes,0.0,prep,gens,anim,det,subs,complex,factive fictive,<M,,,,,prep
66,213573,QRB[,MT,Isaiah,5,8,JQRJBW,HWJ MGJ<J BJT B BJT FDH B FDH JQRJBW <D >PS MQWM W HWCBTM L BDKM B QRB H >RY,,hif,impf,FDH B FDH JQRJBW <D >PS MQWM,,B FDH,B FDH/,in (with) field,0.0,prep,topo,inanim,und,subs,simple,factive fictive,B,,,,,prep
90,214081,<WP[,MT,Isaiah,6,6,J<P,W J<P >LJ >XD MN H FRPJM W B JDW RYPH B MLQXJM LQX M <L H MZBX,,qal,wayq,W J<P >LJ >XD MN H FRPJM,>XD MN H FRPJM,>LJ,>L,to me,0.0,prep,prps,anim,det,prsf,simple,factive,>L,,,,,prep
102,214256,<LH[,MT,Isaiah,7,1,<LH,W JHJ B JMJ >XZ BN JWTM BN <ZJHW MLK JHWDH <LH RYJN MLK >RM W PQX BN RMLJHW MLK JFR>L JRWCLM L MLXMH <LJH W L> JKL L HLXM <LJH,,qal,perf,<LH RYJN MLK >RM W PQX BN RMLJHW MLK JFR>L JRWCLM L MLXMH <LJH,RYJN MLK >RM W PQX BN RMLJHW MLK JFR>L,JRWCLM,JRWCLM/,to Jerusalem,0.0,vc,topo,inanim,det,nmpr,simple,factive,,,,,,non-prep
108,214531,BW>[,MT,Isaiah,7,17,JBJ>,JBJ> JHWH <LJK W <L <MK W <L BJT >BJK JMJM >CR L> B>W L M JWM SWR >PRJM M <L JHWDH >T MLK >CWR,,hif,impf,JBJ> JHWH <LJK W <L <MK W <L BJT >BJK JMJM >T MLK >CWR,JHWH,<LJK W <L <MK W <L BJT >BJK,<L W <L <M/ W <L BJT/ >B/,upon you and upon your people and upon the house of your father,0.0,prep,prps,anim,det,prsf,complex,fictive,<L,<L,<L,,,prep
114,214584,NWX[,MT,Isaiah,7,19,NXW,W B>W W NXW KLM B NXLJ H BTWT W B NQJQJ H SL<JM W B KL H N<YWYJM W B KL H NHLLJM,,qal,perf,W NXW KLM B NXLJ H BTWT W B NQJQJ H SL<JM W B KL H N<YWYJM W B KL H NHLLJM,KLM,B NXLJ H BTWT W B NQJQJ H SL<JM W B KL H N<YWYJM W B KL H NHLLJM,B NXL/ H BTH/ W B NQJQ/ H SL</ W B KL/ H N<YWY/ W B KL/ H NHLL/,in the ravines of the precipices and in the clefts of the rocks and in all the thornbushes and in all the watering places,0.0,prep,topo,inanim,det,subs,complex,factive fictive,B,B,B,B,,prep
118,214702,BW>[,MT,Isaiah,7,24,JBW>,B XYJM W B QCT JBW> CMH KJ CMJR W CJT THJH KL H >RY,,qal,impf,B XYJM W B QCT JBW> CMH,,CMH,CM,there,1.0,dir-he,adv,inanim,det,adv,simple,factive,,,,,,non-prep
121,214722,BW>[,MT,Isaiah,7,25,TBW>,W KL H HRJM >CR B M<DR J<DRWN L> TBW> CMH JR>T CMJR W CJT W HJH L MCLX CWR W L MRMS FH,,qal,impf,L> TBW> CMH JR>T CMJR W CJT,,CMH,CM,there,1.0,dir-he,adv,inanim,det,adv,simple,factive,,,,,,non-prep
124,214768,QRB[,MT,Isaiah,8,3,>QRB,W >QRB >L H NBJ>H W THR W TLD BN W J>MR JHWH >LJ QR> CMW MHR CLL XC BZ,,qal,wayq,W >QRB >L H NBJ>H,,>L H NBJ>H,>L H NBJ>H/,to the prophetess,0.0,prep,pers,anim,det,subs,simple,factive,>L,,,,,prep
128,214840,<LH[,MT,Isaiah,8,7,M<LH,W LKN HNH >DNJ M<LH <LJHM >T MJ H NHR H <YWMJM W H RBJM >T MLK >CWR W >T KL KBWDW W <LH <L KL >PJQJW W HLK <L KL GDWTJW,,hif,ptca,HNH >DNJ M<LH <LJHM >T MJ H NHR H <YWMJM W H RBJM >T MLK >CWR W >T KL KBWDW,>DNJ,<LJHM,<L,against them,0.0,prep,prps,anim,det,prsf,simple,factive,<L,,,,,prep
129,214859,<LH[,MT,Isaiah,8,7,<LH,W LKN HNH >DNJ M<LH <LJHM >T MJ H NHR H <YWMJM W H RBJM >T MLK >CWR W >T KL KBWDW W <LH <L KL >PJQJW W HLK <L KL GDWTJW,,qal,perf,W <LH <L KL >PJQJW,,<L KL >PJQJW,<L KL/ >PJQ/,over all its channels,0.0,prep,topo,inanim,det,subs,complex,factive,<L,,,,,prep
130,214864,HLK[,MT,Isaiah,8,7,HLK,W LKN HNH >DNJ M<LH <LJHM >T MJ H NHR H <YWMJM W H RBJM >T MLK >CWR W >T KL KBWDW W <LH <L KL >PJQJW W HLK <L KL GDWTJW,,qal,perf,W HLK <L KL GDWTJW,,<L KL GDWTJW,<L KL/ GDJH/,over all its banks,0.0,prep,topo,inanim,det,subs,complex,factive,<L,,,,,prep
140,214926,HLK[,MT,Isaiah,8,11,LKT,KJ KH >MR JHWH >LJ K XZQT H JD W JSRNJ M LKT B DRK H <M H ZH L >MR,,qal,infc,M LKT B DRK H <M H ZH,,B DRK H <M H ZH,B DRK/ H <M/ H ZH,in the way of this people,0.0,prep,other,inanim,det,subs,complex,factive fictive,B,,,,,prep
144,215093,<BR[,MT,Isaiah,8,21,<BR,W <BR BH NQCH W R<B W HJH KJ JR<B W HTQYP W QLL B MLKW W B >LHJW W PNH L M<LH,,qal,perf,W <BR BH,,BH,B,in it,0.0,prep,prps,inanim,det,prsf,simple,factive,B,,,,,prep
145,215112,PNH[,MT,Isaiah,8,21,PNH,W <BR BH NQCH W R<B W HJH KJ JR<B W HTQYP W QLL B MLKW W B >LHJW W PNH L M<LH,,qal,perf,W PNH L M<LH,,L M<LH,L M<L/,upwards,1.0,prep + dir-he,dir,inanim,und,subs,simple,factive,L,,,,,prep
171,215567,NWS[,MT,Isaiah,10,3,TNWSW,W MH T<FW L JWM PQDH W L CW>H M MRXQ TBW> <L MJ TNWSW L <ZRH W >NH T<ZBW KBWDKM,,qal,impf,<L MJ TNWSW L <ZRH,,<L MJ,<L MJ,to whom,0.0,prep,ppin,anim,und,ppin,simple,factive,<L,,,,,prep
174,215581,NPL[,MT,Isaiah,10,4,JPLW,BLTJ KR< TXT >SJR W TXT HRWGJM JPLW B KL Z>T L> CB >PW W <WD JDW NVWJH,,qal,impf,W TXT HRWGJM JPLW,,TXT HRWGJM,TXT/ HRG[,instead of/among the ones being killed,0.0,prep,pers,anim,und,subs,simple,factive fictive,TXT,,,,,prep
182,215894,CWB[,MT,Isaiah,10,21,JCWB,C>R JCWB C>R J<QB >L >L GBWR,,qal,impf,C>R JCWB C>R J<QB >L >L GBWR,C>R C>R J<QB,>L >L GBWR,>L >L/ GBWR/,to the mighty god,0.0,prep,pers,anim,und,subs,complex,fictive,>L,,,,,prep
184,215910,CWB[,MT,Isaiah,10,22,JCWB,KJ >M JHJH <MK JFR>L K XWL H JM C>R JCWB BW KLJWN XRWY CWVP YDQH,,qal,impf,KJ C>R JCWB BW,C>R,BW,B,to him,0.0,prep,prps,anim,det,prsf,simple,fictive,B,,,,,prep
190,216009,BW>[,MT,Isaiah,10,28,B>,B> <L <JT <BR B MGRWN L MKMF JPQJD KLJW,,qal,perf,B> <L <JT,,<L <JT,<L <JT/,to Aiath,0.0,prep,topo,inanim,det,nmpr,simple,factive,<L,,,,,prep
191,216012,<BR[,MT,Isaiah,10,28,<BR,B> <L <JT <BR B MGRWN L MKMF JPQJD KLJW,,qal,perf,<BR B MGRWN,,B MGRWN,B MGRWN/,through Migron,0.0,prep,topo,inanim,det,nmpr,simple,factive,B,,,,,prep
194,216019,<BR[,MT,Isaiah,10,29,<BRW,<BRW M<BRH GB< MLWN LNW XRDH H RMH GB<T C>WL NSH,,qal,perf,<BRW M<BRH,,M<BRH,M<BRH/,(in) a pass,0.0,vc,topo,inanim,und,subs,simple,factive,,,,,,non-prep
204,216102,NWX[,MT,Isaiah,11,2,NXH,W NXH <LJW RWX JHWH RWX XKMH W BJNH RWX <YH W GBWRH RWX D<T W JR>T JHWH,,qal,perf,W NXH <LJW RWX JHWH RWX XKMH W BJNH RWX <YH W GBWRH RWX D<T W JR>T JHWH,RWX JHWH RWX XKMH W BJNH RWX <YH W GBWRH RWX D<T W JR>T JHWH,<LJW,<L,upon him,0.0,prep,prps,anim,det,prsf,simple,factive fictive,<L,,,,,prep
208,216346,<WP[,MT,Isaiah,11,14,<PW,W <PW B KTP PLCTJM JMH JXDW JBZW >T BNJ QDM >DWM W MW>B MCLWX JDM W BNJ <MWN MCM<TM,,qal,perf,W <PW B KTP PLCTJM JMH,,PLCTJM,PLCTJ/,towards the Philistines,0.0,vc,gens,anim,und,nmpr,simple,factive,,,,,,non-prep
214,216516,BW>[,MT,Isaiah,13,2,JB>W,<L HR NCPH F>W NS HRJMW QWL LHM HNJPW JD W JB>W PTXJ NDJBJM,,qal,impf,W JB>W PTXJ NDJBJM,,PTXJ NDJBJM,PTX/ NDJB/,the doors of the nobles,0.0,vc,obj,inanim,und,subs,complex,factive,,,,,,non-prep
237,216840,NWX[,MT,Isaiah,14,1,HNJXM,KJ JRXM JHWH >T J<QB W BXR <WD B JFR>L W HNJXM <L >DMTM W NLWH H GR <LJHM W NSPXW <L BJT J<QB,,hif,perf,W HNJXM <L >DMTM,,<L >DMTM,<L >DMH/,in their land,0.0,prep,topo,inanim,det,subs,complex,factive fictive,<L,,,,,prep
239,216857,BW>[,MT,Isaiah,14,2,HBJ>WM,W LQXWM <MJM W HBJ>WM >L MQWMM W HTNXLWM BJT JFR>L <L >DMT JHWH L <BDJM W L CPXWT W HJW CBJM L CBJHM W RDW B NGFJHM,,hif,perf,W HBJ>WM >L MQWMM,,>L MQWMM,>L MQWM/,to their place,0.0,prep,topo,inanim,det,subs,complex,factive,>L,,,,,prep
241,216885,NWX[,MT,Isaiah,14,3,HNJX,W HJH B JWM HNJX JHWH LK M <YBK W M RGZK W MN H <BDH H QCH >CR <BD BK,,hif,infc,HNJX JHWH LK M <YBK W M RGZK W MN H <BDH H QCH,JHWH,LK,L,to you,0.0,prep,prps,anim,det,prsf,simple,factive fictive,L,,,,,prep
245,216956,<LH[,MT,Isaiah,14,8,J<LH,GM BRWCJM FMXW LK >RZJ LBNWN M >Z CKBT L> J<LH H KRT <LJNW,,qal,impf,L> J<LH H KRT <LJNW,H KRT,<LJNW,<L,against us (the cedars),0.0,prep,prps,inanim,det,prsf,simple,factive,<L,,,,,prep
249,216991,JRD[,MT,Isaiah,14,11,HWRD,HWRD C>WL G>WNK HMJT NBLJK TXTJK JY< RMH W MKSJK TWL<H,,hof,perf,HWRD C>WL G>WNK HMJT NBLJK,G>WNK HMJT NBLJK,C>WL,C>WL/,to the underworld,0.0,vc,topo,inanim,und,subs,simple,fictive,,,,,,non-prep
253,217023,<LH[,MT,Isaiah,14,13,><LH,W >TH >MRT B LBBK H CMJM ><LH M M<L L KWKBJ >L >RJM KS>J W >CB B HR MW<D B JRKTJ YPWN,,qal,impf,H CMJM ><LH,,H CMJM,H CMJM/,the heavens,0.0,vc,topo,inanim,det,subs,simple,factive,,,,,,non-prep
255,217039,<LH[,MT,Isaiah,14,14,><LH,><LH <L BMTJ <B >DMH L <LJWN,,qal,impf,><LH <L BMTJ <B,,<L BMTJ <B,<L BMH/ <B/,above the heights of the cloud(s),0.0,prep,other,inanim,und,subs,complex,factive,<L,,,,,prep
257,217049,JRD[,MT,Isaiah,14,15,TWRD,>K >L C>WL TWRD >L JRKTJ BWR,,hof,impf,>K >L C>WL TWRD >L JRKTJ BWR,,>K >L C>WL >L JRKTJ BWR,>K >L C>WL/ >L JRKH/ BWR/,"but to the underworld, to the extremities of the pit",0.0,prep,topo,inanim,und,subs,complex,factive,>L,>L,,,,prep
259,217101,JRD[,MT,Isaiah,14,19,JWRDJ,W >TH HCLKT M QBRK K NYR NT<B LBWC HRGJM MV<NJ XRB JWRDJ >L >BNJ BWR K PGR MWBS,,qal,ptca,JWRDJ >L >BNJ BWR K PGR MWBS,,>L >BNJ BWR,>L >BN/ BWR/,to stones of the pit,0.0,prep,topo,inanim,und,subs,complex,factive,>L,,,,,prep
276,217340,<LH[,MT,Isaiah,15,2,<LH,<LH H BJT W DJBN H BMWT L BKJ <L NBW W <L MJDB> MW>B JJLJL B KL R>CJW QRXH KL ZQN GRW<H,,qal,perf,<LH H BJT,,H BJT,H BJT/,to the house/to the temple,0.0,vc,topo,inanim,det,subs,simple,factive,,,,,,non-prep
281,217409,<LH[,MT,Isaiah,15,5,J<LH,LBJ L MW>B JZ<Q BRJXH <D Y<R <GLT CLCJH KJ M<LH H LWXJT B BKJ J<LH BW KJ DRK XWRNJM Z<QT CBR J<<RW,,qal,impf,B BKJ J<LH BW,,BW,B,on him (the Luhith),0.0,prep,prps,inanim,det,prsf,simple,factive,B,,,,,prep
290,217594,T<H[,MT,Isaiah,16,8,T<W,KJ CDMWT XCBWN >MLL GPN FBMH B<LJ GWJM HLMW FRWQJH <D J<ZR NG<W T<W MDBR CLXWTJH NVCW <BRW JM,,qal,perf,T<W MDBR,,MDBR,MDBR/,to a desert,0.0,vc,topo,inanim,und,subs,simple,factive,,,,,,non-prep
297,217671,BW>[,MT,Isaiah,16,12,B>,W HJH KJ NR>H KJ NL>H MW>B <L H BMH W B> >L MQDCW L HTPLL W L> JWKL,,qal,perf,W B> >L MQDCW,,>L MQDCW,>L MQDC/,to his sanctuary,0.0,prep,topo,inanim,det,subs,complex,factive,>L,,,,,prep
305,217992,HLK[,MT,Isaiah,18,2,LKW,H CLX B JM YJRJM W B KLJ GM> <L PNJ MJM LKW ML>KJM QLJM >L GWJ MMCK W MWRV >L <M NWR> MN HW> W HL>H GWJ QW QW W MBWSH >CR BZ>W NHRJM >RYW,,qal,impv,LKW >L GWJ MMCK W MWRV,,>L GWJ MMCK W MWRV,>L GWJ/ MCK[ W MRV[,to a nation tall and smooth,0.0,prep,gens,anim,und,subs,complex,factive,>L,,,,,prep
309,218147,BW>[,MT,Isaiah,19,1,B>,MF> MYRJM HNH JHWH RKB <L <B QL W B> MYRJM W N<W >LJLJ MYRJM M PNJW W LBB MYRJM JMS B QRBW,,qal,perf,W B> MYRJM,,MYRJM,MYRJM/,to Egypt,0.0,vc,topo,inanim,det,nmpr,simple,factive,,,,,,non-prep
321,218530,CWB[,MT,Isaiah,19,22,CBW,W NGP JHWH >T MYRJM NGP W RPW> W CBW <D JHWH W N<TR LHM W RP>M,,qal,perf,W CBW <D JHWH,,<D JHWH,<D JHWH/,to Yahweh,0.0,prep,pers,anim,det,nmpr,simple,factive fictive,<D,,,,,prep
324,218549,BW>[,MT,Isaiah,19,23,B>,B JWM H HW> THJH MSLH M MYRJM >CWRH W B> >CWR B MYRJM W MYRJM B >CWR W <BDW MYRJM >T >CWR,,qal,perf,W B> >CWR B MYRJM,>CWR,B MYRJM,B MYRJM/,to Egypt,0.0,prep,topo,inanim,det,nmpr,simple,factive,B,,,,,prep
327,218598,BW>[,MT,Isaiah,20,1,B>,B CNT B> TRTN >CDWDH B CLX >TW SRGWN MLK >CWR W JLXM B >CDWD W JLKDH,,qal,infc,B> TRTN >CDWDH,TRTN,>CDWDH,>CDWD/,to Ashdod,1.0,dir-he,topo,inanim,det,nmpr,simple,factive,,,,,,non-prep
337,218718,NWS[,MT,Isaiah,20,6,NSNW,W >MR JCB H >J H ZH B JWM H HW> HNH KH MBVNW >CR NSNW CM L <ZRH L HNYL M PNJ MLK >CWR W >JK NMLV >NXNW,,qal,perf,>CR NSNW CM L <ZRH,,CM,CM,there,0.0,vc,adv,inanim,det,adv,simple,factive,,,,,,non-prep
362,218991,<LH[,MT,Isaiah,22,1,<LJT,MF> GJ> XZJWN MH LK >PW> KJ <LJT KLK L GGWT,,qal,perf,KJ <LJT KLK L GGWT,KLK,L GGWT,L H GG/,to the rooftops,0.0,prep,obj,inanim,det,subs,simple,factive,L,,,,,prep
371,219224,BW>[,MT,Isaiah,22,15,B>,KH >MR >DNJ JHWH YB>WT LK B> >L H SKN H ZH <L CBN> >CR <L H BJT,,qal,impv,B> >L H SKN H ZH <L CBN>,,>L H SKN H ZH <L CBN>,>L H SKN[ H ZH <L CBN>/,"to this steward, to Shebna",0.0,prep,pers,anim,det,subs,complex,factive,>L,<L,,,,prep
384,219429,GLH[,MT,Isaiah,23,1,NGLH,MF> YR HJLJLW >NJWT TRCJC KJ CDD M BJT M BW> M >RY KTJM NGLH LMW,,nif,perf,NGLH LMW,,LMW,L,to them,0.0,prep,prps,anim,det,prsf,simple,factive fictive,L,,,,,prep
391,219482,<BR[,MT,Isaiah,23,6,<BRW,<BRW TRCJCH HJLJLW JCBJ >J,,qal,impv,<BRW TRCJCH,,TRCJCH,TRCJC=/,to Tarshish,1.0,dir-he,topo,inanim,det,nmpr,simple,factive,,,,,,non-prep
393,219527,<BR[,MT,Isaiah,23,10,<BRJ,<BRJ >RYK K J>R BT TRCJC >JN MZX <WD,,qal,impv,<BRJ >RYK K J>R,,>RYK,>RY/,to your land,0.0,vc,topo,inanim,det,subs,complex,factive,,,,,,non-prep
394,219565,<BR[,MT,Isaiah,23,12,<BRJ,W J>MR L> TWSJPJ <WD L <LWZ H M<CQH BTWLT BT YJDWN KTJJM QWMJ <BRJ GM CM L> JNWX LK,,qal,impv,KTJJM <BRJ,,KTJJM,KTJ/,to Cyprus,0.0,vc,topo,inanim,und,subs,simple,factive,,,,,KTJ/ not a proper noun (BH),non-prep
400,219646,CWB[,MT,Isaiah,23,17,CBH,W HJH M QY CB<JM CNH JPQD JHWH >T YR W CBH L >TNNH W ZNTH >T KL MMLKWT H >RY <L PNJ H >DMH,,qal,perf,W CBH L >TNNH,,L >TNNH,L >TNN/,to her wages,0.0,prep,occ,inanim,det,subs,complex,factive fictive,L,,,,,prep
411,219943,NPL[,MT,Isaiah,24,18,JPL,W HJH H NS M QWL H PXD JPL >L H PXT W H <WLH M TWK H PXT JLKD B PX KJ >RBWT M MRWM NPTXW W JR<CW MWSDJ >RY,,qal,impf,JPL >L H PXT,,>L H PXT,>L H PXT/,into the pit,0.0,prep,topo,inanim,det,subs,simple,factive,>L,,,,,prep
425,220237,NWX[,MT,Isaiah,25,10,TNWX,KJ TNWX JD JHWH B HR H ZH W NDWC MW>B TXTJW K HDWC MTBN BMJ MDMNH,,qal,impf,KJ TNWX JD JHWH B HR H ZH,JD JHWH,B HR H ZH,B H HR/ H ZH,on this mountain,0.0,prep,topo,inanim,det,subs,complex,factive fictive,B,,,,,prep
436,220526,BW>[,MT,Isaiah,26,20,B>,LK <MJ B> B XDRJK W SGR DLTJK B<DK XBJ K M<V RG< <D J<BWR Z<M,,qal,impv,B> B XDRJK,,B XDRJK,B XDR/,in your chambers,0.0,prep,topo,inanim,det,subs,complex,factive,B,,,,,prep
447,220632,PF<[,MT,Isaiah,27,4,>PF<H,XMH >JN LJ MJ JTNNJ CMJR CJT B MLXMH >PF<H BH >YJTNH JXD,,qal,impf,B MLXMH >PF<H BH,,BH,B,against her,0.0,prep,prps,inanim,det,prsf,simple,factive fictive,B,,,,,prep
458,220841,NWX[,MT,Isaiah,28,2,HNJX,HNH XZQ W >MY L >DNJ K ZRM BRD F<R QVB K ZRM MJM KBJRJM CVPJM HNJX L >RY B JD,,hif,perf,K ZRM BRD F<R QVB K ZRM MJM KBJRJM CVPJM HNJX L >RY B JD,,L >RY,L H >RY/,to the earth,0.0,prep,topo,inanim,det,subs,simple,factive,L,,,,,prep
467,221007,NWX[,MT,Isaiah,28,12,HNJXW,>CR >MR >LJHM Z>T H MNWXH HNJXW L <JP W Z>T H MRG<H W L> >BW> CMW<,,hif,impv,HNJXW L <JP,,L <JP,L H <JP/,to the weary,0.0,prep,gens,anim,det,adj,simple,factive fictive,L,,,,,prep
498,221291,SBB[,MT,Isaiah,28,27,JWSB,KJ L> B XRWY JWDC QYX W >WPN <GLH <L KMN JWSB KJ B MVH JXBV QYX W KMN B CBV,,hof,impf,W >WPN <GLH <L KMN JWSB,>WPN <GLH,<L KMN,<L KMN/,over cummin,0.0,prep,obj,inanim,und,subs,simple,factive,<L,,,,,prep
507,221673,CWB[,MT,Isaiah,29,17,CB,H LW> <WD M<V MZ<R W CB LBNWN L KRML W H KRML L J<R JXCB,,qal,perf,W CB LBNWN L KRML,LBNWN,L KRML,L H KRML/,into the plantation,0.0,prep,obj,inanim,det,subs,simple,fictive,L,,,,,prep
511,221822,JRD[,MT,Isaiah,30,2,RDT,H HLKJM L RDT MYRJM W PJ L> C>LW L <WZ B M<WZ PR<H W L XSWT B YL MYRJM,,qal,infc,L RDT MYRJM,,MYRJM,MYRJM/,to Egypt,0.0,vc,topo,inanim,det,nmpr,simple,factive,,,,,,non-prep
512,221829,<WZ[,MT,Isaiah,30,2,<WZ,H HLKJM L RDT MYRJM W PJ L> C>LW L <WZ B M<WZ PR<H W L XSWT B YL MYRJM,,qal,infa,L <WZ B M<WZ PR<H,,B M<WZ PR<H,B M<WZ/ PR<H/,under the protection of Pharaoh,0.0,prep,abs,inanim,det,subs,complex,factive fictive,B,,,,,prep
513,221835,XSH[,MT,Isaiah,30,2,XSWT,H HLKJM L RDT MYRJM W PJ L> C>LW L <WZ B M<WZ PR<H W L XSWT B YL MYRJM,,qal,infc,W L XSWT B YL MYRJM,,B YL MYRJM,B YL/ MYRJM/,in the shadow of Egypt,0.0,prep,abs,inanim,det,subs,complex,factive fictive,B,,,,,prep
538,222193,HLK[,MT,Isaiah,30,21,LKW,W >ZNJK TCM<NH DBR M >XRJK L >MR ZH H DRK LKW BW KJ T>MJNW W KJ TFM>JLW,,qal,impv,LKW BW,,BW,B,in it (the way),0.0,prep,prps,inanim,det,prsf,simple,factive,B,,,,,prep
549,222375,BW>[,MT,Isaiah,30,29,BW>,H CJR JHJH LKM K LJL HTQDC XG W FMXT LBB K HWLK B XLJL L BW> B HR JHWH >L YWR JFR>L,,qal,infc,L BW> B HR JHWH >L YWR JFR>L,,>L YWR JFR>L,>L YWR/ JFR>L/,the rock of Israel,0.0,prep,topo,inanim,det,subs,complex,factive,>L,,,,,prep
553,222422,NWX[,MT,Isaiah,30,32,JNJX,W HJH KL M<BR MVH MWSDH >CR JNJX JHWH <LJW B TPJM W B KNRWT W B MLXMWT TNWPH NLXM BH,,hif,impf,>CR JNJX JHWH <LJW,JHWH,<LJW,<L,on him,0.0,prep,prps,anim,det,prsf,simple,factive,<L,,,,,prep
555,222463,JRD[,MT,Isaiah,31,1,JRDJM,HWJ H JRDJM MYRJM L <ZRH <L SWSJM JC<NW W JBVXW <L RKB KJ RB W <L PRCJM KJ <YMW M>D W L> C<W <L QDWC JFR>L W >T JHWH L> DRCW,,qal,ptca,H JRDJM MYRJM L <ZRH,,MYRJM,MYRJM/,to Egypt,0.0,vc,topo,inanim,det,nmpr,simple,factive,,,,,,non-prep
586,222995,CQQ[,MT,Isaiah,33,4,CWQQ,W >SP CLLKM >SP H XSJL K MCQ GBJM CWQQ BW,,qal,ptca,K MCQ GBJM CWQQ BW,,BW,B,on it (your spoil),0.0,prep,prps,inanim,det,prsf,simple,factive,B,,,,,prep
594,223214,HLK[,MT,Isaiah,33,21,TLK,KJ >M CM >DJR JHWH LNW MQWM NHRJM J>RJM RXBJ JDJM BL TLK BW >NJ CJV W YJ >DJR L> J<BRNW,,qal,impf,BL TLK BW >NJ CJV,>NJ CJV,BW,B,in it (a place),0.0,prep,prps,inanim,det,prsf,simple,factive,B,,,,,prep
605,223343,JRD[,MT,Isaiah,34,5,TRD,KJ RWTH B CMJM XRBJ HNH <L >DWM TRD W <L <M XRMJ L MCPV,,qal,impf,HNH <L >DWM TRD,,<L >DWM,<L >DWM/,upon Edom,0.0,prep,topo,inanim,det,nmpr,simple,factive fictive,<L,,,,,prep
609,223440,<BR[,MT,Isaiah,34,10,<BR,LJLH W JWMM L> TKBH L <WLM J<LH <CNH M DWR L DWR TXRB L NYX NYXJM >JN <BR BH,,qal,ptca,L NYX NYXJM >JN <BR BH,,BH,B,through it (Edom),0.0,prep,prps,inanim,det,prsf,simple,factive,B,,,,,prep
639,223722,BW>[,MT,Isaiah,35,10,B>W,W PDWJJ JHWH JCBWN W B>W YJWN B RNH W FMXT <WLM <L R>CM FFWN W FMXH JFJGW W NSW JGWN W >NXH,,qal,perf,W B>W YJWN B RNH,,YJWN,YJWN==/,to Zion,0.0,vc,topo,inanim,det,nmpr,simple,factive,,,,,,non-prep
645,223750,<LH[,MT,Isaiah,36,1,<LH,W JHJ B >RB< <FRH CNH L MLK XZQJHW <LH SNXRJB MLK >CWR <L KL <RJ JHWDH H BYRWT W JTPFM,,qal,perf,<LH SNXRJB MLK >CWR <L KL <RJ JHWDH H BYRWT,SNXRJB MLK >CWR,<L KL <RJ JHWDH H BYRWT,<L KL/ <JR/ JHWDH/ H BYWR/,against all the fortified cities of Judah,0.0,prep,topo,inanim,det,subs,complex,factive,<L,,,,,prep
647,223791,JY>[,MT,Isaiah,36,3,JY>,W JY> >LJW >LJQJM BN XLQJHW >CR <L H BJT W CBN> H SPR W JW>X BN >SP H MZKJR,,qal,wayq,W JY> >LJW >LJQJM BN XLQJHW W CBN> H SPR W JW>X BN >SP H MZKJR,>LJQJM BN XLQJHW W CBN> H SPR W JW>X BN >SP H MZKJR,>LJW,>L,to him,0.0,prep,prps,anim,det,prsf,simple,factive,>L,,,,,prep
649,223867,BW>[,MT,Isaiah,36,6,B>,HNH BVXT <L MC<NT H QNH H RYWY H ZH <L MYRJM >CR JSMK >JC <LJW W B> B KPW W NQBH KN PR<H MLK MYRJM L KL H BVXJM <LJW,,qal,perf,W B> B KPW,,B KPW,B KP/,in his hand,0.0,prep,bopa,inanim,det,subs,complex,factive,B,,,,,prep
655,223962,<LH[,MT,Isaiah,36,10,<LJTJ,W <TH H M BL<DJ JHWH <LJTJ <L H >RY H Z>T L HCXJTH JHWH >MR >LJ <LH >L H >RY H Z>T W HCXJTH,,qal,perf,H M BL<DJ JHWH <LJTJ <L H >RY H Z>T,,<L H >RY H Z>T,<L H >RY/ H Z>T,against this land,0.0,prep,topo,inanim,det,subs,complex,factive,<L,,,,,prep
656,223973,<LH[,MT,Isaiah,36,10,<LH,W <TH H M BL<DJ JHWH <LJTJ <L H >RY H Z>T L HCXJTH JHWH >MR >LJ <LH >L H >RY H Z>T W HCXJTH,,qal,impv,<LH >L H >RY H Z>T,,>L H >RY H Z>T,>L H >RY/ H Z>T,against this land,0.0,prep,topo,inanim,det,subs,complex,factive,>L,,,,,prep
659,224119,JY>[,MT,Isaiah,36,16,Y>W,>L TCM<W >L XZQJHW KJ KH >MR H MLK >CWR <FW >TJ BRKH W Y>W >LJ W >KLW >JC GPNW W >JC T>NTW W CTW >JC MJ BWRW,,qal,impv,W Y>W >LJ,,>LJ,>L,to me,0.0,prep,prps,anim,det,prsf,simple,factive,>L,,,,,prep
663,224223,BW>[,MT,Isaiah,36,22,JB>,W JB> >LJQJM BN XLQJHW >CR <L H BJT W CBN> H SWPR W JW>X BN >SP H MZKJR >L XZQJHW QRW<J BGDJM W JGJDW LW >T DBRJ RB CQH,,qal,wayq,W JB> >LJQJM BN XLQJHW W CBN> H SWPR W JW>X BN >SP H MZKJR >L XZQJHW QRW<J BGDJM,>LJQJM BN XLQJHW W CBN> H SWPR W JW>X BN >SP H MZKJR,>L XZQJHW,>L XZQJHW/,To Hezekiah,0.0,prep,pers,anim,det,nmpr,simple,factive,>L,,,,,prep
665,224268,BW>[,MT,Isaiah,37,1,JB>,W JHJ K CM< H MLK XZQJHW W JQR< >T BGDJW W JTKS B FQ W JB> BJT JHWH,,qal,wayq,W JB> BJT JHWH,,BJT JHWH,BJT/ JHWH/,into the house of Yahweh,0.0,vc,topo,inanim,det,subs,complex,factive,,,,,,non-prep
667,224316,BW>[,MT,Isaiah,37,3,B>W,W J>MRW >LJW KH >MR XZQJHW JWM YRH W TWKXH W N>YH H JWM H ZH KJ B>W BNJM <D MCBR W KX >JN L LDH,,qal,perf,KJ B>W BNJM <D MCBR,BNJM,<D MCBR,<D MCBR=/,to birth,0.0,prep,other,inanim,und,subs,simple,factive,<D,,,,,prep
669,224359,BW>[,MT,Isaiah,37,5,JB>W,W JB>W <BDJ H MLK XZQJHW >L JC<JHW,,qal,wayq,W JB>W <BDJ H MLK XZQJHW >L JC<JHW,<BDJ H MLK XZQJHW,>L JC<JHW,>L JC<JHW/,to Isaiah,0.0,prep,pers,anim,det,nmpr,simple,factive,>L,,,,,prep
671,224399,CWB[,MT,Isaiah,37,7,CB,HNNJ NWTN BW RWX W CM< CMW<H W CB >L >RYW W HPLTJW B XRB B >RYW,,qal,perf,W CB >L >RYW,,>L >RYW,>L >RY/,to his land,0.0,prep,topo,inanim,det,subs,complex,factive,>L,,,,,prep
687,224537,<LH[,MT,Isaiah,37,14,J<L,W JQX XZQJHW >T H SPRJM M JD H ML>KJM W JQR>HW W J<L BJT JHWH W JPRFHW XZQJHW L PNJ JHWH,,qal,wayq,W J<L BJT JHWH,,BJT JHWH,BJT/ JHWH/,to the house of Yahweh,0.0,vc,topo,inanim,det,subs,complex,factive,,,,,,non-prep
689,224721,<LH[,MT,Isaiah,37,24,<LJTJ,B JD <BDJK XRPT >DNJ W T>MR B RB RKBJ >NJ <LJTJ MRWM HRJM JRKTJ LBNWN W >KRT QWMT >RZJW MBXR BRCJW W >BW> MRWM QYW J<R KRMLW,,qal,perf,B RB RKBJ >NJ <LJTJ MRWM HRJM JRKTJ LBNWN,>NJ,MRWM HRJM JRKTJ LBNWN,MRWM/ HR/ JRKH/ LBNWN/,"to the heights of the mountains, to the remote parts of Lebanon",0.0,vc,topo,inanim,und,subs,complex,factive,,,,,,non-prep
690,224733,BW>[,MT,Isaiah,37,24,>BW>,B JD <BDJK XRPT >DNJ W T>MR B RB RKBJ >NJ <LJTJ MRWM HRJM JRKTJ LBNWN W >KRT QWMT >RZJW MBXR BRCJW W >BW> MRWM QYW J<R KRMLW,,qal,impf,W >BW> MRWM QYW J<R KRMLW,,MRWM QYW J<R KRMLW,MRWM/ QY/ J<R/ KRML/,"to its remotest heights, its garden-like forest",0.0,vc,topo,inanim,det,subs,complex,factive,,,,,,non-prep
699,224810,<LH[,MT,Isaiah,37,29,<LH,J<N HTRGZK >LJ W C>NNK <LH B >ZNJ W FMTJ XXJ B >PK W MTGJ B FPTJK W HCJBTJK B DRK >CR B>T BH,,qal,perf,W C>NNK <LH B >ZNJ,C>NNK,B >ZNJ,B >ZN/,in my two ears,0.0,prep,bopa,inanim,det,subs,complex,fictive,B,,,,,prep
707,224899,BW>[,MT,Isaiah,37,33,JBW>,LKN KH >MR JHWH >L MLK >CWR L> JBW> >L H <JR H Z>T W L> JWRH CM XY W L> JQDMNH MGN W L> JCPK <LJH SLLH,,qal,impf,L> JBW> >L H <JR H Z>T,,>L H <JR H Z>T,>L H <JR/ H Z>T,into this city,0.0,prep,topo,inanim,det,subs,complex,factive,>L,,,,,prep
709,224933,BW>[,MT,Isaiah,37,34,JBW>,B DRK >CR B> BH JCWB W >L H <JR H Z>T L> JBW> N>M JHWH,,qal,impf,W >L H <JR H Z>T L> JBW>,,>L H <JR H Z>T,>L H <JR/ H Z>T,into this city,0.0,prep,topo,inanim,det,subs,complex,factive,>L,,,,,prep
723,225024,BW>[,MT,Isaiah,38,1,JBW>,B JMJM H HM XLH XZQJHW L MWT W JBW> >LJW JC<JHW BN >MWY H NBJ> W J>MR >LJW KH >MR JHWH YW L BJTK KJ MT >TH W L> TXJH,,qal,wayq,W JBW> >LJW JC<JHW BN >MWY H NBJ>,JC<JHW BN >MWY H NBJ>,>LJW,>L,to him,0.0,prep,prps,anim,det,prsf,simple,factive,>L,,,,,prep
725,225047,SBB[,MT,Isaiah,38,2,JSB,W JSB XZQJHW PNJW >L H QJR W JTPLL >L JHWH,,hif,wayq,W JSB XZQJHW PNJW >L H QJR,XZQJHW,>L H QJR,>L H QJR/,to/toward the wall,0.0,prep,obj,inanim,det,subs,simple,factive fictive,>L,,,,non horizontal motion,prep
749,225377,<LH[,MT,Isaiah,38,22,><LH,W J>MR XZQJHW MH >WT KJ ><LH BJT JHWH,,qal,impf,KJ ><LH BJT JHWH,,BJT JHWH,BJT/ JHWH/,to the house of Yahweh,0.0,vc,topo,inanim,det,subs,complex,factive,,,,,,non-prep
752,225454,BW>[,MT,Isaiah,39,3,JB>,W JB> JC<JHW H NBJ> >L H MLK XZQJHW W J>MR >LJW MH >MRW H >NCJM H >LH W M >JN JB>W >LJK W J>MR XZQJHW M >RY RXWQH B>W >LJ M BBL,,qal,wayq,W JB> JC<JHW H NBJ> >L H MLK XZQJHW,JC<JHW H NBJ>,>L H MLK XZQJHW,>L H MLK/ XZQJHW/,to king Hezekiah,0.0,prep,pers,anim,det,subs,complex,factive,>L,,,,,prep
754,225474,BW>[,MT,Isaiah,39,3,JB>W,W JB> JC<JHW H NBJ> >L H MLK XZQJHW W J>MR >LJW MH >MRW H >NCJM H >LH W M >JN JB>W >LJK W J>MR XZQJHW M >RY RXWQH B>W >LJ M BBL,,qal,impf,W M >JN JB>W >LJK,,>LJK,>L,to you,0.0,prep,prps,anim,det,prsf,simple,factive,>L,,,,,prep
756,225482,BW>[,MT,Isaiah,39,3,B>W,W JB> JC<JHW H NBJ> >L H MLK XZQJHW W J>MR >LJW MH >MRW H >NCJM H >LH W M >JN JB>W >LJK W J>MR XZQJHW M >RY RXWQH B>W >LJ M BBL,,qal,perf,M >RY RXWQH B>W >LJ M BBL,,>LJ,>L,to me,0.0,prep,prps,anim,det,prsf,simple,factive,>L,,,,,prep
780,225696,<LH[,MT,Isaiah,40,9,<LJ,<L HR GBH <LJ LK MBFRT YJWN HRJMJ B KX QWLK MBFRT JRWCLM HRJMJ >L TJR>J >MRJ L <RJ JHWDH HNH >LHJKM,,qal,impv,<L HR GBH <LJ LK,,<L HR GBH,<L HR/ GBH/,to a high mountain,0.0,prep,topo,inanim,und,subs,complex,factive,<L,,,,,prep
835,226545,JY>[,MT,Isaiah,42,1,JWYJ>,HN <BDJ >TMK BW BXJRJ RYTH NPCJ NTTJ RWXJ <LJW MCPV L GWJM JWYJ>,,hif,impf,MCPV L GWJM JWYJ>,,L GWJM,L H GWJ/,to the nations,0.0,prep,gens,anim,det,subs,simple,fictive,L,,,,he will bring -justice- to the nations-fictive-justice abstract,prep
841,226612,HLK[,MT,Isaiah,42,5,HLKJM,KH >MR H >L JHWH BWR> H CMJM W NWVJHM RQ< H >RY W Y>Y>JH NTN NCMH L <M <LJH W RWX L HLKJM BH,,qal,ptca,L HLKJM BH,,BH,B,on it (the earth),0.0,prep,prps,inanim,det,prsf,simple,factive,B,,,,,prep
851,226764,HLK[,MT,Isaiah,42,16,HWLKTJ,W HWLKTJ <WRJM B DRK L> JD<W B NTJBWT L> JD<W >DRJKM >FJM MXCK L PNJHM L >WR W M<QCJM L MJCWR >LH H DBRJM <FJTM W L> <ZBTJM,,hif,perf,W HWLKTJ <WRJM B DRK,,B DRK,B DRK/,in a way/in a path,0.0,prep,other,inanim,und,subs,simple,factive fictive,B,,,,,prep
857,226959,<BR[,MT,Isaiah,43,2,T<BR,KJ T<BR B MJM >TK >NJ W B NHRWT L> JCVPWK KJ TLK BMW >C L> TKWH W LHBH L> TB<R BK,,qal,impf,KJ T<BR B MJM,,B MJM,B H MJM/,in the waters,0.0,prep,topo,inanim,det,subs,simple,factive,B,,,,,prep
858,226972,HLK[,MT,Isaiah,43,2,TLK,KJ T<BR B MJM >TK >NJ W B NHRWT L> JCVPWK KJ TLK BMW >C L> TKWH W LHBH L> TB<R BK,,qal,impf,KJ TLK BMW >C,,BMW >C,BMW >C/,in fire,0.0,prep,phen,inanim,und,subs,simple,factive,BMW,,,,,prep
882,227276,BW>[,MT,Isaiah,43,23,HBJ>T,L> HBJ>T LJ FH <LTJK W ZBXJK L> KBDTNJ L> H<BDTJK B MNXH W L> HWG<TJK B LBWNH,,hif,perf,L> HBJ>T LJ FH <LTJK,,LJ,L,to me,0.0,prep,prps,anim,det,prsf,simple,factive,L,,,,,prep
893,227689,CWB[,MT,Isaiah,44,19,JCJB,W L> JCJB >L LBW W L> D<T W L> TBWNH L >MR XYJW FRPTJ BMW >C W >P >PJTJ <L GXLJW LXM >YLH BFR W >KL W JTRW L TW<BH ><FH L BWL <Y >SGWD,,hif,impf,W L> JCJB >L LBW,,>L LBW,>L LB/,to his heart/soul,0.0,prep,abs,inanim,det,subs,complex,fictive,>L,,,,to turn to one-s soul/heart-fictive,prep
895,227766,CWB[,MT,Isaiah,44,22,CWBH,MXJTJ K <B PC<JK W K <NN XV>WTJK CWBH >LJ KJ G>LTJK,,qal,impv,CWBH >LJ,,>LJ,>L,to me,0.0,prep,prps,anim,det,prsf,simple,factive fictive,>L,,,,,prep
898,227821,CWB[,MT,Isaiah,44,25,MCJB,MPR >TWT BDJM W QSMJM JHWLL MCJB XKMJM >XWR W D<TM JFKL,,hif,ptca,MCJB XKMJM >XWR,,>XWR,>XWR/,backwards,0.0,vc,dir,inanim,und,subs,simple,fictive,,,,,fictive-the liars who turn wise men backwards-as in creates a change in their intellect,non-prep
907,228114,<BR[,MT,Isaiah,45,14,J<BRW,KH >MR JHWH JGJ< MYRJM W SXR KWC W SB>JM >NCJ MDH <LJK J<BRW W LK JHJW >XRJK JLKW B ZQJM J<BRW W >LJK JCTXWW >LJK JTPLLW >K BK >L W >JN <WD >PS >LHJM,,qal,impf,JGJ< MYRJM W SXR KWC W SB>JM >NCJ MDH <LJK J<BRW,JGJ< MYRJM W SXR KWC W SB>JM >NCJ MDH,<LJK,<L,over you,0.0,prep,prps,anim,det,prsf,simple,factive fictive,<L,,,,,prep
908,228119,HLK[,MT,Isaiah,45,14,JLKW,KH >MR JHWH JGJ< MYRJM W SXR KWC W SB>JM >NCJ MDH <LJK J<BRW W LK JHJW >XRJK JLKW B ZQJM J<BRW W >LJK JCTXWW >LJK JTPLLW >K BK >L W >JN <WD >PS >LHJM,,qal,impf,>XRJK JLKW,,>XRJK,>XR/,from your behind/from behind you,0.0,vc,dir,inanim,det,subs,complex,factive,,,,,,non-prep
922,228271,PNH[,MT,Isaiah,45,22,PNW,PNW >LJ W HWC<W KL >PSJ >RY KJ >NJ >L W >JN <WD,,qal,impv,PNW >LJ,,>LJ,>L,to me,0.0,prep,prps,anim,det,prsf,simple,factive fictive,>L,,,,turn to me (God) and be saved - no horizontal motion?,prep
928,228311,BW>[,MT,Isaiah,45,24,JBW>,>K B JHWH LJ >MR YDQWT W <Z <DJW JBW> W JBCW KL H NXRJM BW,,qal,impf,<DJW JBW>,,<DJW,<D,to him,0.0,prep,prps,anim,det,prsf,simple,factive,<D,,,,,prep
930,228356,HLK[,MT,Isaiah,46,2,HLKH,QRSW KR<W JXDW L> JKLW MLV MF> W NPCM B CBJ HLKH,,qal,perf,W NPCM B CBJ HLKH,NPCM,B CBJ,B H CBJ/,in captivity,0.0,prep,abs,inanim,det,subs,simple,fictive,B,,,,,prep
938,228449,CWB[,MT,Isaiah,46,8,HCJBW,ZKRW Z>T W HT>CCW HCJBW PWC<JM <L LB,,hif,impv,HCJBW <L LB,,<L LB,<L LB/,to the heart/to the mind,0.0,prep,abs,inanim,und,subs,simple,fictive,<L,,,,,prep
965,228652,BW>[,MT,Isaiah,47,9,TB>NH,W TB>NH LK CTJ >LH RG< B JWM >XD CKWL W >LMN K TMM B>W <LJK B RB KCPJK B <YMT XBRJK M>D,,qal,impf,W TB>NH LK CTJ >LH RG< B JWM >XD CKWL W >LMN,CTJ >LH CKWL W >LMN,LK,L,to you,0.0,prep,prps,anim,det,prsf,simple,fictive,L,,,,,prep
966,228665,BW>[,MT,Isaiah,47,9,B>W,W TB>NH LK CTJ >LH RG< B JWM >XD CKWL W >LMN K TMM B>W <LJK B RB KCPJK B <YMT XBRJK M>D,,qal,perf,K TMM B>W <LJK B RB KCPJK B <YMT XBRJK M>D,,<LJK,<L,upon you,0.0,prep,prps,anim,det,prsf,simple,fictive,<L,,,,,prep
974,228695,BW>[,MT,Isaiah,47,11,B>,W B> <LJK R<H L> TD<J CXRH W TPL <LJK HWH L> TWKLJ KPRH W TB> <LJK PT>M CW>H L> TD<J,,qal,perf,W B> <LJK R<H,R<H,<LJK,<L,upon you,0.0,prep,prps,anim,det,prsf,simple,fictive,<L,,,,disasters/evils will come upon you,prep
975,228702,NPL[,MT,Isaiah,47,11,TPL,W B> <LJK R<H L> TD<J CXRH W TPL <LJK HWH L> TWKLJ KPRH W TB> <LJK PT>M CW>H L> TD<J,,qal,impf,W TPL <LJK HWH,HWH,<LJK,<L,upon you,0.0,prep,prps,anim,det,prsf,simple,fictive,<L,,,,abstract subject,prep
976,228709,BW>[,MT,Isaiah,47,11,TB>,W B> <LJK R<H L> TD<J CXRH W TPL <LJK HWH L> TWKLJ KPRH W TB> <LJK PT>M CW>H L> TD<J,,qal,impf,W TB> <LJK PT>M CW>H,CW>H,<LJK,<L,upon you,0.0,prep,prps,anim,det,prsf,simple,fictive,<L,,,,"ravage/desolation as subject, fictive",prep
983,228754,BW>[,MT,Isaiah,47,13,JB>W,NL>JT B RB <YTJK J<MDW N> W JWCJ<K HBRW CMJM H XZJM B KWKBJM MWDJ<M L XDCJM M >CR JB>W <LJK,,qal,impf,M >CR JB>W <LJK,,<LJK,<L,upon you,0.0,prep,prps,anim,det,prsf,simple,fictive,<L,,,,,prep
998,229023,QRB[,MT,Isaiah,48,16,QRBW,QRBW >LJ CM<W Z>T L> M R>C B STR DBRTJ M <T HJWTH CM >NJ W <TH >DNJ JHWH CLXNJ W RWXW,,qal,impv,QRBW >LJ,,>LJ,>L,to me,0.0,prep,prps,anim,det,prsf,simple,factive,>L,,,,,prep
1005,229110,JY>[,MT,Isaiah,48,20,HWYJ>WH,Y>W M BBL BRXW M KFDJM B QWL RNH HGJDW HCMJ<W Z>T HWYJ>WH <D QYH H >RY >MRW G>L JHWH <BDW J<QB,,hif,impv,HWYJ>WH <D QYH H >RY,,<D QYH H >RY,<D QYH=/ H >RY/,to the end of the earth,0.0,prep,topo,inanim,det,subs,complex,fictive,<D,,,,"fictive-bring words, news",prep
1014,229219,CWB[,MT,Isaiah,49,5,CWBB,W <TH >MR JHWH JYRJ M BVN L <BD LW L CWBB J<QB >LJW W JFR>L L> J>SP W >KBD B <JNJ JHWH W >LHJ HJH <ZJ,,piel,infc,L CWBB J<QB >LJW,,>LJW,>L,to him,0.0,prep,prps,anim,det,prsf,simple,factive fictive,>L,,,,,prep
1034,229446,BW>[,MT,Isaiah,49,18,B>W,F>J SBJB <JNJK W R>J KLM NQBYW B>W LK XJ >NJ N>M JHWH KJ KLM K <DJ TLBCJ W TQCRJM K KLH,,qal,perf,B>W LK,,LK,L,to you,0.0,prep,prps,anim,det,prsf,simple,factive,L,,,,,prep
1044,229785,NGC[,MT,Isaiah,50,8,JGC,QRWB MYDJQJ MJ JRJB >TJ N<MDH JXD MJ B<L MCPVJ JGC >LJ,,qal,impf,JGC >LJ,,>LJ,>L,(to) me,0.0,prep,prps,anim,det,prsf,simple,factive,>L,,,,,prep
1062,230059,BW>[,MT,Isaiah,51,11,B>W,W PDWJJ JHWH JCWBWN W B>W YJWN B RNH W FMXT <WLM <L R>CM FFWN W FMXH JFJGWN NSW JGWN W >NXH,,qal,perf,W B>W YJWN B RNH,,YJWN,YJWN==/,to Zion,0.0,vc,topo,inanim,det,nmpr,simple,factive,,,,,,non-prep
1076,230320,BW>[,MT,Isaiah,52,1,JB>,<WRJ <WRJ LBCJ <ZK YJWN LBCJ BGDJ TP>RTK JRWCLM <JR H QDC KJ L> JWSJP JB> BK <WD <RL W VM>,,qal,impf,JB> BK <WD <RL W VM>,<RL W VM>,BK,B,in you/to you (Zion),0.0,prep,prps,inanim,det,prsf,simple,factive,B,,,,,prep
1078,230355,JRD[,MT,Isaiah,52,4,JRD,KJ KH >MR >DNJ JHWH MYRJM JRD <MJ B R>CNH L GWR CM W >CWR B >PS <CQW,,qal,perf,MYRJM JRD <MJ B R>CNH,<MJ,MYRJM,MYRJM/,to Egypt,0.0,vc,topo,inanim,det,nmpr,simple,factive,,,,,,non-prep
1080,230436,CWB[,MT,Isaiah,52,8,CWB,QWL YPJK NF>W QWL JXDW JRNNW KJ <JN B <JN JR>W B CWB JHWH YJWN,,qal,infc,B CWB JHWH YJWN,JHWH,YJWN,YJWN==/,to Zion,0.0,vc,topo,inanim,det,nmpr,simple,factive,,,,,,non-prep
1106,230554,GLH[,MT,Isaiah,53,1,NGLTH,MJ H>MJN L CM<TNW W ZRW< JHWH <L MJ NGLTH,,nif,perf,W ZRW< JHWH <L MJ NGLTH,ZRW< JHWH,<L MJ,<L MJ,to whom,0.0,prep,ppin,anim,und,ppin,simple,fictive,<L,,,,,prep
1109,230556,<LH[,MT,Isaiah,53,2,J<L,W J<L K JWNQ L PNJW W K CRC M >RY YJH L> T>R LW W L> HDR W NR>HW W L> MR>H W NXMDHW,,qal,wayq,W J<L K JWNQ L PNJW,,L PNJW,L PNH/,before him,0.0,prep,bopa,inanim,det,subs,complex,factive fictive,L,,,,to grow up - no horizontal motion,prep
1118,230911,<BR[,MT,Isaiah,54,9,<BR,KJ MJ NX Z>T LJ >CR NCB<TJ M <BR MJ NX <WD <L H >RY KN NCB<TJ M QYP <LJK W M G<R BK,,qal,infc,M <BR MJ NX <WD <L H >RY,MJ NX,<L H >RY,<L H >RY/,over the earth,0.0,prep,topo,inanim,det,subs,simple,factive fictive,<L,,,,,prep
1124,231003,QRB[,MT,Isaiah,54,14,TQRB,B YDQH TKWNNJ RXQJ M <CQ KJ L> TJR>J W M MXTH KJ L> TQRB >LJK,,qal,impf,KJ L> TQRB >LJK,,>LJK,>L,(to) you,0.0,prep,prps,anim,det,prsf,simple,fictive,>L,,,,MXTH-terror abstract thus fictive,prep
1130,231063,HLK[,MT,Isaiah,55,1,LKW,HWJ KL YM> LKW L MJM W >CR >JN LW KSP LKW CBRW W >KLW W LKW CBRW B LW> KSP W B LW> MXJR JJN W XLB,,qal,impv,LKW L MJM,,L MJM,L H MJM/,to the waters,0.0,prep,topo,inanim,det,subs,simple,factive,L,,,,,prep
1135,231116,HLK[,MT,Isaiah,55,3,LKW,HVW >ZNKM W LKW >LJ CM<W W TXJ NPCKM W >KRTH LKM BRJT <WLM XSDJ DWD H N>MNJM,,qal,impv,W LKW >LJ,,>LJ,>L,to me,0.0,prep,prps,anim,det,prsf,simple,factive,>L,,,,,prep
1138,231149,RWY[,MT,Isaiah,55,5,JRWYW,HN GWJ L> TD< TQR> W GWJ L> JD<WK >LJK JRWYW LM<N JHWH >LHJK W L QDWC JFR>L KJ P>RK,,qal,impf,W GWJ >LJK JRWYW LM<N JHWH >LHJK W L QDWC JFR>L,GWJ,>LJK,>L,to you,0.0,prep,prps,anim,det,prsf,simple,factive,>L,,,,,prep
1141,231175,CWB[,MT,Isaiah,55,7,JCB,J<ZB RC< DRKW W >JC >WN MXCBTJW W JCB >L JHWH W JRXMHW W >L >LHJNW KJ JRBH L SLWX,,qal,impf,W JCB >L JHWH,,>L JHWH,>L JHWH/,to Yahweh,0.0,prep,pers,anim,det,nmpr,simple,factive fictive,>L,,,,,prep
1145,231226,CWB[,MT,Isaiah,55,10,JCWB,KJ K >CR JRD H GCM W H CLG MN H CMJM W CMH L> JCWB KJ >M HRWH >T H >RY W HWLJDH W HYMJXH W NTN ZR< L ZR< W LXM L >KL,,qal,impf,W CMH L> JCWB,,CMH,CM,there,1.0,dir-he,adv,inanim,det,adv,simple,factive fictive,,,,,,non-prep
1151,231256,CWB[,MT,Isaiah,55,11,JCWB,KN JHJH DBRJ >CR JY> M PJ L> JCWB >LJ RJQM KJ >M <FH >T >CR XPYTJ W HYLJX >CR CLXTJW,,qal,impf,L> JCWB >LJ RJQM,,>LJ,>L,to me,0.0,prep,prps,anim,det,prsf,simple,fictive,>L,,,,,prep
1172,231454,BW>[,MT,Isaiah,56,7,HBJ>WTJM,W HBJ>WTJM >L HR QDCJ W FMXTJM B BJT TPLTJ <WLTJHM W ZBXJHM L RYWN <L MZBXJ KJ BJTJ BJT TPLH JQR> L KL H <MJM,,hif,perf,W HBJ>WTJM >L HR QDCJ,,>L HR QDCJ,>L HR/ QDC/,to my holy mountain,0.0,prep,topo,inanim,det,subs,complex,factive,>L,,,,,prep
1179,231535,PNH[,MT,Isaiah,56,11,PNW,W H KLBJM <ZJ NPC L> JD<W FB<H W HMH R<JM L> JD<W HBJN KLM L DRKM PNW >JC L BY<W M QYHW,,qal,perf,KLM L DRKM PNW,KLM,L DRKM,L DRK/,to their way,0.0,prep,abs,inanim,det,subs,complex,fictive,L,,,,to turn to their own way-as abstract for way or journey,prep
1185,231582,NWX[,MT,Isaiah,57,2,JNWXW,JBW> CLWM JNWXW <L MCKBWTM HLK NKXW,,qal,impf,JNWXW <L MCKBWTM,,<L MCKBWTM,<L MCKB/,on their beds,0.0,prep,obj,inanim,det,subs,complex,factive fictive,<L,,,,,prep
1186,231580,BW>[,MT,Isaiah,57,2,JBW>,JBW> CLWM JNWXW <L MCKBWTM HLK NKXW,,qal,impf,JBW> CLWM,,CLWM,CLWM/,into peace,0.0,vc,abs,inanim,und,subs,simple,fictive,,,,,NB-ETCBC considers CLWM as adjunct,non-prep
1194,231589,QRB[,MT,Isaiah,57,3,QRBW,W >TM QRBW HNH BNJ <NNH ZR< MN>P W TZNH,,qal,impv,W >TM QRBW HNH,>TM,HNH,HNH==,here,0.0,vc,adv,inanim,det,adv,simple,factive,,,,,,non-prep
1205,231688,CWR=[,MT,Isaiah,57,9,TCRJ,W TCRJ L MLK B CMN W TRBJ RQXJK W TCLXJ YRJK <D M RXQ W TCPJLJ <D C>WL,,qal,wayq,W TCRJ L MLK B CMN,,L MLK,L H MLK/,to the king,0.0,prep,pers,anim,det,subs,simple,factive,L,,,,,prep
1208,231771,XSH[,MT,Isaiah,57,13,XWSH,B Z<QK JYJLK QBWYJK W >T KLM JF> RWX JQX HBL W H XWSH BJ JNXL >RY W JJRC HR QDCJ,,qal,ptca,H XWSH BJ,,BJ,B,in me,0.0,prep,prps,anim,det,prsf,simple,fictive,B,,,,seek refuge in me - fictive,prep
1212,231850,HLK[,MT,Isaiah,57,17,JLK,B <WN BY<W QYPTJ W >KHW HSTR W >QYP W JLK CWBB B DRK LBW,,qal,wayq,W JLK CWBB B DRK LBW,,B DRK LBW,B DRK/ LB/,in the way of this heart,0.0,prep,abs,inanim,det,subs,complex,fictive,B,,,,,prep
1215,232056,BW>[,MT,Isaiah,58,7,TBJ>,H LW> PRS L R<B LXMK W <NJJM MRWDJM TBJ> BJT KJ TR>H <RM W KSJTW W M BFRK L> TT<LM,,hif,impf,W <NJJM MRWDJM TBJ> BJT,,BJT,BJT/,to the house,0.0,vc,topo,inanim,und,subs,simple,factive,,,,,,non-prep
1219,232079,HLK[,MT,Isaiah,58,8,HLK,>Z JBQ< K CXR >WRK W >RKTK MHRH TYMX W HLK L PNJK YDQK KBWD JHWH J>SPK,,qal,perf,W HLK L PNJK YDQK,YDQK,L PNJK,L PNH/,before you,0.0,prep,bopa,inanim,det,subs,complex,fictive,L,,,,YDQK-your righteousness-is moving-fictive,prep
1231,232324,RWY[,MT,Isaiah,59,7,JRYW,RGLJHM L R< JRYW W JMHRW L CPK DM NQJ MXCBWTJHM MXCBWT >WN CD W CBR B MSLWTM,,qal,impf,RGLJHM L R< JRYW,RGLJHM,L R<,L H R</,towards the evil,0.0,prep,abs,inanim,det,subs,simple,fictive,L,,,,,prep
1237,232378,HLK[,MT,Isaiah,59,9,NHLK,<L KN RXQ MCPV MMNW W L> TFJGNW YDQH NQWH L >WR W HNH XCK L NGHWT B >PLWT NHLK,,piel,impf,B >PLWT NHLK,,B >PLWT,B H >PLH/,in the darkness,0.0,prep,abs,inanim,det,subs,simple,factive fictive,B,,,,,prep
1243,232577,NWS[,MT,Isaiah,59,19,NSSH,W JJR>W M M<RB >T CM JHWH W M MZRX CMC >T KBWDW KJ JBW> K NHR YR RWX JHWH NSSH BW,,piel,perf,RWX JHWH NSSH BW,RWX JHWH,BW,B,against him,0.0,prep,prps,anim,det,prsf,simple,factive fictive,B,,,,,prep
1247,232580,BW>[,MT,Isaiah,59,20,B>,W B> L YJWN GW>L W L CBJ PC< B J<QB N>M JHWH,,qal,perf,W B> L YJWN GW>L,,L YJWN,L YJWN==/,to Zion,0.0,prep,topo,inanim,det,nmpr,simple,factive,L,,,,,prep
1257,232656,HLK[,MT,Isaiah,60,3,HLKW,W HLKW GWJM L >WRK W MLKJM L NGH ZRXK,,qal,perf,W HLKW GWJM L >WRK,GWJM,L >WRK,L >WR/,to your light,0.0,prep,phen,inanim,det,subs,complex,factive fictive,L,,,,,prep
1260,232672,BW>[,MT,Isaiah,60,4,B>W,F>J SBJB <JNJK W R>J KLM NQBYW B>W LK BNJK M RXWQ JB>W W BNTJK <L YD T>MNH,,qal,perf,B>W LK,,LK,L,to you,0.0,prep,prps,anim,det,prsf,simple,factive,L,,,,,prep
1266,232699,BW>[,MT,Isaiah,60,5,JB>W,>Z TR>J W NHRT W PXD W RXB LBBK KJ JHPK <LJK HMWN JM XJL GWJM JB>W LK,,qal,impf,XJL GWJM JB>W LK,XJL GWJM,LK,L,to you,0.0,prep,prps,anim,det,prsf,simple,factive fictive,L,,,,,prep
1272,232728,<LH[,MT,Isaiah,60,7,J<LW,KL Y>N QDR JQBYW LK >JLJ NBJWT JCRTWNK J<LW <L RYWN MZBXJ W BJT TP>RTJ >P>R,,qal,impf,J<LW <L RYWN MZBXJ,,MZBXJ,MZBX/,on my altar,0.0,vc,obj,inanim,det,subs,complex,factive fictive,,,,,,non-prep
1281,232803,BW>[,MT,Isaiah,60,11,HBJ>,W PTXW C<RJK TMJD JWMM W LJLH L> JSGRW L HBJ> >LJK XJL GWJM W MLKJHM NHWGJM,,hif,infc,L HBJ> >LJK XJL GWJM,,>LJK,>L,to you,0.0,prep,prps,anim,det,prsf,simple,factive,>L,,,,,prep
1284,232829,BW>[,MT,Isaiah,60,13,JBW>,KBWD H LBNWN >LJK JBW> BRWC TDHR W T>CWR JXDW L P>R MQWM MQDCJ W MQWM RGLJ >KBD,,qal,impf,KBWD H LBNWN >LJK JBW> BRWC TDHR W T>CWR JXDW,KBWD H LBNWN BRWC TDHR W T>CWR JXDW,>LJK,>L,to you,0.0,prep,prps,inanim,det,prsf,simple,fictive,>L,,,,the glory of Lebanon will come upon you (Zion - inanimate) - fictive motion,prep
1287,232844,HLK[,MT,Isaiah,60,14,HLKW,W HLKW >LJK CXWX BNJ M<NJK W HCTXWW <L KPWT RGLJK KL MN>YJK W QR>W LK <JR JHWH YJWN QDWC JFR>L,,qal,perf,W HLKW >LJK BNJ M<NJK,BNJ M<NJK,>LJK,>L,to you,0.0,prep,prps,inanim,det,prsf,simple,factive,>L,,,,inanimate - Zion ,prep
1308,233408,<BR[,MT,Isaiah,62,10,<BRW,<BRW <BRW B C<RJM PNW DRK H <M SLW SLW H MSLH SQLW M >BN HRJMW NS <L H <MJM,,qal,impv,<BRW B C<RJM,,B C<RJM,B H C<R/,through the gates,0.0,prep,obj,inanim,det,subs,simple,factive,B,,,,,prep
1325,233562,JRD[,MT,Isaiah,63,6,>WRJD,W >BWS <MJM B >PJ W >CKRM B XMTJ W >WRJD L >RY NYXM,,hif,impf,W >WRJD L >RY NYXM,,L >RY,L H >RY/,to the earth,0.0,prep,topo,inanim,det,subs,simple,factive fictive,L,,,,,prep
1334,233681,HLK[,MT,Isaiah,63,13,MWLJKM,MWLJKM B THMWT K SWS B MDBR L> JKCLW,,hif,ptca,MWLJKM B THMWT,,B THMWT,B H THWM/,through the depths,0.0,prep,topo,inanim,det,subs,simple,factive,B,,,,,prep
1337,233699,JRD[,MT,Isaiah,63,14,TRD,K BHMH B BQ<H TRD RWX JHWH TNJXNW KN NHGT <MK L <FWT LK CM TP>RT,,qal,impf,B BQ<H TRD,,B BQ<H,B H BQ<H/,in the valley,0.0,prep,topo,inanim,det,subs,simple,factive,B,,,,,prep
1355,233985,HLK[,MT,Isaiah,65,2,HLKJM,PRFTJ JDJ KL H JWM >L <M SWRR H HLKJM H DRK L> VWB >XR MXCBTJHM,,qal,ptca,H HLKJM H DRK >XR MXCBTJHM,,>XR MXCBTJHM,>XR/ MXCBH/,after (in accordance with) their purposes,0.0,prep,abs,inanim,det,subs,complex,fictive,>XR/,,,,williams 362,prep
1357,234030,QRB[,MT,Isaiah,65,5,QRB,H >MRJM QRB >LJK >L TGC BJ KJ QDCTJK >LH <CN B >PJ >C JQDT KL H JWM,,qal,impv,QRB >LJK,,>LJK,>L,to you (yourself),0.0,prep,prps,anim,det,prsf,simple,fictive,>L,,,,,prep
1358,234033,NGC[,MT,Isaiah,65,5,TGC,H >MRJM QRB >LJK >L TGC BJ KJ QDCTJK >LH <CN B >PJ >C JQDT KL H JWM,,qal,impf,>L TGC BJ,,BJ,B,me,0.0,prep,prps,anim,det,prsf,simple,factive,B,,,,,prep
1362,234239,NWX[,MT,Isaiah,65,15,HNXTM,W HNXTM CMKM L CBW<H L BXJRJ W HMJTK >DNJ JHWH W L <BDJW JQR> CM >XR,,hif,perf,W HNXTM CMKM L CBW<H L BXJRJ,,L CBW<H,L CBW<H/,as a curse,0.0,prep,abs,inanim,und,subs,simple,factive fictive,L,,,,,prep
1364,234301,<LH[,MT,Isaiah,65,17,T<LJNH,KJ HNNJ BWR> CMJM XDCJM W >RY XDCH W L> TZKRNH H R>CNWT W L> T<LJNH <L LB,,qal,impf,W L> T<LJNH <L LB,,<L LB,<L LB/,to the mind/to the heart,0.0,prep,abs,inanim,und,subs,simple,fictive,<L,,,,,prep
1370,234544,BW>[,MT,Isaiah,66,4,>BJ>,GM >NJ >BXR B T<LLJHM W MGWRTM >BJ> LHM J<N QR>TJ W >JN <WNH DBRTJ W L> CM<W W J<FW H R< B <JNJ W B >CR L> XPYTJ BXRW,,hif,impf,W MGWRTM >BJ> LHM,,LHM,L,upon them,0.0,prep,prps,anim,det,prsf,simple,fictive,L,,,,bring their fears upon them LHM - cmpl and fictive -(ETCBC adjunct),prep
1373,234608,BW>[,MT,Isaiah,66,7,JBW>,B VRM TXJL JLDH B VRM JBW> XBL LH W HMLJVH ZKR,,qal,impf,B VRM JBW> XBL LH,XBL,LH,L,to her,0.0,prep,prps,anim,det,prsf,simple,fictive,L,,,,before the pain came to her-fictive,prep
1392,234871,BW>[,MT,Isaiah,66,20,HBJ>W,W HBJ>W >T KL >XJKM M KL H GWJM MNXH L JHWH B SWSJM W B RKB W B YBJM W B PRDJM W B KRKRWT <L HR QDCJ JRWCLM >MR JHWH K >CR JBJ>W BNJ JFR>L >T H MNXH B KLJ VHWR BJT JHWH,,hif,perf,W HBJ>W >T KL >XJKM M KL H GWJM MNXH L JHWH B SWSJM W B RKB W B YBJM W B PRDJM W B KRKRWT <L HR QDCJ JRWCLM,,<L HR QDCJ JRWCLM,<L HR/ QDC/ JRWCLM/,to my holy mountain Jerusalem,0.0,prep,topo,inanim,det,subs,complex,factive,<L,,,,,prep
1393,234909,BW>[,MT,Isaiah,66,20,JBJ>W,W HBJ>W >T KL >XJKM M KL H GWJM MNXH L JHWH B SWSJM W B RKB W B YBJM W B PRDJM W B KRKRWT <L HR QDCJ JRWCLM >MR JHWH K >CR JBJ>W BNJ JFR>L >T H MNXH B KLJ VHWR BJT JHWH,,hif,impf,K >CR JBJ>W BNJ JFR>L >T H MNXH B KLJ VHWR BJT JHWH,BNJ JFR>L,BJT JHWH,BJT/ JHWH/,into the house of Yahweh,0.0,vc,topo,inanim,det,subs,complex,factive,,,,,,non-prep
