verb_id,lex,scroll,book,chapter,verse_num,gcons_verb,gcons_verse,gcons_clause,subject,complement,dir_he,dir_he_dss,sign_info,stem,tense,preposition_1,preposition_2,preposition_3,preposition_4
17125,BW>,1QS,1QS,1,10,JBJ>W,W KWL H NDBJM L >MT W JBJ>W KWL D<T M W KWX M W HWN M B JXD >L L BRR D<T M B >MT XWQJ >L W KWX M L TKN K TM DRKJ W W KWL HWN M K <YT YDQ W,W KWL JBJ>W KWL D<T M W KWX M W HWN M B JXD >L,KWL,B JXD >L,0,,,hif,impf,B,,,
17194,SWR,1QS,1QS,1,12,SWR,W LW> L SWR M XWQJ >MT W L LKT JMJN W FM>WL,L SWR M XWQJ >MT W,,M XWQJ >MT W,0,,,qal,infc,MN,,,
17200,HLK,1QS,1QS,1,12,LKT,W LW> L SWR M XWQJ >MT W L LKT JMJN W FM>WL,L LKT JMJN W FM>WL,,JMJN W FM>WL,0,,,qal,infc,,,,
17080,HLK,1QS,1QS,1,8,HTHLK,L HWXD B <YT >L W L HTHLK L PNJ W TMJM KWL H NGLWT L MW<DJ T<WDWT M,W L HTHLK L PNJ W TMJM KWL,,L PNJ W,0,,,hit,infc,L,,,
17082,PNH,1QS,1QS,1,8,PNJ,L HWXD B <YT >L W L HTHLK L PNJ W TMJM KWL H NGLWT L MW<DJ T<WDWT M,W L HTHLK L PNJ W TMJM KWL,,L PNJ W,0,,,NA,NA,L,,,
17207,BW>,1QS,1QS,2,1,B>JM,W KWL H B>JM B SRK H JXD J<BWRW B BRJT L PNJ >L L <FWT K KWL >CR YWH W LW> L CWB M >XR W M KWL PXD W >JMH W MYRP NHJJM B MMCLT BLJ<L,H B>JM B SRK H JXD,,B SRK H JXD,0,,,qal,ptca,B,,,
17212,<BR,1QS,1QS,2,1,J<BWRW,W KWL H B>JM B SRK H JXD J<BWRW B BRJT L PNJ >L L <FWT K KWL >CR YWH W LW> L CWB M >XR W M KWL PXD W >JMH W MYRP NHJJM B MMCLT BLJ<L,W KWL J<BWRW B BRJT L PNJ >L,KWL,B BRJT,0,,,qal,impf,B,,,
17217,PNH,1QS,1QS,2,1,PNJ,W KWL H B>JM B SRK H JXD J<BWRW B BRJT L PNJ >L L <FWT K KWL >CR YWH W LW> L CWB M >XR W M KWL PXD W >JMH W MYRP NHJJM B MMCLT BLJ<L,W KWL J<BWRW B BRJT L PNJ >L,KWL,B BRJT,0,,,NA,NA,B,,,
17228,CWB,1QS,1QS,2,1,CWB,W KWL H B>JM B SRK H JXD J<BWRW B BRJT L PNJ >L L <FWT K KWL >CR YWH W LW> L CWB M >XR W M KWL PXD W >JMH W MYRP NHJJM B MMCLT BLJ<L,L CWB M >XR W M KWL PXD W >JMH W MYRP,,M >XR W,0,,,qal,infc,MN,,,
17437,>TH,1QS,1QS,2,11,>TH,W <NW W >MRW >RWR >TH B KWL M<FJ RC< >CMT KH,>RWR >TH B KWL M<FJ RC< >CMT KH,>TH,B KWL M<FJ RC< >CMT KH,0,,,NA,NA,B,,,
17514,<BR,1QS,1QS,2,16,<WBRJM,W KWL H <WBRJM B BRJT >WMRJM >XR H MBRKJM W H MQLLJM >MN >MN,H <WBRJM B BRJT,,B BRJT,0,,,qal,ptca,B,,,
17544,BW>,1QS,1QS,2,17,B>,W HWSJPW H KWHNJM W H LWJJM W >MRW >RWR B GLWLJ LB W L <BWR H B> B BRJT H ZWT W MKCWL <WWN W JFJM L PNJ W L HSWG B W,H B> B BRJT H ZWT,,B BRJT H ZWT,0,,,qal,ptca,B,,,
17556,PNH,1QS,1QS,2,17,PNJ,W HWSJPW H KWHNJM W H LWJJM W >MRW >RWR B GLWLJ LB W L <BWR H B> B BRJT H ZWT W MKCWL <WWN W JFJM L PNJ W L HSWG B W,W MKCWL <WWN W JFJM L PNJ W,,L PNJ W,0,,,NA,NA,L,,,
17588,HLK,1QS,1QS,2,18,>LK,W HJH B CWM< W >T DBRJ H BRJT H ZWT JTBRK B LBB W L >MWR CLWM JHJ L J KJ> B CRJRWT LB J >LK W NSPTH RWX W H YM>H <M H RWWH L >JN SLJXH,KJ> B CRJRWT LB J >LK,,B CRJRWT LB J,0,,,qal,impf,B,,,
17245,<BR,1QS,1QS,2,2,<WBR,W B <WBR M B BRJT JHJW H KWHNJM W H LWJJM MBRKJM >T >L JCW<WT W >T KWL M<FJ >MT W,B <WBR M B BRJT,M,B BRJT,0,,,qal,infc,B,,,
17657,BW>,1QS,1QS,2,22,B>J,W KWL B>J H BRJT J<NW W >MRW >XRJ HM >MN >MN,B>J H BRJT,,H BRJT,0,,,qal,ptca,,,,
17696,<BR,1QS,1QS,2,25,J<BWRW,W H LWJJM J<BWRW >XRJ HM W KWL H <M J<BWRW B CLJCJT B SRK ZH >XR ZH L >LPJM W M>WT W XMCJM W <FRWT L D<T KWL >JC JFR>L >JC BJT M<MD W B JXD >L L <YT <WLMJM,W H LWJJM J<BWRW >XRJ HM,H LWJJM,>XRJ HM,0,,,qal,impf,,,,
17783,BW>,1QS,1QS,2,28,BW>,W KWL H MW>S L BW> B BRJT >L L LKT B CRJRWT LB W LW> J<BWR B JXD >MT W,L BW> B BRJT >L,,B BRJT >L,0,,,qal,infc,B,,,
17788,HLK,1QS,1QS,2,28,LKT,W KWL H MW>S L BW> B BRJT >L L LKT B CRJRWT LB W LW> J<BWR B JXD >MT W,L LKT B CRJRWT LB W,,B CRJRWT LB W,0,,,qal,infc,B,,,
17794,<BR,1QS,1QS,2,28,J<BWR,W KWL H MW>S L BW> B BRJT >L L LKT B CRJRWT LB W LW> J<BWR B JXD >MT W,W KWL LW> J<BWR B JXD >MT W,KWL,B JXD >MT W,0,,,qal,impf,B,,,
17269,<BR,1QS,1QS,2,3,<WBRJM,W KWL H <WBRJM B BRJT >WMRJM >XRJ HM >MN >MN,H <WBRJM B BRJT,,B BRJT,0,,,qal,ptca,B,,,
17829,BW>,1QS,1QS,2,31,JBJ>W,W D<T W W KWX W W HWN W LW> JBJ>W B <YT JXD,W D<T W W KWX W W HWN W LW> JBJ>W B <YT JXD,,B <YT JXD,0,,,hif,impf,B,,,
17974,HLK,1QS,1QS,2,40,HLKT,W JHKJN P<MJ W L HLKT TMJM B KWL DRKJ >L K >CR YWH L MW<DJ T<WDTJ W W LW> L SWR JMJN W FM>WL W >JN L Y<WD <L >XD M KWL DBRJ W,L HLKT TMJM B KWL DRKJ >L,,B KWL DRKJ >L,0,,,qal,infc,B,,,
17990,SWR,1QS,1QS,2,40,SWR,W JHKJN P<MJ W L HLKT TMJM B KWL DRKJ >L K >CR YWH L MW<DJ T<WDTJ W W LW> L SWR JMJN W FM>WL W >JN L Y<WD <L >XD M KWL DBRJ W,L SWR JMJN W FM>WL,,JMJN W FM>WL,0,,,qal,infc,,,,
17318,<BR,1QS,1QS,2,6,<WBRJM,W KWL H <WBRJM B BRJT MWDJM >XRJ HM L >MWR N<WJNW PC<NW XV>NW HRC<NW >NW W >BWTJ NW M L PNJ NW B LKT NW QRJ B XWQJ >MT W YDJQ >L >CR <FH MCPV W B NW W B >BWTJ NW,H <WBRJM B BRJT,,B BRJT,0,,,qal,ptca,B,,,
17340,HLK,1QS,1QS,2,6,LKT,W KWL H <WBRJM B BRJT MWDJM >XRJ HM L >MWR N<WJNW PC<NW XV>NW HRC<NW >NW W >BWTJ NW M L PNJ NW B LKT NW QRJ B XWQJ >MT W YDJQ >L >CR <FH MCPV W B NW W B >BWTJ NW,B LKT NW QRJ B XWQJ >MT W YDJQ >L,NW,B XWQJ >MT W YDJQ >L,0,,,qal,infc,B,,,
17381,HLK,1QS,1QS,2,8,HWLKJM,W H KWHNJM MBRKJM >T KWL >NCJ GWRL >L H HWLKJM TMJM B KWL DRKJ W W >WMRJM JBRK KH B KWL VWB W JCMWR KH M KWL R<,H HWLKJM TMJM B KWL DRKJ W,,B KWL DRKJ W,0,,,qal,ptca,B,,,
17415,PNH,1QS,1QS,2,9,PNJ,W J>JR LB KH B FKL XJJM W JXWN KH B D<T <WLMJM W JF> PNJ XSDJ W L KH L CLWM <WLMJM,W JF> PNJ XSDJ W L KH L CLWM <WLMJM,,L KH,0,,,NA,NA,L,,,
18173,HLK,1QS,1QS,3,10,JTHLKW,W B JD ML>K XWCK KWL MMCLT BNJ <WL W B DRKJ XWCK JTHLKW,W B DRKJ XWCK JTHLKW,,B DRKJ XWCK,0,,,hit,impf,B,,,
18305,PNH,1QS,1QS,3,18,PNJ,W >LH DRKJ HN B TBL L H>JR B LBB >JC W L JCR L PNJ W KWL DRKJ YDQ >MT W L PXD LBB W B MCPVJ >L,W L JCR L PNJ W KWL DRKJ YDQ >MT,,L PNJ W,0,,,NA,NA,L,,,
18382,HLK,1QS,1QS,3,19,LKT,W RWX <NWH W >WRK >PJM W RWB RXMJM W VWB <WLMJM W FKL W BJNH W XKMT GBWRH M>MNT B KWL M<FJ >L W NC<NT B RWB XSD W W RWX D<T B KWL MXCBT M<FH W QN>T MCPVJ YDQ W MXCBT QWDC B JYR SMWK W RWB XSDJM <L KWL BNJ >MT W VHRT KBWD MT<B KWL GLWLJ NDH W HYN< LKT B <RMT KWL W XB> L >MT RZJ D<T,W HYN< LKT B <RMT KWL,,B <RMT KWL,0,,,qal,infc,B,,,
18402,HLK,1QS,1QS,3,20,HWLKJ,>LH SWDJ RWX L BNJ >MT TBL W PQWDT KWL HWLKJ B H L MRP> W RWB CLWM B >WRK JMJM W PRH ZR< <M KWL BRKWT <D W FMXT <WLMJM B XJJ NYX W KLJL KBWD <M MDT HDR B >WR <WLMJM,HWLKJ B H,,B H,0,,,qal,ptca,B,,,
18494,HLK,1QS,1QS,3,21,LKT,W L RWX <WLH RXWB NPC W CPWL JDJM B <BWDT YDQ RC< W CQR GWH W RWM LBB KXC W RMJH >KZRJ W RWB XNP QYWR >PJM W RWB >WLT W QN>T ZDWN M<FJ TW<BH B RWX ZNWT W DRKJ NDH B <BWDT VM>H W LCWN GDWPJM <WRWN <JNJM W KBWD >WZN QWCJ <WRP W KJBWD LB L LKT B KWL DRKJ XWCK W <RMT RW<,L LKT B KWL DRKJ XWCK W <RMT RW<,,B KWL DRKJ XWCK W <RMT RW<,0,,,qal,infc,B,,,
18505,HLK,1QS,1QS,3,22,HWLKJ,W PQWDT KWL HWLKJ B H L RWB NGJ<JM B JD KWL ML>KJ XBL L CXT <WLMJM B >P <BRT >L NQMT L Z<WT NYX W XRPT <D <M KLMT KLH B >C MXCKJM,HWLKJ B H,,B H,0,,,qal,ptca,B,,,
18583,HLK,1QS,1QS,3,25,JTHLKW,W B DRKJ HN JTHLKW W KWL P<WLT M<FJ HM B MPLGJ HN L PJ NXLT >JC BJN RWB L MW<V L KWL QYJ <WLMJM,W B DRKJ HN JTHLKW,,B DRKJ HN,0,,,hit,impf,B,,,
18668,JY>,1QS,1QS,3,30,TY>,W >Z TY> L NYX >MT TBL KJ> HTGWLLH B DRKJ RC< B MMCLT <WLH <D MW<D MCPV NXRYH,W >Z TY> L NYX >MT TBL,>MT,TBL,0,,,qal,impf,,,,
18787,HLK,1QS,1QS,3,36,JTHLKW,JTHLKW B XKMH W >WLT W K PJ NXLT >JC B >MT W YDQ W KN JFN> <WLH W K JRCT W B GWRL <WL JRC< B W W KN JT<B >MT,JTHLKW B XKMH W >WLT,,B XKMH W >WLT,0,,,hit,impf,B,,,
18853,NPL,1QS,1QS,3,39,HPJL,W JNXJL N L BNJ >JC L D<T VWB W R< L HPJL GWRLWT L KWL XJ L PJ RWX W B JWM MW<D H PQWDH,L HPJL GWRLWT L KWL XJ L PJ RWX W B JWM MW<D H PQWDH,,L KWL XJ,0,,,hif,infc,L,,,
18121,HLK,1QS,1QS,3,6,HTHLK,W HW>H BR> >NWC L MMCLT TBL W JFM L W CTJ RWXWT L HTHLK B M <D MW<D PQWDT W,L HTHLK B M <D MW<D PQWDT W,,B M,0,,,hit,infc,B,,,
18159,HLK,1QS,1QS,3,9,JTHLKW,B JD FR >WRJM MMCLT KWL BNJ YDQ B DRKJ >WR JTHLKW,B DRKJ >WR JTHLKW,,B DRKJ >WR,0,,,hit,impf,B,,,
18878,CWB,1QS,1QS,4,1,CWB,W ZH H SRK L >NCJ H JXD H MTNDBJM L CWB M KWL R< W L HXZJQ B KWL >CR YWH L RYWN W L HBDL M <DT >NCJ H <WL L HJWT L JXD B TWRH W B HWN W MCJBJM <L PJ BNJ YDWQ H KWHNJM CWMRJ H BRJT W <L PJ RWB >NCJ H JXD H MXZQJM B BRJT,L CWB M KWL R<,,M KWL R<,0,,,qal,infc,MN,,,
18911,CWB,1QS,1QS,4,1,MCJBJM,W ZH H SRK L >NCJ H JXD H MTNDBJM L CWB M KWL R< W L HXZJQ B KWL >CR YWH L RYWN W L HBDL M <DT >NCJ H <WL L HJWT L JXD B TWRH W B HWN W MCJBJM <L PJ BNJ YDWQ H KWHNJM CWMRJ H BRJT W <L PJ RWB >NCJ H JXD H MXZQJM B BRJT,W MCJBJM <L PJ BNJ YDWQ H KWHNJM,,<L PJ BNJ YDWQ H KWHNJM,0,,,hif,ptca,<L,,,
19224,BW>,1QS,1QS,4,10,JBW>,>L JBW> B MJM L G<T B VHRT >NCJ H QWDC,>L JBW> B MJM,,B MJM,0,,,qal,impf,B,,,
19240,CWB,1QS,1QS,4,11,CBW,KJ> LW> JVHRW KJ >M CBW M R<T M KJ> VM> B KWL <WBRJ DBR W,KJ >M CBW M R<T M,,M R<T M,0,,,qal,perf,MN,,,
19287,CWB,1QS,1QS,4,13,JCJB,KJ> JRXQ MMN W B KWL DBR KJ> KN KTWB M KWL DBR CQR TRXQ W >CR LW> JCJB >JC M >NCJ H JXD <L PJ HM L KWL TWRH W MCPV,W >CR LW> JCJB >JC M >NCJ H JXD <L PJ HM L KWL TWRH W MCPV,>JC M >NCJ H JXD,L KWL TWRH W MCPV,0,,,hif,impf,L,,,
19405,BW>,1QS,1QS,4,18,JBW>,W KJ> JBW> B BRJT L <FWT K KWL H XWQJM H >LH L HWXD L <DT QWDC W DRCW >T RWX WM B JXD BJN >JC L R< HW L PJ FKL W W M<FJ W B TWRH <L PJ BNJ >HRWN H MTNDBJM B JXD L HQJM >T BRJT W W L PQWD >T KWL XWQJ W >CR YWH L <FWT W <L PJ RB JFR>L H MTNDBJM L CWB B JXD L BRJT W,W KJ> JBW> B BRJT,,B BRJT,0,,,qal,impf,B,,,
19478,CWB,1QS,1QS,4,18,CWB,W KJ> JBW> B BRJT L <FWT K KWL H XWQJM H >LH L HWXD L <DT QWDC W DRCW >T RWX WM B JXD BJN >JC L R< HW L PJ FKL W W M<FJ W B TWRH <L PJ BNJ >HRWN H MTNDBJM B JXD L HQJM >T BRJT W W L PQWD >T KWL XWQJ W >CR YWH L <FWT W <L PJ RB JFR>L H MTNDBJM L CWB B JXD L BRJT W,L CWB B JXD L BRJT W,,B JXD,0,,,qal,infc,B,,,
19478,CWB,1QS,1QS,4,18,CWB,W KJ> JBW> B BRJT L <FWT K KWL H XWQJM H >LH L HWXD L <DT QWDC W DRCW >T RWX WM B JXD BJN >JC L R< HW L PJ FKL W W M<FJ W B TWRH <L PJ BNJ >HRWN H MTNDBJM B JXD L HQJM >T BRJT W W L PQWD >T KWL XWQJ W >CR YWH L <FWT W <L PJ RB JFR>L H MTNDBJM L CWB B JXD L BRJT W,L CWB B JXD L BRJT W,,L BRJT W,0,,,qal,infc,L,,,
18936,JY>,1QS,1QS,4,2,JY>,<L PJ HM JY> TKWN H GWRL L KWL DBR L TWRH W L HWN W L MCPV L <FWT >MT JXD W <NWH YDQH W MCPV W >HBT XSD W HYN< LKT B KWL DRKJ HM >CR LW> JLK >JC B CRJRWT LB W L T<WT >XR LBB W W <JNJ HW W MXCBT JYR W,<L PJ HM JY> TKWN H GWRL L KWL DBR L TWRH W L HWN W L MCPV,TKWN H GWRL,L KWL DBR L TWRH W L HWN W L MCPV,0,,,qal,impf,L,L,L,L
18968,HLK,1QS,1QS,4,2,LKT,<L PJ HM JY> TKWN H GWRL L KWL DBR L TWRH W L HWN W L MCPV L <FWT >MT JXD W <NWH YDQH W MCPV W >HBT XSD W HYN< LKT B KWL DRKJ HM >CR LW> JLK >JC B CRJRWT LB W L T<WT >XR LBB W W <JNJ HW W MXCBT JYR W,W HYN< LKT B KWL DRKJ HM,,B KWL DRKJ HM,0,,,qal,infc,B,,,
18975,HLK,1QS,1QS,4,2,JLK,<L PJ HM JY> TKWN H GWRL L KWL DBR L TWRH W L HWN W L MCPV L <FWT >MT JXD W <NWH YDQH W MCPV W >HBT XSD W HYN< LKT B KWL DRKJ HM >CR LW> JLK >JC B CRJRWT LB W L T<WT >XR LBB W W <JNJ HW W MXCBT JYR W,>CR LW> JLK >JC B CRJRWT LB W,>JC,B CRJRWT LB W,0,,,qal,impf,B,,,
18982,T<H,1QS,1QS,4,2,T<WT,<L PJ HM JY> TKWN H GWRL L KWL DBR L TWRH W L HWN W L MCPV L <FWT >MT JXD W <NWH YDQH W MCPV W >HBT XSD W HYN< LKT B KWL DRKJ HM >CR LW> JLK >JC B CRJRWT LB W L T<WT >XR LBB W W <JNJ HW W MXCBT JYR W,L T<WT >XR LBB W W <JNJ HW W MXCBT JYR W,,>XR LBB W W <JNJ HW W MXCBT JYR W,0,,,qal,infc,,,,
19602,BW>,1QS,1QS,4,25,JBJ>,W GM >L JBJ> >JC <L R< HW DBR L PNJ H RBJM >CR LW> B TWKXT L PNJ <DJM,W GM >L JBJ> >JC <L R< HW DBR L PNJ H RBJM,>JC,<L R< HW,0,,,hif,impf,<L,,,
19609,PNH,1QS,1QS,4,25,PNJ,W GM >L JBJ> >JC <L R< HW DBR L PNJ H RBJM >CR LW> B TWKXT L PNJ <DJM,W GM >L JBJ> >JC <L R< HW DBR L PNJ H RBJM,>JC,<L R< HW,0,,,NA,NA,<L,,,
19621,HLK,1QS,1QS,4,26,JTHLKW,B >LH JTHLKW B KWL MGWRJ HM KWL H NMY> >JC >T R< HW,B >LH JTHLKW B KWL MGWRJ HM KWL,,B >LH,0,,,hit,impf,B,,,
19668,MWC,1QS,1QS,4,29,JMC,W B KWL MQWM >CR JHJH CM <FRH >NCJM M <YT H XJD >L JMC M >T M >JC KWHN,W B KWL MQWM >L JMC M >T M >JC KWHN,>JC KWHN,M >T M,0,,,qal,impf,MN,>T=,,
19681,PNH,1QS,1QS,4,30,PNJ,W >JC K TKWN W JCBW L PNJ W W KN JC>LW L <YT M L KWL DBR,W >JC K TKWN W JCBW L PNJ W,>JC,L PNJ W,0,,,NA,NA,L,,,
19743,MWC,1QS,1QS,4,32,JMC,W >L JMC B MQWM >CR JHJW CM H <FRH >JC DWRC B TWRH JWMM W LJLH TMJD <LJPWT >JC L R< HW,W >L JMC B MQWM >JC,>JC,B MQWM,0,,,qal,impf,B,,,
19844,CWB,1QS,1QS,4,36,HCJB,W KN JC>LW L MCPV W L KWL <YH W DBR >CR JHJH L RBJM L HCJB >JC >T MD< W L <YT H JXD,L HCJB >JC >T MD< W L <YT H JXD,>JC,L <YT H JXD,0,,,hif,infc,L,,,
19994,BW>,1QS,1QS,4,43,JBJ>,W >M JFJG MWSR JBJ> HW B BRJT L CWB L >MT W L SWR M KWL <WL W HBJN HW B KWL MCPVJ H JXD,JBJ> HW B BRJT,,B BRJT,0,,,qal,impf,B,,,
20000,CWB,1QS,1QS,4,43,CWB,W >M JFJG MWSR JBJ> HW B BRJT L CWB L >MT W L SWR M KWL <WL W HBJN HW B KWL MCPVJ H JXD,L CWB L >MT,,L >MT,0,,,qal,infc,L,,,
20005,SWR,1QS,1QS,4,43,SWR,W >M JFJG MWSR JBJ> HW B BRJT L CWB L >MT W L SWR M KWL <WL W HBJN HW B KWL MCPVJ H JXD,W L SWR M KWL <WL,,M KWL <WL,0,,,qal,infc,MN,,,
20025,PNH,1QS,1QS,4,44,PNJ,W >XR B BW> W L <MWD L PNJ H RBJM W NC>LW H KWL <L DBRJ W,L <MWD L PNJ H RBJM,,L PNJ H RBJM,0,,,NA,NA,L,,,
20050,QRB,1QS,1QS,4,46,QWRB,W B QWRB W L <YT H JXD LW> JG< B VHRT H RBJM <D >CR JDRWC HW L RWX W W M<F W <D MWL>T L W CNH TMJMH,B QWRB W L <YT H JXD,W,L <YT H JXD,0,,,qal,infc,L,,,
20115,JY>,1QS,1QS,4,49,JY>,W >M JY> L W H GWRL L QRWB L SWD H JXD <L PJ H KWHNJM W RWB >NCJ BRJT M JQRBW GM >T HWN W W >T ML>KT W >L JD H >JC H MBQR <L ML>KT H RBJM W KTBW B XCBWN B JD W W <L H RBJM LW> JWYJ>N W,W >M JY> L W H GWRL,H GWRL,L W,0,,,qal,impf,L,,,
20121,QRB,1QS,1QS,4,49,QRWB,W >M JY> L W H GWRL L QRWB L SWD H JXD <L PJ H KWHNJM W RWB >NCJ BRJT M JQRBW GM >T HWN W W >T ML>KT W >L JD H >JC H MBQR <L ML>KT H RBJM W KTBW B XCBWN B JD W W <L H RBJM LW> JWYJ>N W,L QRWB L SWD H JXD <L PJ H KWHNJM W RWB >NCJ BRJT M,,L SWD H JXD,0,,,qal,infc,L,,,
20166,JY>,1QS,1QS,4,49,JWYJ>N,W >M JY> L W H GWRL L QRWB L SWD H JXD <L PJ H KWHNJM W RWB >NCJ BRJT M JQRBW GM >T HWN W W >T ML>KT W >L JD H >JC H MBQR <L ML>KT H RBJM W KTBW B XCBWN B JD W W <L H RBJM LW> JWYJ>N W,W <L H RBJM LW> JWYJ>N W,,<L H RBJM,0,,,hif,impf,<L,,,
19069,BW>,1QS,1QS,4,5,B>,KWL H B> L <YT H JXD JBW> B BRJT >L L <JNJ KWL H MTNDBJM,H B> L <YT H JXD,,L <YT H JXD,0,,,qal,ptca,L,,,
19074,BW>,1QS,1QS,4,5,JBW>,KWL H B> L <YT H JXD JBW> B BRJT >L L <JNJ KWL H MTNDBJM,KWL JBW> B BRJT >L L <JNJ KWL H MTNDBJM,KWL,B BRJT >L,0,,,qal,impf,B,,,
20202,JY>,1QS,1QS,4,52,JY>,W >M JY> L W H GWRL L QRB W L JXD JKTWB HW B SRK TKWN W B TWK >XJ W L TWRH W L MCPV W L VHWRH W L <RB >T HWN W,W >M JY> L W H GWRL,H GWRL,L W,0,,,qal,impf,L,,,
20208,QRB,1QS,1QS,4,52,QRB,W >M JY> L W H GWRL L QRB W L JXD JKTWB HW B SRK TKWN W B TWK >XJ W L TWRH W L MCPV W L VHWRH W L <RB >T HWN W,L QRB W L JXD,W,L JXD,0,,,qal,infc,L,,,
19092,CWB,1QS,1QS,4,6,CWB,W JQM <L NPC W B CBW<T >SR L CWB >L TWRT MWCH K KWL >CR YWH B KWL LB W B KWL NPC L KWL H NGLH MMN H L BNJ YDWQ H KWHNJM CWMRJ H BRJT W DWRCJ RYWN W W L RWB >NCJ BRJT M H MTNDBJM JXD L >MT W W L HTLK B RYWN W,L CWB >L TWRT MWCH K KWL,,>L TWRT MWCH,0,,,qal,infc,>L,,,
19110,GLH,1QS,1QS,4,6,NGLH,W JQM <L NPC W B CBW<T >SR L CWB >L TWRT MWCH K KWL >CR YWH B KWL LB W B KWL NPC L KWL H NGLH MMN H L BNJ YDWQ H KWHNJM CWMRJ H BRJT W DWRCJ RYWN W W L RWB >NCJ BRJT M H MTNDBJM JXD L >MT W W L HTLK B RYWN W,H NGLH MMN H L BNJ YDWQ H KWHNJM,,MMN H,0,,,nif,ptca,MN,,,
19139,HLK,1QS,1QS,4,6,HTLK,W JQM <L NPC W B CBW<T >SR L CWB >L TWRT MWCH K KWL >CR YWH B KWL LB W B KWL NPC L KWL H NGLH MMN H L BNJ YDWQ H KWHNJM CWMRJ H BRJT W DWRCJ RYWN W W L RWB >NCJ BRJT M H MTNDBJM JXD L >MT W W L HTLK B RYWN W,W L HTLK B RYWN W,,B RYWN W,0,,,hit,infc,B,,,
19160,HLK,1QS,1QS,4,7,HWLKJM,W >CR JQJM B BRJT <L NPC W L HBDL M KWL >NCJ H <WL H HWLKJM B DRK H RC<H,H HWLKJM B DRK H RC<H,,B DRK H RC<H,0,,,qal,ptca,B,,,
19186,T<H,1QS,1QS,4,8,T<W,KJ> LW> HXCBW B BRJT W KJ> LW> BQCW W LW> DRC HW B XWQJ HW L D<T H NSTRWT >CR T<W B M L >CCMH,>CR T<W B M L >CCMH,,B M,0,,,qal,perf,B,,,
19199,<LH,1QS,1QS,4,9,<LWT,W H NGLWT <FW B JD RMH L <LWT >P L MCPV W L NQWM NQM B >LWT BRJT L <FWT B M MCPVJM GDWLJM L KLT <WLM L >JN CRJT,L <LWT >P L MCPV,,L MCPV,0,,,hif,infc,L,,,
20592,HLK,1QS,1QS,5,15,JHLK,W >CR JHLK L PNJ R< HW <RWM W LW> HJH >NWC W N<NC CCH XWDCJM,>CR JHLK L PNJ R< HW <RWM,,L PNJ R< HW,0,,,piel,impf,L,,,
20594,PNH,1QS,1QS,5,15,PNJ,W >CR JHLK L PNJ R< HW <RWM W LW> HJH >NWC W N<NC CCH XWDCJM,>CR JHLK L PNJ R< HW <RWM,,L PNJ R< HW,0,,,NA,NA,L,,,
20621,JY>,1QS,1QS,5,17,JWYJ>,W >CR JWYJ> JD W MN TWXT BGD W W HW>H PWX W NR>TH <RWT W W N<NC CLWCJM JWM,>CR JWYJ> JD W MN TWXT BGD W,,MN TWXT BGD W,0,,,hif,impf,MN,,,
20321,PNH,1QS,1QS,5,2,PNJ,>M JMY> B M >JC >CR JCQR B HWN W HW>H JWD< W JBDJL HW M TWK VHRT RBJM CNH >XT W N<NC W >T RBJ<JT LXM W W >CR JCJB >T R< HW B QCJ <WRP JDBR B QWYR >PJM L PRW< >T JSWD <MJT W B >MRWT >T PJ R< HW H KTWB L PNJ HW HWCJ<H JD W L W>,H KTWB L PNJ HW,,L PNJ HW,0,,,NA,NA,L,,,
20671,HLK,1QS,1QS,5,20,JLK,W H >JC >CR JLK RKJL B R< HW W HBDJL HW CNH >XT M VHRT H RBJM W N<NC,>CR JLK RKJL B R< HW,,B R< HW,0,,,qal,impf,B,,,
20692,HLK,1QS,1QS,5,21,JLK,W >JC B RBJM JLK RKJL L CLX HW>H M >T M W LW> JCWB <WD,B RBJM JLK RKJL,,B RBJM,0,,,qal,impf,B,,,
20749,HLK,1QS,1QS,5,24,LKT,W H >JC >CR TZW< RWX W M JSWD H JXD L BGWD B >MT W L LKT B CRJRWT LB W >M JCWB W N<NC CTJ CNJM,W L LKT B CRJRWT LB W,,B CRJRWT LB W,0,,,qal,infc,B,,,
20836,JY>,1QS,1QS,5,28,JY>,W KWL >JC >CR JHJH B <YT H JXD <L MLW>T <FR CNJM W CBH RWX W L BGWD B JXD W JY> M L PNJ H RBJM L LKT B CRJRWT LB W LW> JCWB >L <YT H JXD <WD,W JY> M L PNJ H RBJM,,M L PNJ H RBJM,0,,,qal,perf,MN,L,,
20839,PNH,1QS,1QS,5,28,PNJ,W KWL >JC >CR JHJH B <YT H JXD <L MLW>T <FR CNJM W CBH RWX W L BGWD B JXD W JY> M L PNJ H RBJM L LKT B CRJRWT LB W LW> JCWB >L <YT H JXD <WD,W JY> M L PNJ H RBJM,,M L PNJ H RBJM,0,,,NA,NA,MN,L,,
20843,HLK,1QS,1QS,5,28,LKT,W KWL >JC >CR JHJH B <YT H JXD <L MLW>T <FR CNJM W CBH RWX W L BGWD B JXD W JY> M L PNJ H RBJM L LKT B CRJRWT LB W LW> JCWB >L <YT H JXD <WD,L LKT B CRJRWT LB W,,B CRJRWT LB W,0,,,qal,infc,B,,,
20849,CWB,1QS,1QS,5,28,JCWB,W KWL >JC >CR JHJH B <YT H JXD <L MLW>T <FR CNJM W CBH RWX W L BGWD B JXD W JY> M L PNJ H RBJM L LKT B CRJRWT LB W LW> JCWB >L <YT H JXD <WD,LW> JCWB >L <YT H JXD <WD,,>L <YT H JXD,0,,,qal,impf,>L,,,
20372,CWB,1QS,1QS,5,4,JCWB,W >CR JZKJR DBR B CM H NKBD <L KWL H W >M QLL >W L HB<T M YRH >W L KWL DBR >CR L W HW>H QWRH B SPR >W MBRK W HBDJL HW W LW> JCWB <WD <L <YT H JXD,W LW> JCWB <WD <L <YT H JXD,,<L <YT H JXD,0,,,qal,impf,<L,,,
21270,HLK,1QS,1QS,6,11,JLKW,W >LH H MCPVJM >CR JLKW B M >NCJ H TMJM QWDC >JC >T R< HW KWL H B> B <YT H QWDC H HWLKJM B TMJM DRK K >CR YWH,>CR JLKW B M >NCJ H TMJM QWDC,>NCJ H TMJM QWDC,B M,0,,,qal,impf,B,,,
21283,BW>,1QS,1QS,6,11,B>,W >LH H MCPVJM >CR JLKW B M >NCJ H TMJM QWDC >JC >T R< HW KWL H B> B <YT H QWDC H HWLKJM B TMJM DRK K >CR YWH,H B> B <YT H QWDC,,B <YT H QWDC,0,,,qal,ptca,B,,,
20999,CWB,1QS,1QS,6,2,HCB,B HJWT >LH B JFR>L NKWNH <YT H JXD B >MT L MV<T <WLM BJT QWDC L JFR>L W SWD QWDC QWDCJM L >HRWN <DJ >MT L MCPV W BXJRJ RYWN L KPR B<D H >RY W L HCB L RC<JM GMWL M,W L HCB L RC<JM GMWL M,,L RC<JM,0,,,hif,infc,L,,,
21584,JY>,1QS,1QS,6,25,JY>W,W M KWL <YT H TWRH LW> JY>W L LKT B KWL CRJRWT LB M,W M KWL <YT H TWRH LW> JY>W,,M KWL <YT H TWRH,0,,,qal,impf,MN,,,
21623,HLK,1QS,1QS,6,27,HTHLK,>LH H XWQJM L MFKJL L HTHLK B M <M KWL XJ L TKWN <T W <T W L MCQL >JC W >JC,L HTHLK B M <M KWL XJ L TKWN <T W <T W L MCQL >JC W >JC,,B M,0,,,hit,infc,B,,,
21017,XWC,1QS,1QS,6,3,JXJCW,HJ>H XWMT H BXN PNT JQR BL JZD<Z<W JSWDWTJ HW W BL JXJCW M MQWM M M<WN QWDC QWDCJM L >HRWN B D<T KWL M L BRJT MCPV W L QRJB RJX NJXWX W BJT TMJM W >MT B JFR>L L HQM BRJT L XWQWT <WLM,W BL JXJCW M MQWM M,,M MQWM M,0,,,hif,impf,MN,,,
21804,GLH,1QS,1QS,6,31,NGLH,W >CR LW> L HWKJX W L HTRWBB <M >NCJ H CXT W L STR >T <YT H TWRH B TWK >NCJ H <WL W L HWKJX D<T >MT W MCPV YDQ L BWXRJ DRK >JC K RWX W K TKWN H <T L HNXWT M B D<H W KN L HFKJL M B RZJ PL> W >MT B TWK >NCJ H JXD L HLK TMJM >JC >T R< HW B KWL H NGLH L HM,H NGLH L HM,,L HM,0,,,nif,ptca,L,,,
21836,SWR,1QS,1QS,6,33,HSR,W L HFKJL M KWL H NMY> L <FWT B <T H ZW>T W HBDL M KWL >JC W LW> HSR DRK W M KWL <WL,W LW> HSR DRK W M KWL <WL,,M KWL <WL,0,,,hif,infa,MN,,,
21133,HLK,1QS,1QS,6,6,LKT,W B HJWT >LH L JXD B JFR>L B TKWNJM H >LH JBDLW M TWK MWCB HNCJ H <WL L LKT L MDBR L PNWT CM >T DRK HW>H> K >CR KTWB B MDBR PNW DRK JJJJ JCRW B <RBH MSLH L >LWHJ NW,L LKT L MDBR,,L MDBR,0,,,qal,infc,L,,,
21200,SWR,1QS,1QS,6,8,JSWR,W KWL >JC M >NCJ H JXD BRJT H JXD >CR JSWR M KWL H MYWH DBR B JD RMH >L JG< B VHRT >NCJ H QWDC W >L JD< B KWL <YT M <D >CR JZKW M<FJ W M KWL <WL L HLK B TMJM DRK,>CR JSWR M KWL H MYWH DBR B JD RMH,,M KWL H MYWH,0,,,qal,impf,MN,,,
21237,QRB,1QS,1QS,6,9,QRB,W QRB HW B <YH <L PJ H RBJM W >XR JKTB B TKWN W,W QRB HW B <YH <L PJ H RBJM,HW,B <YH,0,,,piel,perf,B,,,
22183,BW>,1QS,1QS,7,11,>BW>H,<M MBW> JWM W LJLH >BW>H B BRJT >L W <M MWY> <RB W BWQR >MR XWQJ W,<M MBW> JWM W LJLH >BW>H B BRJT >L,,B BRJT >L,0,,,qal,impf,B,,,
22272,JY>,1QS,1QS,7,16,Y>T,B RCJT MCLX JDJ W RGLJ >BRK CM W B R>CJT Y>T W BW> L CBT W QWM W <M MCKB JYW< J >RNNH L W,B R>CJT Y>T,,B R>CJT,0,,,qal,infc,B,,,
22012,PNH,1QS,1QS,7,2,PNJ,B RCJT >CMWRJ XWCK KJ> JPTX >WYR W W JCT HW <L T W B TQWPT W <M H>SP W M PNJ >WR,<M H>SP W M PNJ >WR,,M PNJ >WR,0,,,NA,NA,MN,,,
22365,CWB,1QS,1QS,7,22,>CJB,LW> >CJB L >JC GMWL R< B VWB >RDP GBR,LW> >CJB L >JC GMWL R<,,L >JC,0,,,hif,impf,L,,,
22415,CWB,1QS,1QS,7,26,>CJB,W >P J> LW> >CJB M >NCJ <WLH W LW> >RYH <D HKJN MCPV,W >P J> LW> >CJB M >NCJ <WLH,,M >NCJ <WLH,0,,,hif,impf,MN,,,
22570,CWB,1QS,1QS,7,33,HCJB,>XLQH XWQ B QW <TJM W YDQ >HBT XSD L NJKN<JM W XZWQ JDJM L NMHRJ LB W L LMD L TW<J RWX BJNH W L HFKJL RWKNJM B LQX W L HCJB <NWH L NGD RMJ RWX W B RWX NCBRH L >NCJ MVH CWLXJ >YB< W MDBRJ >WN W MQNJ HWN,W L HCJB <NWH L NGD,,L NGD,0,,,hif,infc,L,,,
22771,HLK,1QS,1QS,7,42,HWLKJ,<WWNWTJ PC<J XV>T J <M N<WJT LBB J L SWD RMH W HWLKJ XWCK,W HWLKJ XWCK,,XWCK,0,,,qal,ptca,,,,
22944,PNH,1QS,1QS,7,52,PNJ,HKN B YDQ KWL M<FJ W W HQM L BN >MT KH K >CR RYJTH L BXJRJ >DM L HTJYB L PNJ KH L <D,L HTJYB L PNJ KH L <D,,L PNJ KH,0,,,NA,NA,L,,,
22981,CWB,1QS,1QS,7,55,HCJB,W >JN >XR ZWLT KH L HCJB <L <YT KH W L HFKJL B KWL MXCBT QWDC KH W L HBJV B <WMQ RZJ KH W L HTBWNN B KWL NPL>WTJ KH <M KWX GBWRT KH,L HCJB <L <YT KH,,<L <YT KH,0,,,hif,infc,<L,,,
23034,CWB,1QS,1QS,7,58,JCB,W JLWD >CH MH JCB L PNJ KH,MH JCB L PNJ KH,,L PNJ KH,0,,,hif,impf,L,,,
23036,PNH,1QS,1QS,7,58,PNJ,W JLWD >CH MH JCB L PNJ KH,MH JCB L PNJ KH,,L PNJ KH,0,,,NA,NA,L,,,
