verb_id,in_medill,lex,scroll,book,chapter,verse_num,gcons_verb,gcons_verse,sign_info,stem,tense,gcons_clause,subject,complement,cmpl_lex,cmpl_translation,dir_he,cmpl_constr,cmpl_nt,cmpl_anim,cmpl_det,cmpl_indiv,cmpl_complex,motion_type,preposition_1,preposition_2,preposition_3,preposition_4,comments,cmpl_type
212418,0,BW>[,MT,Isaiah,1,23,JBW>,FRJK SWRRJM W XBRJ GNBJM KLW >HB CXD W RDP CLMNJM JTWM L> JCPVW W RJB >LMNH L> JBW> >LJHM,,qal,impf,W RJB >LMNH L> JBW> >LJHM,RJB >LMNH,>LJHM,>L,to them,0,prep,prps,anim,det,prsf,simple,fictive,>L,,,,,
212437,0,CWB[,MT,Isaiah,1,25,>CJBH,W >CJBH JDJ <LJK W >YRP K BR SJGJK W >SJRH KL BDJLJK,,hif,impf,W >CJBH JDJ <LJK,,<LJK,<L,against you,0,prep,prps,anim,det,prsf,simple,factive fictive,<L,,,,,
212564,0,NHR[,MT,Isaiah,2,2,NHRW,W HJH B >XRJT H JMJM NKWN JHJH HR BJT JHWH B R>C H HRJM W NF> M GB<WT W NHRW >LJW KL H GWJM,,qal,perf,W NHRW >LJW KL H GWJM,KL H GWJM,>LJW,>L,to it (the mountain),0,prep,prps,inanim,det,prsf,simple,factive,>L,,,,,
212577,0,<LH[,MT,Isaiah,2,3,N<LH,W HLKW <MJM RBJM W >MRW LKW W N<LH >L HR JHWH >L BJT >LHJ J<QB W JRNW M DRKJW W NLKH B >RXTJW KJ M YJWN TY> TWRH W DBR JHWH M JRWCLM,,qal,impf,W N<LH >L HR JHWH >L BJT >LHJ J<QB,,>L HR JHWH >L BJT >LHJ J<QB,>L HR/ JHWH/ >L BJT/ >LHJM/ J<QB/,to the mountain of Yahwe to the house of the God of Jacob,0,prep,topo,inanim,det,subs,complex,factive,>L,>L,,,,
212590,0,HLK[,MT,Isaiah,2,3,NLKH,W HLKW <MJM RBJM W >MRW LKW W N<LH >L HR JHWH >L BJT >LHJ J<QB W JRNW M DRKJW W NLKH B >RXTJW KJ M YJWN TY> TWRH W DBR JHWH M JRWCLM,,qal,impf,W NLKH B >RXTJW,,B >RXTJW,B >RX/,in his paths,0,prep,abs,inanim,det,subs,complex,factive fictive,B,,,,,
212637,0,HLK[,MT,Isaiah,2,5,NLKH,BJT J<QB LKW W NLKH B >WR JHWH,,qal,impf,W NLKH B >WR JHWH,,B >WR JHWH,B >WR/ JHWH/,in the light of Yahwe,0,prep,abs,inanim,det,subs,complex,fictive,B,,,,,
212702,0,BW>[,MT,Isaiah,2,10,BW>,BW> B YWR W HVMN B <PR M PNJ PXD JHWH W M HDR G>NW,,qal,impv,BW> B YWR,,B YWR,B H YWR/,in the rock,0,prep,topo,inanim,det,subs,simple,factive,B,,,,,
212830,0,BW>[,MT,Isaiah,2,19,B>W,W B>W B M<RWT YRJM W B MXLWT <PR M PNJ PXD JHWH W M HDR G>WNW B QWMW L <RY H >RY,,qal,perf,W B>W B M<RWT YRJM W B MXLWT <PR M PNJ PXD JHWH W M HDR G>WNW,,B M<RWT YRJM W B MXLWT <PR,B M<RH/ YWR/ W B MXLH==/ <PR/,in caves of rocks and in holes of dust,0,prep,topo,inanim,und,subs,complex,factive,B,B,,,,
212880,0,BW>[,MT,Isaiah,2,21,BW>,L BW> B NQRWT H YRJM W B S<PJ H SL<JM M PNJ PXD JHWH W M HDR G>WNW B QWMW L <RY H >RY,,qal,infc,L BW> B NQRWT H YRJM W B S<PJ H SL<JM M PNJ PXD JHWH W M HDR G>WNW,,B NQRWT H YRJM W B S<PJ H SL<JM,B NQRH/ H YWR/ W B S<JP/ H SL</,in the caverns of the rocks and in the clefts of the cliffs,0,prep,topo,inanim,det,subs,complex,factive,B,B,,,,
213114,0,BW>[,MT,Isaiah,3,14,JBW>,JHWH B MCPV JBW> <M ZQNJ <MW W FRJW W >TM B<RTM H KRM GZLT H <NJ B BTJKM,,qal,impf,JHWH B MCPV JBW> <M ZQNJ <MW W FRJW,JHWH,B MCPV,B MCPV/,in judgment,0,prep,abs,inanim,und,subs,simple,fictive,B,,,,,
213114,0,BW>[,MT,Isaiah,3,14,JBW>,JHWH B MCPV JBW> <M ZQNJ <MW W FRJW W >TM B<RTM H KRM GZLT H <NJ B BTJKM,,qal,impf,JHWH B MCPV JBW> <M ZQNJ <MW W FRJW,JHWH,<M ZQNJ <MW W FRJW,<M ZQN/ <M/ W FR/,with the elder ones of his people and his princes,0,prep,gens,anim,det,subs,complex,factive fictive,<M,,,,,
213573,0,QRB[,MT,Isaiah,5,8,JQRJBW,HWJ MGJ<J BJT B BJT FDH B FDH JQRJBW <D >PS MQWM W HWCBTM L BDKM B QRB H >RY,,hif,impf,FDH B FDH JQRJBW <D >PS MQWM,,B FDH,B FDH/,in (with) field,0,prep,topo,inanim,und,subs,simple,factive fictive,B,,,,,
214081,0,<WP[,MT,Isaiah,6,6,J<P,W J<P >LJ >XD MN H FRPJM W B JDW RYPH B MLQXJM LQX M <L H MZBX,,qal,wayq,W J<P >LJ >XD MN H FRPJM,>XD MN H FRPJM,>LJ,>L,to me,0,prep,prps,anim,det,prsf,simple,factive,>L,,,,,
214531,0,BW>[,MT,Isaiah,7,17,JBJ>,JBJ> JHWH <LJK W <L <MK W <L BJT >BJK JMJM >CR L> B>W L M JWM SWR >PRJM M <L JHWDH >T MLK >CWR,,hif,impf,JBJ> JHWH <LJK W <L <MK W <L BJT >BJK JMJM >T MLK >CWR,JHWH,<LJK W <L <MK W <L BJT >BJK,<L W <L <M/ W <L BJT/ >B/,upon you and upon your people and upon the house of your father,0,prep,prps,anim,det,prsf,complex,fictive,<L,<L,<L,,,
214584,0,NWX[,MT,Isaiah,7,19,NXW,W B>W W NXW KLM B NXLJ H BTWT W B NQJQJ H SL<JM W B KL H N<YWYJM W B KL H NHLLJM,,qal,perf,W NXW KLM B NXLJ H BTWT W B NQJQJ H SL<JM W B KL H N<YWYJM W B KL H NHLLJM,KLM,B NXLJ H BTWT W B NQJQJ H SL<JM W B KL H N<YWYJM W B KL H NHLLJM,B NXL/ H BTH/ W B NQJQ/ H SL</ W B KL/ H N<YWY/ W B KL/ H NHLL/,in the ravines of the precipices and in the clefts of the rocks and in all the thornbushes and in all the watering places,0,prep,topo,inanim,det,subs,complex,factive fictive,B,B,B,B,,
214768,0,QRB[,MT,Isaiah,8,3,>QRB,W >QRB >L H NBJ>H W THR W TLD BN W J>MR JHWH >LJ QR> CMW MHR CLL XC BZ,,qal,wayq,W >QRB >L H NBJ>H,,>L H NBJ>H,>L H NBJ>H/,to the prophetess,0,prep,pers,anim,det,subs,simple,factive,>L,,,,,
214859,0,<LH[,MT,Isaiah,8,7,<LH,W LKN HNH >DNJ M<LH <LJHM >T MJ H NHR H <YWMJM W H RBJM >T MLK >CWR W >T KL KBWDW W <LH <L KL >PJQJW W HLK <L KL GDWTJW,,qal,perf,W <LH <L KL >PJQJW,,<L KL >PJQJW,<L KL/ >PJQ/,over all its channels,0,prep,topo,inanim,det,subs,complex,factive,<L,,,,,
214864,0,HLK[,MT,Isaiah,8,7,HLK,W LKN HNH >DNJ M<LH <LJHM >T MJ H NHR H <YWMJM W H RBJM >T MLK >CWR W >T KL KBWDW W <LH <L KL >PJQJW W HLK <L KL GDWTJW,,qal,perf,W HLK <L KL GDWTJW,,<L KL GDWTJW,<L KL/ GDJH/,over all its banks,0,prep,topo,inanim,det,subs,complex,factive,<L,,,,,
214869,0,XLP[,MT,Isaiah,8,8,XLP,W XLP B JHWDH CVP W <BR <D YW>R JGJ< W HJH MVWT KNPJW ML> RXB >RYK <MNW >L,,qal,perf,W XLP B JHWDH,,B JHWDH,B JHWDH/,in/into Judah,0,prep,"pers,gens,topo",anim inanim,det,nmpr,simple,factive,B,,,,,
214926,0,HLK[,MT,Isaiah,8,11,LKT,KJ KH >MR JHWH >LJ K XZQT H JD W JSRNJ M LKT B DRK H <M H ZH L >MR,,qal,infc,M LKT B DRK H <M H ZH,,B DRK H <M H ZH,B DRK/ H <M/ H ZH,in the way of this people,0,prep,other,inanim,det,subs,complex,factive fictive,B,,,,,
215093,0,<BR[,MT,Isaiah,8,21,<BR,W <BR BH NQCH W R<B W HJH KJ JR<B W HTQYP W QLL B MLKW W B >LHJW W PNH L M<LH,,qal,perf,W <BR BH,,BH,B,in it,0,prep,prps,inanim,det,prsf,simple,factive,B,,,,,
215112,0,PNH[,MT,Isaiah,8,21,PNH,W <BR BH NQCH W R<B W HJH KJ JR<B W HTQYP W QLL B MLKW W B >LHJW W PNH L M<LH,,qal,perf,W PNH L M<LH,,L M<LH,L M<L/,upwards,1,prep + dir-he,dir,inanim,und,subs,simple,factive,L,,,,,
215297,0,NPL[,MT,Isaiah,9,7,NPL,DBR CLX >DNJ B J<QB W NPL B JFR>L,,qal,perf,W NPL B JFR>L,,B JFR>L,B JFR>L/,on Israel,0,prep,"pers,gens,topo",anim inanim,det,nmpr,simple,fictive,B,,,,,
215567,0,NWS[,MT,Isaiah,10,3,TNWSW,W MH T<FW L JWM PQDH W L CW>H M MRXQ TBW> <L MJ TNWSW L <ZRH W >NH T<ZBW KBWDKM,,qal,impf,<L MJ TNWSW L <ZRH,,<L MJ,<L MJ,to whom,0,prep,ppin,anim,und,ppin,simple,factive,<L,,,,,
215581,0,NPL[,MT,Isaiah,10,4,JPLW,BLTJ KR< TXT >SJR W TXT HRWGJM JPLW B KL Z>T L> CB >PW W <WD JDW NVWJH,,qal,impf,W TXT HRWGJM JPLW,,TXT HRWGJM,TXT/ HRG[,instead of/among the ones being killed,0,prep,pers,anim,und,subs,simple,factive fictive,TXT,,,,,
215894,0,CWB[,MT,Isaiah,10,21,JCWB,C>R JCWB C>R J<QB >L >L GBWR,,qal,impf,C>R JCWB C>R J<QB >L >L GBWR,C>R C>R J<QB,>L >L GBWR,>L >L/ GBWR/,to the mighty god,0,prep,pers,anim,und,subs,complex,fictive,>L,,,,,
215910,0,CWB[,MT,Isaiah,10,22,JCWB,KJ >M JHJH <MK JFR>L K XWL H JM C>R JCWB BW KLJWN XRWY CWVP YDQH,,qal,impf,KJ C>R JCWB BW,C>R,BW,B,to him,0,prep,prps,anim,det,prsf,simple,fictive,B,,,,,
216009,0,BW>[,MT,Isaiah,10,28,B>,B> <L <JT <BR B MGRWN L MKMF JPQJD KLJW,,qal,perf,B> <L <JT,,<L <JT,<L <JT/,to Aiath,0,prep,topo,inanim,det,nmpr,simple,factive,<L,,,,,
216012,0,<BR[,MT,Isaiah,10,28,<BR,B> <L <JT <BR B MGRWN L MKMF JPQJD KLJW,,qal,perf,<BR B MGRWN,,B MGRWN,B MGRWN/,through Migron,0,prep,topo,inanim,det,nmpr,simple,factive,B,,,,,
216019,0,<BR[,MT,Isaiah,10,29,<BRW,<BRW M<BRH GB< MLWN LNW XRDH H RMH GB<T C>WL NSH,,qal,perf,<BRW M<BRH,,M<BRH,M<BRH/,(in) a pass,0,vc,topo,inanim,und,subs,simple,factive,,,,,,
216102,0,NWX[,MT,Isaiah,11,2,NXH,W NXH <LJW RWX JHWH RWX XKMH W BJNH RWX <YH W GBWRH RWX D<T W JR>T JHWH,,qal,perf,W NXH <LJW RWX JHWH RWX XKMH W BJNH RWX <YH W GBWRH RWX D<T W JR>T JHWH,RWX JHWH RWX XKMH W BJNH RWX <YH W GBWRH RWX D<T W JR>T JHWH,<LJW,<L,upon him,0,prep,prps,anim,det,prsf,simple,factive fictive,<L,,,,,
216346,0,<WP[,MT,Isaiah,11,14,<PW,W <PW B KTP PLCTJM JMH JXDW JBZW >T BNJ QDM >DWM W MW>B MCLWX JDM W BNJ <MWN MCM<TM,,qal,perf,W <PW B KTP PLCTJM JMH,,PLCTJM,PLCTJ/,towards the Philistines,0,vc,gens,anim,und,nmpr,simple,factive,,,,,,
216516,0,BW>[,MT,Isaiah,13,2,JB>W,<L HR NCPH F>W NS HRJMW QWL LHM HNJPW JD W JB>W PTXJ NDJBJM,,qal,impf,W JB>W PTXJ NDJBJM,,PTXJ NDJBJM,PTX/ NDJB/,the doors of the nobles,0,vc,obj,inanim,und,subs,complex,factive,,,,,,
216840,0,NWX[,MT,Isaiah,14,1,HNJXM,KJ JRXM JHWH >T J<QB W BXR <WD B JFR>L W HNJXM <L >DMTM W NLWH H GR <LJHM W NSPXW <L BJT J<QB,,hif,perf,W HNJXM <L >DMTM,,<L >DMTM,<L >DMH/,in their land,0,prep,topo,inanim,det,subs,complex,factive fictive,<L,,,,,
216885,0,NWX[,MT,Isaiah,14,3,HNJX,W HJH B JWM HNJX JHWH LK M <YBK W M RGZK W MN H <BDH H QCH >CR <BD BK,,hif,infc,HNJX JHWH LK M <YBK W M RGZK W MN H <BDH H QCH,JHWH,LK,L,to you,0,prep,prps,anim,det,prsf,simple,factive fictive,L,,,,,
216956,0,<LH[,MT,Isaiah,14,8,J<LH,GM BRWCJM FMXW LK >RZJ LBNWN M >Z CKBT L> J<LH H KRT <LJNW,,qal,impf,L> J<LH H KRT <LJNW,H KRT,<LJNW,<L,against us (the cedars),0,prep,prps,inanim,det,prsf,simple,factive,<L,,,,,
216991,0,JRD[,MT,Isaiah,14,11,HWRD,HWRD C>WL G>WNK HMJT NBLJK TXTJK JY< RMH W MKSJK TWL<H,,hof,perf,HWRD C>WL G>WNK HMJT NBLJK,G>WNK HMJT NBLJK,C>WL,C>WL/,to the underworld,0,vc,topo,inanim,und,subs,simple,fictive,,,,,,
217023,0,<LH[,MT,Isaiah,14,13,><LH,W >TH >MRT B LBBK H CMJM ><LH M M<L L KWKBJ >L >RJM KS>J W >CB B HR MW<D B JRKTJ YPWN,,qal,impf,H CMJM ><LH,,H CMJM,H CMJM/,the heavens,0,vc,topo,inanim,det,subs,simple,factive,,,,,,
217039,0,<LH[,MT,Isaiah,14,14,><LH,><LH <L BMTJ <B >DMH L <LJWN,,qal,impf,><LH <L BMTJ <B,,<L BMTJ <B,<L BMH/ <B/,above the heights of the cloud(s),0,prep,other,inanim,und,subs,complex,factive,<L,,,,,
217049,0,JRD[,MT,Isaiah,14,15,TWRD,>K >L C>WL TWRD >L JRKTJ BWR,,hof,impf,>K >L C>WL TWRD >L JRKTJ BWR,,>K >L C>WL >L JRKTJ BWR,>K >L C>WL/ >L JRKH/ BWR/,"but to the underworld, to the extremities of the pit",0,prep,topo,inanim,und,subs,complex,factive,>L,>L,,,,
217101,0,JRD[,MT,Isaiah,14,19,JWRDJ,W >TH HCLKT M QBRK K NYR NT<B LBWC HRGJM MV<NJ XRB JWRDJ >L >BNJ BWR K PGR MWBS,,qal,ptca,JWRDJ >L >BNJ BWR K PGR MWBS,,>L >BNJ BWR,>L >BN/ BWR/,to stones of the pit,0,prep,topo,inanim,und,subs,complex,factive,>L,,,,,
217340,0,<LH[,MT,Isaiah,15,2,<LH,<LH H BJT W DJBN H BMWT L BKJ <L NBW W <L MJDB> MW>B JJLJL B KL R>CJW QRXH KL ZQN GRW<H,,qal,perf,<LH H BJT,,H BJT,H BJT/,to the house/to the temple,0,vc,topo,inanim,det,subs,simple,factive,,,,,,
217409,0,<LH[,MT,Isaiah,15,5,J<LH,LBJ L MW>B JZ<Q BRJXH <D Y<R <GLT CLCJH KJ M<LH H LWXJT B BKJ J<LH BW KJ DRK XWRNJM Z<QT CBR J<<RW,,qal,impf,B BKJ J<LH BW,,BW,B,on him (the Luhith),0,prep,prps,inanim,det,prsf,simple,factive,B,,,,,
217594,0,T<H[,MT,Isaiah,16,8,T<W,KJ CDMWT XCBWN >MLL GPN FBMH B<LJ GWJM HLMW FRWQJH <D J<ZR NG<W T<W MDBR CLXWTJH NVCW <BRW JM,,qal,perf,T<W MDBR,,MDBR,MDBR/,to a desert,0,vc,topo,inanim,und,subs,simple,factive,,,,,,
217992,0,HLK[,MT,Isaiah,18,2,LKW,H CLX B JM YJRJM W B KLJ GM> <L PNJ MJM LKW ML>KJM QLJM >L GWJ MMCK W MWRV >L <M NWR> MN HW> W HL>H GWJ QW QW W MBWSH >CR BZ>W NHRJM >RYW,,qal,impv,LKW >L GWJ MMCK W MWRV,,>L GWJ MMCK W MWRV,>L GWJ/ MCK[ W MRV[,to a nation tall and smooth,0,prep,gens,anim,und,subs,complex,factive,>L,,,,,
218147,0,BW>[,MT,Isaiah,19,1,B>,MF> MYRJM HNH JHWH RKB <L <B QL W B> MYRJM W N<W >LJLJ MYRJM M PNJW W LBB MYRJM JMS B QRBW,,qal,perf,W B> MYRJM,,MYRJM,MYRJM/,to Egypt,0,vc,topo,inanim,det,nmpr,simple,factive,,,,,,
218530,0,CWB[,MT,Isaiah,19,22,CBW,W NGP JHWH >T MYRJM NGP W RPW> W CBW <D JHWH W N<TR LHM W RP>M,,qal,perf,W CBW <D JHWH,,<D JHWH,<D JHWH/,to Yahweh,0,prep,pers,anim,det,nmpr,simple,factive fictive,<D,,,,,
218991,0,<LH[,MT,Isaiah,22,1,<LJT,MF> GJ> XZJWN MH LK >PW> KJ <LJT KLK L GGWT,,qal,perf,KJ <LJT KLK L GGWT,KLK,L GGWT,L H GG/,to the rooftops,0,prep,obj,inanim,det,subs,simple,factive,L,,,,,
219429,0,GLH[,MT,Isaiah,23,1,NGLH,MF> YR HJLJLW >NJWT TRCJC KJ CDD M BJT M BW> M >RY KTJM NGLH LMW,,nif,perf,NGLH LMW,,LMW,L,to them,0,prep,prps,anim,det,prsf,simple,factive fictive,L,,,,,
219482,0,<BR[,MT,Isaiah,23,6,<BRW,<BRW TRCJCH HJLJLW JCBJ >J,,qal,impv,<BRW TRCJCH,,TRCJCH,TRCJC=/,to Tarshish,1,dir-he,topo,inanim,det,nmpr,simple,factive,,,,,,
219527,0,<BR[,MT,Isaiah,23,10,<BRJ,<BRJ >RYK K J>R BT TRCJC >JN MZX <WD,,qal,impv,<BRJ >RYK K J>R,,>RYK,>RY/,to your land,0,vc,topo,inanim,det,subs,complex,factive,,,,,,
219565,0,<BR[,MT,Isaiah,23,12,<BRJ,W J>MR L> TWSJPJ <WD L <LWZ H M<CQH BTWLT BT YJDWN KTJJM QWMJ <BRJ GM CM L> JNWX LK,,qal,impv,KTJJM <BRJ,,KTJJM,KTJ/,to Cyprus,0,vc,topo,inanim,und,subs,simple,factive,,,,,KTJ/ not a proper noun (BH),
219646,0,CWB[,MT,Isaiah,23,17,CBH,W HJH M QY CB<JM CNH JPQD JHWH >T YR W CBH L >TNNH W ZNTH >T KL MMLKWT H >RY <L PNJ H >DMH,,qal,perf,W CBH L >TNNH,,L >TNNH,L >TNN/,to her wages,0,prep,occ,inanim,det,subs,complex,factive fictive,L,,,,,
219943,0,NPL[,MT,Isaiah,24,18,JPL,W HJH H NS M QWL H PXD JPL >L H PXT W H <WLH M TWK H PXT JLKD B PX KJ >RBWT M MRWM NPTXW W JR<CW MWSDJ >RY,,qal,impf,JPL >L H PXT,,>L H PXT,>L H PXT/,into the pit,0,prep,topo,inanim,det,subs,simple,factive,>L,,,,,
220237,0,NWX[,MT,Isaiah,25,10,TNWX,KJ TNWX JD JHWH B HR H ZH W NDWC MW>B TXTJW K HDWC MTBN BMJ MDMNH,,qal,impf,KJ TNWX JD JHWH B HR H ZH,JD JHWH,B HR H ZH,B H HR/ H ZH,on this mountain,0,prep,topo,inanim,det,subs,complex,factive fictive,B,,,,,
220526,0,BW>[,MT,Isaiah,26,20,B>,LK <MJ B> B XDRJK W SGR DLTJK B<DK XBJ K M<V RG< <D J<BWR Z<M,,qal,impv,B> B XDRJK,,B XDRJK,B XDR/,in your chambers,0,prep,topo,inanim,det,subs,complex,factive,B,,,,,
220632,0,PF<[,MT,Isaiah,27,4,>PF<H,XMH >JN LJ MJ JTNNJ CMJR CJT B MLXMH >PF<H BH >YJTNH JXD,,qal,impf,B MLXMH >PF<H BH,,BH,B,against her,0,prep,prps,inanim,det,prsf,simple,factive fictive,B,,,,,
220841,0,NWX[,MT,Isaiah,28,2,HNJX,HNH XZQ W >MY L >DNJ K ZRM BRD F<R QVB K ZRM MJM KBJRJM CVPJM HNJX L >RY B JD,,hif,perf,K ZRM BRD F<R QVB K ZRM MJM KBJRJM CVPJM HNJX L >RY B JD,,L >RY,L H >RY/,to the earth,0,prep,topo,inanim,det,subs,simple,factive,L,,,,,
221007,0,NWX[,MT,Isaiah,28,12,HNJXW,>CR >MR >LJHM Z>T H MNWXH HNJXW L <JP W Z>T H MRG<H W L> >BW> CMW<,,hif,impv,HNJXW L <JP,,L <JP,L H <JP/,to the weary,0,prep,gens,anim,det,adj,simple,factive fictive,L,,,,,
221291,0,SBB[,MT,Isaiah,28,27,JWSB,KJ L> B XRWY JWDC QYX W >WPN <GLH <L KMN JWSB KJ B MVH JXBV QYX W KMN B CBV,,hof,impf,W >WPN <GLH <L KMN JWSB,>WPN <GLH,<L KMN,<L KMN/,over cummin,0,prep,obj,inanim,und,subs,simple,factive,<L,,,,,
221673,0,CWB[,MT,Isaiah,29,17,CB,H LW> <WD M<V MZ<R W CB LBNWN L KRML W H KRML L J<R JXCB,,qal,perf,W CB LBNWN L KRML,LBNWN,L KRML,L H KRML/,into the plantation,0,prep,obj,inanim,det,subs,simple,fictive,L,,,,,
221822,0,JRD[,MT,Isaiah,30,2,RDT,H HLKJM L RDT MYRJM W PJ L> C>LW L <WZ B M<WZ PR<H W L XSWT B YL MYRJM,,qal,infc,L RDT MYRJM,,MYRJM,MYRJM/,to Egypt,0,vc,topo,inanim,det,nmpr,simple,factive,,,,,,
221829,0,<WZ[,MT,Isaiah,30,2,<WZ,H HLKJM L RDT MYRJM W PJ L> C>LW L <WZ B M<WZ PR<H W L XSWT B YL MYRJM,,qal,infa,L <WZ B M<WZ PR<H,,B M<WZ PR<H,B M<WZ/ PR<H/,under the protection of Pharaoh,0,prep,abs,inanim,det,subs,complex,factive fictive,B,,,,,
221835,0,XSH[,MT,Isaiah,30,2,XSWT,H HLKJM L RDT MYRJM W PJ L> C>LW L <WZ B M<WZ PR<H W L XSWT B YL MYRJM,,qal,infc,W L XSWT B YL MYRJM,,B YL MYRJM,B YL/ MYRJM/,in the shadow of Egypt,0,prep,abs,inanim,det,subs,complex,factive fictive,B,,,,,
222193,0,HLK[,MT,Isaiah,30,21,LKW,W >ZNJK TCM<NH DBR M >XRJK L >MR ZH H DRK LKW BW KJ T>MJNW W KJ TFM>JLW,,qal,impv,LKW BW,,BW,B,in it (the way),0,prep,prps,inanim,det,prsf,simple,factive,B,,,,,
222422,0,NWX[,MT,Isaiah,30,32,JNJX,W HJH KL M<BR MVH MWSDH >CR JNJX JHWH <LJW B TPJM W B KNRWT W B MLXMWT TNWPH NLXM BH,,hif,impf,>CR JNJX JHWH <LJW,JHWH,<LJW,<L,on him,0,prep,prps,anim,det,prsf,simple,factive,<L,,,,,
222463,0,JRD[,MT,Isaiah,31,1,JRDJM,HWJ H JRDJM MYRJM L <ZRH <L SWSJM JC<NW W JBVXW <L RKB KJ RB W <L PRCJM KJ <YMW M>D W L> C<W <L QDWC JFR>L W >T JHWH L> DRCW,,qal,ptca,H JRDJM MYRJM L <ZRH,,MYRJM,MYRJM/,to Egypt,0,vc,topo,inanim,det,nmpr,simple,factive,,,,,,
222995,0,CQQ[,MT,Isaiah,33,4,CWQQ,W >SP CLLKM >SP H XSJL K MCQ GBJM CWQQ BW,,qal,ptca,K MCQ GBJM CWQQ BW,,BW,B,on it (your spoil),0,prep,prps,inanim,det,prsf,simple,factive,B,,,,,
223214,0,HLK[,MT,Isaiah,33,21,TLK,KJ >M CM >DJR JHWH LNW MQWM NHRJM J>RJM RXBJ JDJM BL TLK BW >NJ CJV W YJ >DJR L> J<BRNW,,qal,impf,BL TLK BW >NJ CJV,>NJ CJV,BW,B,in it (a place),0,prep,prps,inanim,det,prsf,simple,factive,B,,,,,
223343,0,JRD[,MT,Isaiah,34,5,TRD,KJ RWTH B CMJM XRBJ HNH <L >DWM TRD W <L <M XRMJ L MCPV,,qal,impf,HNH <L >DWM TRD,,<L >DWM,<L >DWM/,upon Edom,0,prep,topo,inanim,det,nmpr,simple,factive fictive,<L,,,,,
223440,0,<BR[,MT,Isaiah,34,10,<BR,LJLH W JWMM L> TKBH L <WLM J<LH <CNH M DWR L DWR TXRB L NYX NYXJM >JN <BR BH,,qal,ptca,L NYX NYXJM >JN <BR BH,,BH,B,through it (Edom),0,prep,prps,inanim,det,prsf,simple,factive,B,,,,,
223722,0,BW>[,MT,Isaiah,35,10,B>W,W PDWJJ JHWH JCBWN W B>W YJWN B RNH W FMXT <WLM <L R>CM FFWN W FMXH JFJGW W NSW JGWN W >NXH,,qal,perf,W B>W YJWN B RNH,,YJWN,YJWN==/,to Zion,0,vc,topo,inanim,det,nmpr,simple,factive,,,,,,
223867,0,BW>[,MT,Isaiah,36,6,B>,HNH BVXT <L MC<NT H QNH H RYWY H ZH <L MYRJM >CR JSMK >JC <LJW W B> B KPW W NQBH KN PR<H MLK MYRJM L KL H BVXJM <LJW,,qal,perf,W B> B KPW,,B KPW,B KP/,in his hand,0,prep,bopa,inanim,det,subs,complex,factive,B,,,,,
224316,0,BW>[,MT,Isaiah,37,3,B>W,W J>MRW >LJW KH >MR XZQJHW JWM YRH W TWKXH W N>YH H JWM H ZH KJ B>W BNJM <D MCBR W KX >JN L LDH,,qal,perf,KJ B>W BNJM <D MCBR,BNJM,<D MCBR,<D MCBR=/,to birth,0,prep,other,inanim,und,subs,simple,factive,<D,,,,,
224721,0,<LH[,MT,Isaiah,37,24,<LJTJ,B JD <BDJK XRPT >DNJ W T>MR B RB RKBJ >NJ <LJTJ MRWM HRJM JRKTJ LBNWN W >KRT QWMT >RZJW MBXR BRCJW W >BW> MRWM QYW J<R KRMLW,,qal,perf,B RB RKBJ >NJ <LJTJ MRWM HRJM JRKTJ LBNWN,>NJ,MRWM HRJM JRKTJ LBNWN,MRWM/ HR/ JRKH/ LBNWN/,"to the heights of the mountains, to the remote parts of Lebanon",0,vc,topo,inanim,und,subs,complex,factive,,,,,,
224733,0,BW>[,MT,Isaiah,37,24,>BW>,B JD <BDJK XRPT >DNJ W T>MR B RB RKBJ >NJ <LJTJ MRWM HRJM JRKTJ LBNWN W >KRT QWMT >RZJW MBXR BRCJW W >BW> MRWM QYW J<R KRMLW,,qal,impf,W >BW> MRWM QYW J<R KRMLW,,MRWM QYW J<R KRMLW,MRWM/ QY/ J<R/ KRML/,"to its remotest heights, its garden-like forest",0,vc,topo,inanim,det,subs,complex,factive,,,,,,
224810,0,<LH[,MT,Isaiah,37,29,<LH,J<N HTRGZK >LJ W C>NNK <LH B >ZNJ W FMTJ XXJ B >PK W MTGJ B FPTJK W HCJBTJK B DRK >CR B>T BH,,qal,perf,W C>NNK <LH B >ZNJ,C>NNK,B >ZNJ,B >ZN/,in my two ears,0,prep,bopa,inanim,det,subs,complex,fictive,B,,,,,
225047,0,SBB[,MT,Isaiah,38,2,JSB,W JSB XZQJHW PNJW >L H QJR W JTPLL >L JHWH,,hif,wayq,W JSB XZQJHW PNJW >L H QJR,XZQJHW,>L H QJR,>L H QJR/,to/toward the wall,0,prep,obj,inanim,det,subs,simple,factive fictive,>L,,,,non horizontal motion,
225696,0,<LH[,MT,Isaiah,40,9,<LJ,<L HR GBH <LJ LK MBFRT YJWN HRJMJ B KX QWLK MBFRT JRWCLM HRJMJ >L TJR>J >MRJ L <RJ JHWDH HNH >LHJKM,,qal,impv,<L HR GBH <LJ LK,,<L HR GBH,<L HR/ GBH/,to a high mountain,0,prep,topo,inanim,und,subs,complex,factive,<L,,,,,
226545,0,JY>[,MT,Isaiah,42,1,JWYJ>,HN <BDJ >TMK BW BXJRJ RYTH NPCJ NTTJ RWXJ <LJW MCPV L GWJM JWYJ>,,hif,impf,MCPV L GWJM JWYJ>,,L GWJM,L H GWJ/,to the nations,0,prep,gens,anim,det,subs,simple,fictive,L,,,,he will bring -justice- to the nations-fictive-justice abstract,
226612,0,HLK[,MT,Isaiah,42,5,HLKJM,KH >MR H >L JHWH BWR> H CMJM W NWVJHM RQ< H >RY W Y>Y>JH NTN NCMH L <M <LJH W RWX L HLKJM BH,,qal,ptca,L HLKJM BH,,BH,B,on it (the earth),0,prep,prps,inanim,det,prsf,simple,factive,B,,,,,
226764,0,HLK[,MT,Isaiah,42,16,HWLKTJ,W HWLKTJ <WRJM B DRK L> JD<W B NTJBWT L> JD<W >DRJKM >FJM MXCK L PNJHM L >WR W M<QCJM L MJCWR >LH H DBRJM <FJTM W L> <ZBTJM,,hif,perf,W HWLKTJ <WRJM B DRK,,B DRK,B DRK/,in a way/in a path,0,prep,other,inanim,und,subs,simple,factive fictive,B,,,,,
226959,0,<BR[,MT,Isaiah,43,2,T<BR,KJ T<BR B MJM >TK >NJ W B NHRWT L> JCVPWK KJ TLK BMW >C L> TKWH W LHBH L> TB<R BK,,qal,impf,KJ T<BR B MJM,,B MJM,B H MJM/,in the waters,0,prep,topo,inanim,det,subs,simple,factive,B,,,,,
226972,0,HLK[,MT,Isaiah,43,2,TLK,KJ T<BR B MJM >TK >NJ W B NHRWT L> JCVPWK KJ TLK BMW >C L> TKWH W LHBH L> TB<R BK,,qal,impf,KJ TLK BMW >C,,BMW >C,BMW >C/,in fire,0,prep,phen,inanim,und,subs,simple,factive,BMW,,,,,
227276,0,BW>[,MT,Isaiah,43,23,HBJ>T,L> HBJ>T LJ FH <LTJK W ZBXJK L> KBDTNJ L> H<BDTJK B MNXH W L> HWG<TJK B LBWNH,,hif,perf,L> HBJ>T LJ FH <LTJK,,LJ,L,to me,0,prep,prps,anim,det,prsf,simple,factive,L,,,,,
227689,0,CWB[,MT,Isaiah,44,19,JCJB,W L> JCJB >L LBW W L> D<T W L> TBWNH L >MR XYJW FRPTJ BMW >C W >P >PJTJ <L GXLJW LXM >YLH BFR W >KL W JTRW L TW<BH ><FH L BWL <Y >SGWD,,hif,impf,W L> JCJB >L LBW,,>L LBW,>L LB/,to his heart/soul,0,prep,abs,inanim,det,subs,complex,fictive,>L,,,,to turn to one-s soul/heart-fictive,
227766,0,CWB[,MT,Isaiah,44,22,CWBH,MXJTJ K <B PC<JK W K <NN XV>WTJK CWBH >LJ KJ G>LTJK,,qal,impv,CWBH >LJ,,>LJ,>L,to me,0,prep,prps,anim,det,prsf,simple,factive fictive,>L,,,,,
227821,0,CWB[,MT,Isaiah,44,25,MCJB,MPR >TWT BDJM W QSMJM JHWLL MCJB XKMJM >XWR W D<TM JFKL,,hif,ptca,MCJB XKMJM >XWR,,>XWR,>XWR/,backwards,0,vc,dir,inanim,und,subs,simple,fictive,,,,,fictive-the liars who turn wise men backwards-as in creates a change in their intellect,
228114,0,<BR[,MT,Isaiah,45,14,J<BRW,KH >MR JHWH JGJ< MYRJM W SXR KWC W SB>JM >NCJ MDH <LJK J<BRW W LK JHJW >XRJK JLKW B ZQJM J<BRW W >LJK JCTXWW >LJK JTPLLW >K BK >L W >JN <WD >PS >LHJM,,qal,impf,JGJ< MYRJM W SXR KWC W SB>JM >NCJ MDH <LJK J<BRW,JGJ< MYRJM W SXR KWC W SB>JM >NCJ MDH,<LJK,<L,over you,0,prep,prps,anim,det,prsf,simple,factive fictive,<L,,,,,
228119,0,HLK[,MT,Isaiah,45,14,JLKW,KH >MR JHWH JGJ< MYRJM W SXR KWC W SB>JM >NCJ MDH <LJK J<BRW W LK JHJW >XRJK JLKW B ZQJM J<BRW W >LJK JCTXWW >LJK JTPLLW >K BK >L W >JN <WD >PS >LHJM,,qal,impf,>XRJK JLKW,,>XRJK,>XR/,from your behind/from behind you,0,vc,dir,inanim,det,subs,complex,factive,,,,,,
228271,0,PNH[,MT,Isaiah,45,22,PNW,PNW >LJ W HWC<W KL >PSJ >RY KJ >NJ >L W >JN <WD,,qal,impv,PNW >LJ,,>LJ,>L,to me,0,prep,prps,anim,det,prsf,simple,factive fictive,>L,,,,turn to me (God) and be saved - no horizontal motion?,
228311,0,BW>[,MT,Isaiah,45,24,JBW>,>K B JHWH LJ >MR YDQWT W <Z <DJW JBW> W JBCW KL H NXRJM BW,,qal,impf,<DJW JBW>,,<DJW,<D,to him,0,prep,prps,anim,det,prsf,simple,factive,<D,,,,,
228356,0,HLK[,MT,Isaiah,46,2,HLKH,QRSW KR<W JXDW L> JKLW MLV MF> W NPCM B CBJ HLKH,,qal,perf,W NPCM B CBJ HLKH,NPCM,B CBJ,B H CBJ/,in captivity,0,prep,abs,inanim,det,subs,simple,fictive,B,,,,,
228449,0,CWB[,MT,Isaiah,46,8,HCJBW,ZKRW Z>T W HT>CCW HCJBW PWC<JM <L LB,,hif,impv,HCJBW <L LB,,<L LB,<L LB/,to the heart/to the mind,0,prep,abs,inanim,und,subs,simple,fictive,<L,,,,,
228652,0,BW>[,MT,Isaiah,47,9,TB>NH,W TB>NH LK CTJ >LH RG< B JWM >XD CKWL W >LMN K TMM B>W <LJK B RB KCPJK B <YMT XBRJK M>D,,qal,impf,W TB>NH LK CTJ >LH RG< B JWM >XD CKWL W >LMN,CTJ >LH CKWL W >LMN,LK,L,to you,0,prep,prps,anim,det,prsf,simple,fictive,L,,,,,
228665,0,BW>[,MT,Isaiah,47,9,B>W,W TB>NH LK CTJ >LH RG< B JWM >XD CKWL W >LMN K TMM B>W <LJK B RB KCPJK B <YMT XBRJK M>D,,qal,perf,K TMM B>W <LJK B RB KCPJK B <YMT XBRJK M>D,,<LJK,<L,upon you,0,prep,prps,anim,det,prsf,simple,fictive,<L,,,,,
228695,0,BW>[,MT,Isaiah,47,11,B>,W B> <LJK R<H L> TD<J CXRH W TPL <LJK HWH L> TWKLJ KPRH W TB> <LJK PT>M CW>H L> TD<J,,qal,perf,W B> <LJK R<H,R<H,<LJK,<L,upon you,0,prep,prps,anim,det,prsf,simple,fictive,<L,,,,disasters/evils will come upon you,
228702,0,NPL[,MT,Isaiah,47,11,TPL,W B> <LJK R<H L> TD<J CXRH W TPL <LJK HWH L> TWKLJ KPRH W TB> <LJK PT>M CW>H L> TD<J,,qal,impf,W TPL <LJK HWH,HWH,<LJK,<L,upon you,0,prep,prps,anim,det,prsf,simple,fictive,<L,,,,abstract subject,
228709,0,BW>[,MT,Isaiah,47,11,TB>,W B> <LJK R<H L> TD<J CXRH W TPL <LJK HWH L> TWKLJ KPRH W TB> <LJK PT>M CW>H L> TD<J,,qal,impf,W TB> <LJK PT>M CW>H,CW>H,<LJK,<L,upon you,0,prep,prps,anim,det,prsf,simple,fictive,<L,,,,"ravage/desolation as subject, fictive",
228754,0,BW>[,MT,Isaiah,47,13,JB>W,NL>JT B RB <YTJK J<MDW N> W JWCJ<K HBRW CMJM H XZJM B KWKBJM MWDJ<M L XDCJM M >CR JB>W <LJK,,qal,impf,M >CR JB>W <LJK,,<LJK,<L,upon you,0,prep,prps,anim,det,prsf,simple,fictive,<L,,,,,
229023,0,QRB[,MT,Isaiah,48,16,QRBW,QRBW >LJ CM<W Z>T L> M R>C B STR DBRTJ M <T HJWTH CM >NJ W <TH >DNJ JHWH CLXNJ W RWXW,,qal,impv,QRBW >LJ,,>LJ,>L,to me,0,prep,prps,anim,det,prsf,simple,factive,>L,,,,,
229110,0,JY>[,MT,Isaiah,48,20,HWYJ>WH,Y>W M BBL BRXW M KFDJM B QWL RNH HGJDW HCMJ<W Z>T HWYJ>WH <D QYH H >RY >MRW G>L JHWH <BDW J<QB,,hif,impv,HWYJ>WH <D QYH H >RY,,<D QYH H >RY,<D QYH=/ H >RY/,to the end of the earth,0,prep,topo,inanim,det,subs,complex,fictive,<D,,,,"fictive-bring words, news",
229219,0,CWB[,MT,Isaiah,49,5,CWBB,W <TH >MR JHWH JYRJ M BVN L <BD LW L CWBB J<QB >LJW W JFR>L L> J>SP W >KBD B <JNJ JHWH W >LHJ HJH <ZJ,,piel,infc,L CWBB J<QB >LJW,,>LJW,>L,to him,0,prep,prps,anim,det,prsf,simple,factive fictive,>L,,,,,
229446,0,BW>[,MT,Isaiah,49,18,B>W,F>J SBJB <JNJK W R>J KLM NQBYW B>W LK XJ >NJ N>M JHWH KJ KLM K <DJ TLBCJ W TQCRJM K KLH,,qal,perf,B>W LK,,LK,L,to you,0,prep,prps,anim,det,prsf,simple,factive,L,,,,,
229785,0,NGC[,MT,Isaiah,50,8,JGC,QRWB MYDJQJ MJ JRJB >TJ N<MDH JXD MJ B<L MCPVJ JGC >LJ,,qal,impf,JGC >LJ,,>LJ,>L,(to) me,0,prep,prps,anim,det,prsf,simple,factive,>L,,,,,
230059,0,BW>[,MT,Isaiah,51,11,B>W,W PDWJJ JHWH JCWBWN W B>W YJWN B RNH W FMXT <WLM <L R>CM FFWN W FMXH JFJGWN NSW JGWN W >NXH,,qal,perf,W B>W YJWN B RNH,,YJWN,YJWN==/,to Zion,0,vc,topo,inanim,det,nmpr,simple,factive,,,,,,
230320,0,BW>[,MT,Isaiah,52,1,JB>,<WRJ <WRJ LBCJ <ZK YJWN LBCJ BGDJ TP>RTK JRWCLM <JR H QDC KJ L> JWSJP JB> BK <WD <RL W VM>,,qal,impf,JB> BK <WD <RL W VM>,<RL W VM>,BK,B,in you/to you (Zion),0,prep,prps,inanim,det,prsf,simple,factive,B,,,,,
230436,0,CWB[,MT,Isaiah,52,8,CWB,QWL YPJK NF>W QWL JXDW JRNNW KJ <JN B <JN JR>W B CWB JHWH YJWN,,qal,infc,B CWB JHWH YJWN,JHWH,YJWN,YJWN==/,to Zion,0,vc,topo,inanim,det,nmpr,simple,factive,,,,,,
230554,0,GLH[,MT,Isaiah,53,1,NGLTH,MJ H>MJN L CM<TNW W ZRW< JHWH <L MJ NGLTH,,nif,perf,W ZRW< JHWH <L MJ NGLTH,ZRW< JHWH,<L MJ,<L MJ,to whom,0,prep,ppin,anim,und,ppin,simple,fictive,<L,,,,,
230556,0,<LH[,MT,Isaiah,53,2,J<L,W J<L K JWNQ L PNJW W K CRC M >RY YJH L> T>R LW W L> HDR W NR>HW W L> MR>H W NXMDHW,,qal,wayq,W J<L K JWNQ L PNJW,,L PNJW,L PNH/,before him,0,prep,bopa,inanim,det,subs,complex,factive fictive,L,,,,to grow up - no horizontal motion,
230911,0,<BR[,MT,Isaiah,54,9,<BR,KJ MJ NX Z>T LJ >CR NCB<TJ M <BR MJ NX <WD <L H >RY KN NCB<TJ M QYP <LJK W M G<R BK,,qal,infc,M <BR MJ NX <WD <L H >RY,MJ NX,<L H >RY,<L H >RY/,over the earth,0,prep,topo,inanim,det,subs,simple,factive fictive,<L,,,,,
231003,0,QRB[,MT,Isaiah,54,14,TQRB,B YDQH TKWNNJ RXQJ M <CQ KJ L> TJR>J W M MXTH KJ L> TQRB >LJK,,qal,impf,KJ L> TQRB >LJK,,>LJK,>L,(to) you,0,prep,prps,anim,det,prsf,simple,fictive,>L,,,,MXTH-terror abstract thus fictive,
231063,0,HLK[,MT,Isaiah,55,1,LKW,HWJ KL YM> LKW L MJM W >CR >JN LW KSP LKW CBRW W >KLW W LKW CBRW B LW> KSP W B LW> MXJR JJN W XLB,,qal,impv,LKW L MJM,,L MJM,L H MJM/,to the waters,0,prep,topo,inanim,det,subs,simple,factive,L,,,,,
231116,0,HLK[,MT,Isaiah,55,3,LKW,HVW >ZNKM W LKW >LJ CM<W W TXJ NPCKM W >KRTH LKM BRJT <WLM XSDJ DWD H N>MNJM,,qal,impv,W LKW >LJ,,>LJ,>L,to me,0,prep,prps,anim,det,prsf,simple,factive,>L,,,,,
231149,0,RWY[,MT,Isaiah,55,5,JRWYW,HN GWJ L> TD< TQR> W GWJ L> JD<WK >LJK JRWYW LM<N JHWH >LHJK W L QDWC JFR>L KJ P>RK,,qal,impf,W GWJ >LJK JRWYW LM<N JHWH >LHJK W L QDWC JFR>L,GWJ,>LJK,>L,to you,0,prep,prps,anim,det,prsf,simple,factive,>L,,,,,
231175,0,CWB[,MT,Isaiah,55,7,JCB,J<ZB RC< DRKW W >JC >WN MXCBTJW W JCB >L JHWH W JRXMHW W >L >LHJNW KJ JRBH L SLWX,,qal,impf,W JCB >L JHWH,,>L JHWH,>L JHWH/,to Yahweh,0,prep,pers,anim,det,nmpr,simple,factive fictive,>L,,,,,
231226,0,CWB[,MT,Isaiah,55,10,JCWB,KJ K >CR JRD H GCM W H CLG MN H CMJM W CMH L> JCWB KJ >M HRWH >T H >RY W HWLJDH W HYMJXH W NTN ZR< L ZR< W LXM L >KL,,qal,impf,W CMH L> JCWB,,CMH,CM,there,1,dir-he,adv,inanim,det,adv,simple,factive fictive,,,,,,
231256,0,CWB[,MT,Isaiah,55,11,JCWB,KN JHJH DBRJ >CR JY> M PJ L> JCWB >LJ RJQM KJ >M <FH >T >CR XPYTJ W HYLJX >CR CLXTJW,,qal,impf,L> JCWB >LJ RJQM,,>LJ,>L,to me,0,prep,prps,anim,det,prsf,simple,fictive,>L,,,,,
231454,0,BW>[,MT,Isaiah,56,7,HBJ>WTJM,W HBJ>WTJM >L HR QDCJ W FMXTJM B BJT TPLTJ <WLTJHM W ZBXJHM L RYWN <L MZBXJ KJ BJTJ BJT TPLH JQR> L KL H <MJM,,hif,perf,W HBJ>WTJM >L HR QDCJ,,>L HR QDCJ,>L HR/ QDC/,to my holy mountain,0,prep,topo,inanim,det,subs,complex,factive,>L,,,,,
231535,0,PNH[,MT,Isaiah,56,11,PNW,W H KLBJM <ZJ NPC L> JD<W FB<H W HMH R<JM L> JD<W HBJN KLM L DRKM PNW >JC L BY<W M QYHW,,qal,perf,KLM L DRKM PNW,KLM,L DRKM,L DRK/,to their way,0,prep,abs,inanim,det,subs,complex,fictive,L,,,,to turn to their own way-as abstract for way or journey,
231582,0,NWX[,MT,Isaiah,57,2,JNWXW,JBW> CLWM JNWXW <L MCKBWTM HLK NKXW,,qal,impf,JNWXW <L MCKBWTM,,<L MCKBWTM,<L MCKB/,on their beds,0,prep,obj,inanim,det,subs,complex,factive fictive,<L,,,,,
231580,0,BW>[,MT,Isaiah,57,2,JBW>,JBW> CLWM JNWXW <L MCKBWTM HLK NKXW,,qal,impf,JBW> CLWM,,CLWM,CLWM/,into peace,0,vc,abs,inanim,und,subs,simple,fictive,,,,,NB-ETCBC considers CLWM as adjunct,
231589,0,QRB[,MT,Isaiah,57,3,QRBW,W >TM QRBW HNH BNJ <NNH ZR< MN>P W TZNH,,qal,impv,W >TM QRBW HNH,>TM,HNH,HNH==,here,0,vc,adv,inanim,det,adv,simple,factive,,,,,,
231688,0,CWR=[,MT,Isaiah,57,9,TCRJ,W TCRJ L MLK B CMN W TRBJ RQXJK W TCLXJ YRJK <D M RXQ W TCPJLJ <D C>WL,,qal,wayq,W TCRJ L MLK B CMN,,L MLK,L H MLK/,to the king,0,prep,pers,anim,det,subs,simple,factive,L,,,,,
231771,0,XSH[,MT,Isaiah,57,13,XWSH,B Z<QK JYJLK QBWYJK W >T KLM JF> RWX JQX HBL W H XWSH BJ JNXL >RY W JJRC HR QDCJ,,qal,ptca,H XWSH BJ,,BJ,B,in me,0,prep,prps,anim,det,prsf,simple,fictive,B,,,,seek refuge in me - fictive,
231850,0,HLK[,MT,Isaiah,57,17,JLK,B <WN BY<W QYPTJ W >KHW HSTR W >QYP W JLK CWBB B DRK LBW,,qal,wayq,W JLK CWBB B DRK LBW,,B DRK LBW,B DRK/ LB/,in the way of this heart,0,prep,abs,inanim,det,subs,complex,fictive,B,,,,,
232056,0,BW>[,MT,Isaiah,58,7,TBJ>,H LW> PRS L R<B LXMK W <NJJM MRWDJM TBJ> BJT KJ TR>H <RM W KSJTW W M BFRK L> TT<LM,,hif,impf,W <NJJM MRWDJM TBJ> BJT,,BJT,BJT/,to the house,0,vc,topo,inanim,und,subs,simple,factive,,,,,,
232079,0,HLK[,MT,Isaiah,58,8,HLK,>Z JBQ< K CXR >WRK W >RKTK MHRH TYMX W HLK L PNJK YDQK KBWD JHWH J>SPK,,qal,perf,W HLK L PNJK YDQK,YDQK,L PNJK,L PNH/,before you,0,prep,bopa,inanim,det,subs,complex,fictive,L,,,,YDQK-your righteousness-is moving-fictive,
232324,0,RWY[,MT,Isaiah,59,7,JRYW,RGLJHM L R< JRYW W JMHRW L CPK DM NQJ MXCBWTJHM MXCBWT >WN CD W CBR B MSLWTM,,qal,impf,RGLJHM L R< JRYW,RGLJHM,L R<,L H R</,towards the evil,0,prep,abs,inanim,det,subs,simple,fictive,L,,,,,
232378,0,HLK[,MT,Isaiah,59,9,NHLK,<L KN RXQ MCPV MMNW W L> TFJGNW YDQH NQWH L >WR W HNH XCK L NGHWT B >PLWT NHLK,,piel,impf,B >PLWT NHLK,,B >PLWT,B H >PLH/,in the darkness,0,prep,abs,inanim,det,subs,simple,factive fictive,B,,,,,
232577,0,NWS[,MT,Isaiah,59,19,NSSH,W JJR>W M M<RB >T CM JHWH W M MZRX CMC >T KBWDW KJ JBW> K NHR YR RWX JHWH NSSH BW,,piel,perf,RWX JHWH NSSH BW,RWX JHWH,BW,B,against him,0,prep,prps,anim,det,prsf,simple,factive fictive,B,,,,,
232580,0,BW>[,MT,Isaiah,59,20,B>,W B> L YJWN GW>L W L CBJ PC< B J<QB N>M JHWH,,qal,perf,W B> L YJWN GW>L,,L YJWN,L YJWN==/,to Zion,0,prep,topo,inanim,det,nmpr,simple,factive,L,,,,,
232656,0,HLK[,MT,Isaiah,60,3,HLKW,W HLKW GWJM L >WRK W MLKJM L NGH ZRXK,,qal,perf,W HLKW GWJM L >WRK,GWJM,L >WRK,L >WR/,to your light,0,prep,phen,inanim,det,subs,complex,factive fictive,L,,,,,
232672,0,BW>[,MT,Isaiah,60,4,B>W,F>J SBJB <JNJK W R>J KLM NQBYW B>W LK BNJK M RXWQ JB>W W BNTJK <L YD T>MNH,,qal,perf,B>W LK,,LK,L,to you,0,prep,prps,anim,det,prsf,simple,factive,L,,,,,
232699,0,BW>[,MT,Isaiah,60,5,JB>W,>Z TR>J W NHRT W PXD W RXB LBBK KJ JHPK <LJK HMWN JM XJL GWJM JB>W LK,,qal,impf,XJL GWJM JB>W LK,XJL GWJM,LK,L,to you,0,prep,prps,anim,det,prsf,simple,factive fictive,L,,,,,
232728,0,<LH[,MT,Isaiah,60,7,J<LW,KL Y>N QDR JQBYW LK >JLJ NBJWT JCRTWNK J<LW <L RYWN MZBXJ W BJT TP>RTJ >P>R,,qal,impf,J<LW <L RYWN MZBXJ,,MZBXJ,MZBX/,on my altar,0,vc,obj,inanim,det,subs,complex,factive fictive,,,,,,
232803,0,BW>[,MT,Isaiah,60,11,HBJ>,W PTXW C<RJK TMJD JWMM W LJLH L> JSGRW L HBJ> >LJK XJL GWJM W MLKJHM NHWGJM,,hif,infc,L HBJ> >LJK XJL GWJM,,>LJK,>L,to you,0,prep,prps,anim,det,prsf,simple,factive,>L,,,,,
232829,0,BW>[,MT,Isaiah,60,13,JBW>,KBWD H LBNWN >LJK JBW> BRWC TDHR W T>CWR JXDW L P>R MQWM MQDCJ W MQWM RGLJ >KBD,,qal,impf,KBWD H LBNWN >LJK JBW> BRWC TDHR W T>CWR JXDW,KBWD H LBNWN BRWC TDHR W T>CWR JXDW,>LJK,>L,to you,0,prep,prps,inanim,det,prsf,simple,fictive,>L,,,,the glory of Lebanon will come upon you (Zion - inanimate) - fictive motion,
232844,0,HLK[,MT,Isaiah,60,14,HLKW,W HLKW >LJK CXWX BNJ M<NJK W HCTXWW <L KPWT RGLJK KL MN>YJK W QR>W LK <JR JHWH YJWN QDWC JFR>L,,qal,perf,W HLKW >LJK BNJ M<NJK,BNJ M<NJK,>LJK,>L,to you,0,prep,prps,inanim,det,prsf,simple,factive,>L,,,,inanimate - Zion ,
233408,0,<BR[,MT,Isaiah,62,10,<BRW,<BRW <BRW B C<RJM PNW DRK H <M SLW SLW H MSLH SQLW M >BN HRJMW NS <L H <MJM,,qal,impv,<BRW B C<RJM,,B C<RJM,B H C<R/,through the gates,0,prep,obj,inanim,det,subs,simple,factive,B,,,,,
233562,0,JRD[,MT,Isaiah,63,6,>WRJD,W >BWS <MJM B >PJ W >CKRM B XMTJ W >WRJD L >RY NYXM,,hif,impf,W >WRJD L >RY NYXM,,L >RY,L H >RY/,to the earth,0,prep,topo,inanim,det,subs,simple,factive fictive,L,,,,,
233681,0,HLK[,MT,Isaiah,63,13,MWLJKM,MWLJKM B THMWT K SWS B MDBR L> JKCLW,,hif,ptca,MWLJKM B THMWT,,B THMWT,B H THWM/,through the depths,0,prep,topo,inanim,det,subs,simple,factive,B,,,,,
233699,0,JRD[,MT,Isaiah,63,14,TRD,K BHMH B BQ<H TRD RWX JHWH TNJXNW KN NHGT <MK L <FWT LK CM TP>RT,,qal,impf,B BQ<H TRD,,B BQ<H,B H BQ<H/,in the valley,0,prep,topo,inanim,det,subs,simple,factive,B,,,,,
233985,0,HLK[,MT,Isaiah,65,2,HLKJM,PRFTJ JDJ KL H JWM >L <M SWRR H HLKJM H DRK L> VWB >XR MXCBTJHM,,qal,ptca,H HLKJM H DRK >XR MXCBTJHM,,>XR MXCBTJHM,>XR/ MXCBH/,after (in accordance with) their purposes,0,prep,abs,inanim,det,subs,complex,fictive,>XR/,,,,williams 362,
234030,0,QRB[,MT,Isaiah,65,5,QRB,H >MRJM QRB >LJK >L TGC BJ KJ QDCTJK >LH <CN B >PJ >C JQDT KL H JWM,,qal,impv,QRB >LJK,,>LJK,>L,to you (yourself),0,prep,prps,anim,det,prsf,simple,fictive,>L,,,,,
234033,0,NGC[,MT,Isaiah,65,5,TGC,H >MRJM QRB >LJK >L TGC BJ KJ QDCTJK >LH <CN B >PJ >C JQDT KL H JWM,,qal,impf,>L TGC BJ,,BJ,B,me,0,prep,prps,anim,det,prsf,simple,factive,B,,,,,
234239,0,NWX[,MT,Isaiah,65,15,HNXTM,W HNXTM CMKM L CBW<H L BXJRJ W HMJTK >DNJ JHWH W L <BDJW JQR> CM >XR,,hif,perf,W HNXTM CMKM L CBW<H L BXJRJ,,L CBW<H,L CBW<H/,as a curse,0,prep,abs,inanim,und,subs,simple,factive fictive,L,,,,,
234301,0,<LH[,MT,Isaiah,65,17,T<LJNH,KJ HNNJ BWR> CMJM XDCJM W >RY XDCH W L> TZKRNH H R>CNWT W L> T<LJNH <L LB,,qal,impf,W L> T<LJNH <L LB,,<L LB,<L LB/,to the mind/to the heart,0,prep,abs,inanim,und,subs,simple,fictive,<L,,,,,
234544,0,BW>[,MT,Isaiah,66,4,>BJ>,GM >NJ >BXR B T<LLJHM W MGWRTM >BJ> LHM J<N QR>TJ W >JN <WNH DBRTJ W L> CM<W W J<FW H R< B <JNJ W B >CR L> XPYTJ BXRW,,hif,impf,W MGWRTM >BJ> LHM,,LHM,L,upon them,0,prep,prps,anim,det,prsf,simple,fictive,L,,,,bring their fears upon them LHM - cmpl and fictive -(ETCBC adjunct),
234608,0,BW>[,MT,Isaiah,66,7,JBW>,B VRM TXJL JLDH B VRM JBW> XBL LH W HMLJVH ZKR,,qal,impf,B VRM JBW> XBL LH,XBL,LH,L,to her,0,prep,prps,anim,det,prsf,simple,fictive,L,,,,before the pain came to her-fictive,
234871,0,BW>[,MT,Isaiah,66,20,HBJ>W,W HBJ>W >T KL >XJKM M KL H GWJM MNXH L JHWH B SWSJM W B RKB W B YBJM W B PRDJM W B KRKRWT <L HR QDCJ JRWCLM >MR JHWH K >CR JBJ>W BNJ JFR>L >T H MNXH B KLJ VHWR BJT JHWH,,hif,perf,W HBJ>W >T KL >XJKM M KL H GWJM MNXH L JHWH B SWSJM W B RKB W B YBJM W B PRDJM W B KRKRWT <L HR QDCJ JRWCLM,,<L HR QDCJ JRWCLM,<L HR/ QDC/ JRWCLM/,to my holy mountain Jerusalem,0,prep,topo,inanim,det,subs,complex,factive,<L,,,,,
234909,0,BW>[,MT,Isaiah,66,20,JBJ>W,W HBJ>W >T KL >XJKM M KL H GWJM MNXH L JHWH B SWSJM W B RKB W B YBJM W B PRDJM W B KRKRWT <L HR QDCJ JRWCLM >MR JHWH K >CR JBJ>W BNJ JFR>L >T H MNXH B KLJ VHWR BJT JHWH,,hif,impf,K >CR JBJ>W BNJ JFR>L >T H MNXH B KLJ VHWR BJT JHWH,BNJ JFR>L,BJT JHWH,BJT/ JHWH/,into the house of Yahweh,0,vc,topo,inanim,det,subs,complex,factive,,,,,,
