verb_id,lex,scroll,book,chapter,verse_num,gcons_verb,gcons_verse,gcons_clause,subject,complement,cmpl_lex,dir_he,dir_he_dss,sign_info,stem,tense,preposition_1,preposition_2,preposition_3,preposition_4,preposition_5,preposition_6,preposition_7
1996829,<BR[,4Q51,1_Samuel,1,11,J<BWR,JHWH YB>WT >M R>H TR>H B <NJ >MTK W ZKRTNJ W LW> TCKX >T >MTK W NTTH L >MTK ZR< >NCJM W NTTJHW L PNJK NZJR <D JWM MWTW W JJN W CKR LW> JCTH W MWRH L> J<BWR <L R>CW,None,None,,,,0,1111 11111 11 111 1111 1 111 1110 1 111111 1 111 1111 11 1111 1 1111 1 1111 111 11110 0 000000 0 1111 1111 11 111 1111 1 111 1 111 111 1111 1 0000 00 00000 01 1111,qal,impf,,,,,,,
1996873,HLK[,4Q51,1_Samuel,1,17,LKJ,W J<N <LJ W J>MR LKJ L CLWM >LHJ JFR>L JTN LK >T C>LTK >CR C>LT M <MW,None,None,,,,0,1 111 111 1 1110 111 1 1111 1111 11111 111 11 11 11111 111 1111 1 111,qal,impv,,,,,,,
1996895,HLK[,4Q51,1_Samuel,1,18,TLK,W T>MR TMY> CPXTK XN B <JNJK W TLK H >CH L DRKH W TBW> H LCKTH W T>KL,None,None,,,,1,1 1000 1111 11111 11 1 11111 1 111 1 111 1 1111 1 1111 1 11111 1 1110,qal,wayq,,,,,,,
1996901,BW>[,4Q51,1_Samuel,1,18,TBW>,W T>MR TMY> CPXTK XN B <JNJK W TLK H >CH L DRKH W TBW> H LCKTH W T>KL,None,None,,,,1,1 1000 1111 11111 11 1 11111 1 111 1 111 1 1111 1 1111 1 11111 1 1110,qal,wayq,,,,,,,
1996911,<LH[,4Q51,1_Samuel,1,22,<LTH,W XNH LW> <LTH <MW KJ >MRH L >JCH <D >CR J<LH H N<R <D GMLTJHW W NR>H >T PNJ JHWH W JCB L PNJ JHWH W JCB CM <D <WLM W NTTJHW NZJR <D <WLM KWL JMJ XJJW,None,None,,,,0,1 111 111 1111 111 11 1100 0 0000 00 000 1111 1 111 11 1111111 1 1111 00 001 0000 0 000 0 000 1111 1 111 11 11 1111 1 110000 0000 00 0000 000 000 1111,qal,perf,,,,,,,
1996919,<LH[,4Q51,1_Samuel,1,22,J<LH,W XNH LW> <LTH <MW KJ >MRH L >JCH <D >CR J<LH H N<R <D GMLTJHW W NR>H >T PNJ JHWH W JCB L PNJ JHWH W JCB CM <D <WLM W NTTJHW NZJR <D <WLM KWL JMJ XJJW,None,None,,,,0,1 111 111 1111 111 11 1100 0 0000 00 000 1111 1 111 11 1111111 1 1111 00 001 0000 0 000 0 000 1111 1 111 11 11 1111 1 110000 0000 00 0000 000 000 1111,qal,impf,,,,,,,
1996966,JY>[,4Q51,1_Samuel,1,23,JWY>,W J>MR LH >LQNH >JCH <FJ H VWB B <JNJK CBJ <D GMLK >WTW >K JQM JHWH H JWY> M PJK W TCB H >CH W TJNQ >T BNH <D GMLH >WTW,None,None,,,,0,1 1111 11 11111 1111 000 0 000 0 00000 000 00 1111 1111 11 111 1110 0 0000 0 000 0 000 0 000 1 1111 11 111 11 1111 1000,qal,ptca,,,,,,,
1996982,<LH[,4Q51,1_Samuel,1,24,T<L,W T<L >WTW CJLH K >CR J<LH >LQNH L ZBX L JHWH B PR BN BQR MCLC W LXM W >JPH >XT QMX W NBL JJN W TBJ>HW BJT JHWH CJLH W H N<R <MM W JBJ>WHW L PNJ JHWH W JCXV >BJHW >T H ZBX K >CR J<FH M JMJM JMJMH L JHWH,None,None,,,,1,0 000 0000 0000 0 000 1111 11111 1 111 1 1111 1 11 11 000 0000 0 000 1 1111 111 111 1 111 111 1 111111 110 0000 0000 0 0 000 111 1 1111111 1 111 1111 1 1111 11111 11 0 000 1 000 1111 1 1111 11111 1 1111,hif,wayq,,,,,,,
1996987,<LH[,4Q51,1_Samuel,1,24,J<LH,W T<L >WTW CJLH K >CR J<LH >LQNH L ZBX L JHWH B PR BN BQR MCLC W LXM W >JPH >XT QMX W NBL JJN W TBJ>HW BJT JHWH CJLH W H N<R <MM W JBJ>WHW L PNJ JHWH W JCXV >BJHW >T H ZBX K >CR J<FH M JMJM JMJMH L JHWH,None,None,,,,1,0 000 0000 0000 0 000 1111 11111 1 111 1 1111 1 11 11 000 0000 0 000 1 1111 111 111 1 111 111 1 111111 110 0000 0000 0 0 000 111 1 1111111 1 111 1111 1 1111 11111 11 0 000 1 000 1111 1 1111 11111 1 1111,qal,impf,,,,,,,
1997009,BW>[,4Q51,1_Samuel,1,24,TBJ>HW,W T<L >WTW CJLH K >CR J<LH >LQNH L ZBX L JHWH B PR BN BQR MCLC W LXM W >JPH >XT QMX W NBL JJN W TBJ>HW BJT JHWH CJLH W H N<R <MM W JBJ>WHW L PNJ JHWH W JCXV >BJHW >T H ZBX K >CR J<FH M JMJM JMJMH L JHWH,None,None,,,,1,0 000 0000 0000 0 000 1111 11111 1 111 1 1111 1 11 11 000 0000 0 000 1 1111 111 111 1 111 111 1 111111 110 0000 0000 0 0 000 111 1 1111111 1 111 1111 1 1111 11111 11 0 000 1 000 1111 1 1111 11111 1 1111,hif,wayq,,,,,,,
1997018,BW>[,4Q51,1_Samuel,1,24,JBJ>WHW,W T<L >WTW CJLH K >CR J<LH >LQNH L ZBX L JHWH B PR BN BQR MCLC W LXM W >JPH >XT QMX W NBL JJN W TBJ>HW BJT JHWH CJLH W H N<R <MM W JBJ>WHW L PNJ JHWH W JCXV >BJHW >T H ZBX K >CR J<FH M JMJM JMJMH L JHWH,None,None,,,,1,0 000 0000 0000 0 000 1111 11111 1 111 1 1111 1 11 11 000 0000 0 000 1 1111 111 111 1 111 111 1 111111 110 0000 0000 0 0 000 111 1 1111111 1 111 1111 1 1111 11111 11 0 000 1 000 1111 1 1111 11111 1 1111,hif,wayq,,,,,,,
1997043,BW>[,4Q51,1_Samuel,1,25,TBW>,W JCXV >T H PR W TBW> XNH >M H N<R >L <LJ,None,None,,,,0,1 1000 11 1 11 1 1111 111 11 1 111 11 111,qal,wayq,,,,,,,
1997152,JY>[,4Q51,1_Samuel,2,3,JY>,>L TRBW TDBRW GBHH >L JY> <TQ M PJKM KJ >L D<T JHWH W >L TWKN <LLWTJW,None,None,,,,0,11 1111 11111 1111 11 111 100 0 0000 00 00 000 1111 1 11 1111 1111111,qal,impf,,,,,,,
1997193,JRD[,4Q51,1_Samuel,2,6,MWRJD,JHWH MMJT W MXJH MWRJD C>WL W J<L,MWRJD C>WL,,C>WL,,0,0,1111 1111 1 1100 00000 1111 1 111,hif,ptca,,,,,,,
1997309,<LH[,4Q51,1_Samuel,2,10,<LH,JHWH JXT MRJBW MJ QDWC K JHWH TM BCLM >L JTHLL XKM B XKMTW W >L JTHLL H GBWR B GBWRTW W >L JTHLL <CJR B <CRW KJ B Z>T JTHLL H MTHLL HFKL W JD< >T JHWH W L <FWT MCPV W YDQH B TWK H >RY JHWH <LH B CMJM W JR<M JHWH JDJN >PSJ >RY W JTN <Z L MLKNW W JRM QRN MCJXW,None,None,,,,0,0000 000 00100 00 0111 1 1111 00 0000 11 11111 111 1 11111 0 00 00101 1 1111 1 111111 1 11 11111 1111 1 1111 11 1 111 11111 1 11111 1111 1 111 11 1111 1 1 1110 0011 1 1111 1 111 1 111 1111 111 1 1111 0 0000 1111 1111 1111 111 1 111 11 1 11111 1 111 111 00000,qal,perf,,,,,,,
1997387,<LH[,4Q51,1_Samuel,2,16,J<LH,W <NH H >JC W >MR >L N<R H KWHN JQVR H KWHN K JWM H XLB W QX LK M KWL >CR T>WH NPCK W >MR L> KJ <TH TTN W LQXTJ B XZQ K BCLT H BFR JQX >T MZLG CLWC H CNJM B JDW W HKH B SJR >W B PRWR KWL >CR J<LH H MZLG JQX >M R< HW> W >M VWB L BD M XZH H TNWPH W CWQ H JMJN,None,None,,,,0,0 000 0 000 0 010 00 000 0 0000 0000 0 0000 0 000 0 111 0 00 00 0 000 000 0000 0000 0 000 00 00 000 000 0 00111 0 000 0 0000 1 000 000 00 0000 0000 0 0000 1 111 1 111 0 000 00 0 0000 110 000 0000 0 0000 000 00 11 111 1 11 000 0 00 0 011 1 11111 1 110 0 0000,hif,impf,,,,,,,
1997442,<LH[,4Q51,1_Samuel,2,19,H<LTH,W M<JL QVN T<FH LW >MW W H<LTH LW M JMJM JMJMH B <LWTH >T >JCH L ZBWX >T ZBX H JMJM,None,None,,,,1,1 1111 111 0000 11 111 1 11000 00 0 0000 00000 0 00111 11 1111 0 0000 00 001 1 1110,hif,perf,,,,,,,
1997448,<LH[,4Q51,1_Samuel,2,19,<LWTH,W M<JL QVN T<FH LW >MW W H<LTH LW M JMJM JMJMH B <LWTH >T >JCH L ZBWX >T ZBX H JMJM,None,None,,,,1,1 1111 111 0000 11 111 1 11000 00 0 0000 00000 0 00111 11 1111 0 0000 00 001 1 1110,qal,infc,,,,,,,
1997485,HLK[,4Q51,1_Samuel,2,20,JLK,W BRK <LJ >T >LQNH W >T >CTW L >MR JCLM JHWH LK ZR< MN H >CH H Z>T TXT H C>LH >CR HC>JLT L JHWH W JLK H >JC L MQWMW,None,None,,,,0,0 000 001 00 01111 1 11 1111 0 000 0000 0111 00 000 00 0 000 0 000 001 1 1111 000 000001 1 1000 0 000 0 000 0 00000,qal,wayq,,,,,,,
1997572,<BR[,4Q51,1_Samuel,2,24,M<BRJM,>L BNJ KJ LW> VWBH H CMW<H >CR >NKJ CWM< >L T<FWN KN KJ LW> VWBWT H CMW<WT >CR >NJ CWM< M<BRJM <M JHWH,None,None,,,,0,11 111 11 111 1111 1 10000 000 0000 0001 11 11111 11 11 110 00011 1 111111 000 000 0000 000011 11 1111,hif,ptca,,,,,,,
1997626,BW>[,4Q51,1_Samuel,2,27,JBW>,W JBW> >JC >LWHJM >L <LJ W J>MR KH >MR JHWH NGLH NGLJTJ >L BJT >BJK B HJWTM B MYRJM <BDJM L BJT PR<H,None,None,,,,0,1 1111 111 111111 11 111 1 0000 00 000 0000 1111 111111 11 111 1111 1 11111 1 11000 00000 0 000 1111,qal,wayq,,,,,,,
1997636,GLH[,4Q51,1_Samuel,2,27,NGLH,W JBW> >JC >LWHJM >L <LJ W J>MR KH >MR JHWH NGLH NGLJTJ >L BJT >BJK B HJWTM B MYRJM <BDJM L BJT PR<H,None,None,,,,0,1 1111 111 111111 11 111 1 0000 00 000 0000 1111 111111 11 111 1111 1 11111 1 11000 00000 0 000 1111,nif,infa,,,,,,,
1997637,GLH[,4Q51,1_Samuel,2,27,NGLJTJ,W JBW> >JC >LWHJM >L <LJ W J>MR KH >MR JHWH NGLH NGLJTJ >L BJT >BJK B HJWTM B MYRJM <BDJM L BJT PR<H,None,None,,,,0,1 1111 111 111111 11 111 1 0000 00 000 0000 1111 111111 11 111 1111 1 11111 1 11000 00000 0 000 1111,nif,perf,,,,,,,
1997663,<LH[,4Q51,1_Samuel,2,28,<LWT,W BXWR >T BJT >BJK M KWL CBVJ JFR>L LJ L KWHN L <LWT <L MZBXJ W L HQVJR QVRT W L F>T >PWD W >TNH L BJT >BJK >T KWL >CJ BNJ JFR>L L >KL,None,None,,,,0,1 1111 11 111 1111 1 111 0000 00000 00 0 0000 1 1111 11 11111 1 1 11111 1111 1 0 000 0000 0 0000 0 000 1111 11 111 111 111 11111 1 110,qal,infc,,,,,,,
1997724,HLK[,4Q51,1_Samuel,2,30,JTHLKW,<L KN KH >MR JHWH >LHJ JFR>L >MRTJ BJTK W BJT >BJK JTHLKW L PNJ <D <WLM W <TH L KN N>M JHWH XLJLH LJ KJ MKBDJ >KBD W BWZJ JQLW,None,None,,,,0,11 11 11 111 1111 1011 11110 00000 0111 1 111 1111 111111 1 111 11 1111 1 111 0 00 010 0011 10111 11 11 11111 1111 1 1111 1111,hit,impf,,,,,,,
1997746,BW>[,4Q51,1_Samuel,2,31,B>JM,HNH JMJM B>JM W GD<TJ >T ZR<K W ZR< BJT >BJK,None,None,,,,0,111 1010 0000 0 00001 11 1111 1 111 111 1111,qal,ptca,,,,,,,
1997788,NPL[,4Q51,1_Samuel,2,33,JPWLW,W >JC LW> >KRJT LK M <M MZBXJ L KLWT >T <JNJW W L HDJB >T NPCW W KWL MRBJT BJTK JPWLW B XRB >NCJM,None,None,,,,0,1 111 111 11111 11 1 11 00000 0 0000 01 00000 0 1 1111 11 1111 1 111 11111 1111 00000 0 000 00000,qal,impf,,,,,,,
1997799,BW>[,4Q51,1_Samuel,2,34,JBW>,W ZH LK H >WT >CR JBW> <L CNJ BNJK H >LH XPNJ W PJNXS B JWM >XD JMWTW CNJHM B XRB >NCJM,None,None,,,,0,0 11 11 1 111 111 1111 11 111 1111 1 101 1000 0 00001 1 111 111 11111 11111 1 111 11111,qal,impf,,,,,,,
1997837,HLK[,4Q51,1_Samuel,2,35,HTHLK,W HQJMWTJ LJ KWHN N>MN >CR KWL >CR B LBBJ W B NPCJ J<FH W BNJTJ LW BJT N>MN W HTHLK L PNJ MCJXJ KWL H JMJM,None,None,,,,0,1 1110011 01 1111 1111 111 111 111 1 1111 1 1 1111 1110 0 00000 01 111 1111 1 11111 1 111 11111 111 1 1111,hit,perf,,,,,,,
1997852,BW>[,4Q51,1_Samuel,2,36,JBW>,W HJH KWL H NWTR B BJTK JBW> L HCTXWT LW L >GWRT KSP W KKR LXM L >MWR SPXNJ N> >L >XT H KHNWT L >KWL PT LXM JHWH,None,None,,,,0,1 110 110 0 0000 1 1111 1111 1 111111 11 1 11111 111 1 111 110 0 0000 11111 11 11 111 1 11111 1 1111 11 111 1111,qal,impf,,,,,,,
1997964,NPL[,4Q51,1_Samuel,3,19,HPJL,W JGDL CMW>L W JHWH HJH <MW W LW> HPJL M KWL DBRJW >RYH,W LW> HPJL M KWL DBRJW >RYH,,>RYH,,1,1,0 0001 11111 1 1111 111 111 1 111 1111 1 111 11111 0000,hif,perf,,,,,,,
1997996,GLH[,4Q51,1_Samuel,3,21,NGLH,W JWSP JHWH L HR>H B CJLH KJ NGLH JHWH >L CMW>L,None,None,,,,0,1 1111 1111 1 1111 1 1111 11 1111 1111 10 00111,nif,perf,,,,,,,
1998009,JY>[,4Q51,1_Samuel,4,3,JY>,M CJLH >T >RWN BRJT JHWH W JY> B QRBNW W JWCJ<NW M KP >WJBJNW,None,None,,,,0,1 0001 11 1111 1111 1111 1 111 1 11111 1 1111111 1 11 1111111,qal,impf,,,,,,,
1998074,NWS[,4Q51,1_Samuel,4,10,JNWSW,W JLXMW W JNGP >JC JFR>L L PNJ H PLCTJJM W JNWSW >JC L >HLJW W THJ H MKH GDWLH M>D W JPL M JFR>L CLWCJM >LP RGLJ,None,None,,,,0,1 11111 1 1111 111 11111 1 111 1 1111111 1 00000 000 0 00000 0 011 1 111 11111 111 1 111 1 11111 101011 100 0000,qal,wayq,,,,,,,
1998085,NPL[,4Q51,1_Samuel,4,10,JPL,W JLXMW W JNGP >JC JFR>L L PNJ H PLCTJJM W JNWSW >JC L >HLJW W THJ H MKH GDWLH M>D W JPL M JFR>L CLWCJM >LP RGLJ,None,None,,,,0,1 11111 1 1111 111 11111 1 111 1 1111111 1 00000 000 0 00000 0 011 1 111 11111 111 1 111 1 11111 101011 100 0000,qal,wayq,,,,,,,
1998103,RWY[,4Q51,1_Samuel,4,12,JRWY,W JRWY >JC BNJMJN M H M<RKH W JBW> CJLH B JWM H HW> W MDJW QRW<JM W >DMH <L R>CW,None,None,,,,0,0 1100 000 111111 1 1 11111 1 1111 1111 1 111 1 111 1 1100 000010 1 1111 11 1111,qal,wayq,,,,,,,
1998110,BW>[,4Q51,1_Samuel,4,12,JBW>,W JRWY >JC BNJMJN M H M<RKH W JBW> CJLH B JWM H HW> W MDJW QRW<JM W >DMH <L R>CW,None,None,,,,0,0 1100 000 111111 1 1 11111 1 1111 1111 1 111 1 111 1 1100 000010 1 1111 11 1111,qal,wayq,,,,,,,
1998146,SBB[,4Q51,1_Samuel,5,8,JSBW,W JCLXW W J>SPW >T SRNJ PLCTJJM >LJHM W J>MRW MH N<FH L >RWN >LWHJ JFR>L W J>MRW H GTJJM JSBW >T >RWN >LWHJ JFR>L >LJNW W JSBW >T >RWN >LWHJ JFR>L GTH,None,None,,,,1,1 11111 1 11011 11 1111 1111111 11111 1 11111 11 1111 0 0000 11111 11111 1 11111 1 11111 1000 01 1111 10000 00011 11111 1 1111 11 1111 11111 00000 011,hif,impf,,,,,,,
1998153,SBB[,4Q51,1_Samuel,5,8,JSBW,W JCLXW W J>SPW >T SRNJ PLCTJJM >LJHM W J>MRW MH N<FH L >RWN >LWHJ JFR>L W J>MRW H GTJJM JSBW >T >RWN >LWHJ JFR>L >LJNW W JSBW >T >RWN >LWHJ JFR>L GTH,None,None,,,,1,1 11111 1 11011 11 1111 1111111 11111 1 11111 11 1111 0 0000 11111 11111 1 11111 1 11111 1000 01 1111 10000 00011 11111 1 1111 11 1111 11111 00000 011,hif,wayq,,,,,,,
1998163,SBB[,4Q51,1_Samuel,5,9,SBW,W JHJ >XRJ SBW GTH W THJ JD JHWH B <JR MHWMH GDWLH M>D W JK >T >NCJ H <JR M QVN W <D GDWL W JK >WTM B <PLJM,None,None,,,,1,0 000 0000 000 000 0 000 11 1000 1 111 11111 00000 000 0 00 00 0000 0 000 0 000 0 00 0111 1 11 1111 1 00000,qal,perf,,,,,,,
1998201,BW>[,4Q51,1_Samuel,5,10,BW>,W JCLXW >T >RWN >LWHJ JFR>L <QRWN W JHJ K BW> >RWN H >LWHJM <QRWN W JZ<QW H <QRWNJM L >MWR LMH HSBWTM >LJ >T >RWN >LWHJ JFR>L L HMJTNJ W >T <MJ,None,None,,,,0,0 00000 10 0000 00000 00000 00001 1 111 1 111 1111 1 111111 11111 1 11111 1 1111100 0 0111 000 000001 111 11 1111 11111 11111 1 111100 0 01 100,qal,infc,,,,,,,
1998213,SBB[,4Q51,1_Samuel,5,10,HSBWTM,W JCLXW >T >RWN >LWHJ JFR>L <QRWN W JHJ K BW> >RWN H >LWHJM <QRWN W JZ<QW H <QRWNJM L >MWR LMH HSBWTM >LJ >T >RWN >LWHJ JFR>L L HMJTNJ W >T <MJ,None,None,,,,0,0 00000 10 0000 00000 00000 00001 1 111 1 111 1111 1 111111 11111 1 11111 1 1111100 0 0111 000 000001 111 11 1111 11111 11111 1 111100 0 01 100,hif,perf,,,,,,,
1998240,CWB[,4Q51,1_Samuel,5,11,JCB,W JCLXW W J>SPW >T SRNJ PLCTJJM W J>MRW CLXW >T >RWN >LWHJ JFR>L W JCB L MQWMW W LW> JMJT >TJ W >T <MJ KJ HJTH MHMT JHWH B KL H <JR KBDH M>D K BW> >RWN H >LWHJM CMH,None,None,,,,1,0 00011 1 11100 11 1111 1111111 1 11111 1111 11 1111 00000 01101 1 000 1 11111 1 111 1111 111 1 11 111 11 1111 1000 0000 0 00 1 111 1111 111 1 111 1111 1 111111 100,qal,impf,,,,,,,
1998261,BW>[,4Q51,1_Samuel,5,11,BW>,W JCLXW W J>SPW >T SRNJ PLCTJJM W J>MRW CLXW >T >RWN >LWHJ JFR>L W JCB L MQWMW W LW> JMJT >TJ W >T <MJ KJ HJTH MHMT JHWH B KL H <JR KBDH M>D K BW> >RWN H >LWHJM CMH,None,None,,,,1,0 00011 1 11100 11 1111 1111111 1 11111 1111 11 1111 00000 01101 1 000 1 11111 1 111 1111 111 1 11 111 11 1111 1000 0000 0 00 1 111 1111 111 1 111 1111 1 111111 100,qal,infc,,,,,,,
1998277,<LH[,4Q51,1_Samuel,5,12,T<L,W H >NCJM >CR L> MTW HKW B <PLJM W T<L CW<T H <JR H CMJM,None,None,,,,0,0 0 11110 000 00 111 111 1 11111 1 111 1111 1 110 0 1110,qal,wayq,,,,,,,
1998338,CWB[,4Q51,1_Samuel,6,3,HCB,W J>MRW >M MCLXJM >TM >T >RWN BRJT JHWH >LWHJ JFR>L >L TCLXW >WTW RJQM KJ HCB TCJBW LW >CM >Z TRP>W W NKPR LKM H LW> TSWR JDW MKM,None,None,,,,0,0 00000 01 111111 111 11 1111 0000 0000 00000 00000 00 00011 1111 1111 11 111 10001 00 010 00 00001 1 0000 011 1 111 1111 111 111,hif,infa,,,,,,,
1998339,CWB[,4Q51,1_Samuel,6,3,TCJBW,W J>MRW >M MCLXJM >TM >T >RWN BRJT JHWH >LWHJ JFR>L >L TCLXW >WTW RJQM KJ HCB TCJBW LW >CM >Z TRP>W W NKPR LKM H LW> TSWR JDW MKM,None,None,,,,0,0 00000 01 111111 111 11 1111 0000 0000 00000 00000 00 00011 1111 1111 11 111 10001 00 010 00 00001 1 0000 011 1 111 1111 111 111,hif,impf,,,,,,,
1998349,SWR[,4Q51,1_Samuel,6,3,TSWR,W J>MRW >M MCLXJM >TM >T >RWN BRJT JHWH >LWHJ JFR>L >L TCLXW >WTW RJQM KJ HCB TCJBW LW >CM >Z TRP>W W NKPR LKM H LW> TSWR JDW MKM,None,None,,,,0,0 00000 01 111111 111 11 1111 0000 0000 00000 00000 00 00011 1111 1111 11 111 10001 00 010 00 00001 1 0000 011 1 111 1111 111 111,qal,impf,,,,,,,
1998359,CWB[,4Q51,1_Samuel,6,4,NCJB,W J>MRW MH H >CM >CR NCJB LW W J>MRW K MSPR SRNJ PLCTJJM XMCH <PLJ ZHB KJ MGPH >XT LKM W L SRNJKM,None,None,,,,0,1 11111 10 0 000 100 0010 01 1 11111 1 1111 1111 1111111 1111 0000 000 00 0000 000 011 1 1 111111,hif,impf,,,,,,,
1998452,<LH[,4Q51,1_Samuel,6,7,<LH,W <TH QXW W <FW <GLH XDCH W CTJ PRWT <LWT >JN <WLLJM >CR L> <LH <LJHM <L W >SRTM >T H PRWT B <GLH W HCJBWTM BNJHM M >XRJHM H BJTH,None,None,,,,1,1 111 111 1 111 1111 1111 0 011 0000 0000 011 111111 111 11 111 11111 11 1 11111 11 1 1110 0 0000 1 1111111 11111 1 111111 1 1111,qal,perf,,,,,,,
1998463,CWB[,4Q51,1_Samuel,6,7,HCJBWTM,W <TH QXW W <FW <GLH XDCH W CTJ PRWT <LWT >JN <WLLJM >CR L> <LH <LJHM <L W >SRTM >T H PRWT B <GLH W HCJBWTM BNJHM M >XRJHM H BJTH,None,None,,,,1,1 111 111 1 111 1111 1111 0 011 0000 0000 011 111111 111 11 111 11111 11 1 11111 11 1 1110 0 0000 1 1111111 11111 1 111111 1 1111,hif,perf,,,,,,,
1998487,CWB[,4Q51,1_Samuel,6,8,HCJBWTM,W LQXTM >T >RWN JHWH W NTTM >WTW >L H <GLH W >T KLJ H ZHB >CR HCJBWTM LW >CM TFJMW B >RGZ M YDW W CLXTM >TW W HLK HLKTM,None,None,,,,0,1 11111 11 1111 1011 1 1111 1111 11 1 1111 1 11 111 1 111 111 1111111 11 100 00111 1 1111 1 111 1 11111 111 1 111 11111,hif,perf,,,,,,,
1998499,HLK[,4Q51,1_Samuel,6,8,HLK,W LQXTM >T >RWN JHWH W NTTM >WTW >L H <GLH W >T KLJ H ZHB >CR HCJBWTM LW >CM TFJMW B >RGZ M YDW W CLXTM >TW W HLK HLKTM,None,None,,,,0,1 11111 11 1111 1011 1 1111 1111 11 1 1111 1 11 111 1 111 111 1111111 11 100 00111 1 1111 1 111 1 11111 111 1 111 11111,qal,infa,,,,,,,
1998500,HLK[,4Q51,1_Samuel,6,8,HLKTM,W LQXTM >T >RWN JHWH W NTTM >WTW >L H <GLH W >T KLJ H ZHB >CR HCJBWTM LW >CM TFJMW B >RGZ M YDW W CLXTM >TW W HLK HLKTM,None,None,,,,0,1 11111 11 1111 1011 1 1111 1111 11 1 1111 1 11 111 1 111 111 1111111 11 100 00111 1 1111 1 111 1 11111 111 1 111 11111,qal,perf,,,,,,,
1998507,<LH[,4Q51,1_Samuel,6,9,J<LH,W R>JTM >M DRK GBWLW J<LH BJT CMC HW>,None,None,,,,0,1 11111 11 111 11100 0111 111 111 111,qal,impf,,,,,,,
1998539,SWR[,4Q51,1_Samuel,6,12,SRW,W LW> SRW JMJN W LW> FM>WL W SRNJ PLCTJJM HWLKJM >XRJH <D GBWL BJT CMC,None,None,,,,0,1 111 111 1000 1 111 11111 1 1111 1111111 111111 11111 11 1110 000 011,qal,perf,,,,,,,
1998547,HLK[,4Q51,1_Samuel,6,12,HWLKJM,W LW> SRW JMJN W LW> FM>WL W SRNJ PLCTJJM HWLKJM >XRJH <D GBWL BJT CMC,None,None,,,,0,1 111 111 1000 1 111 11111 1 1111 1111111 111111 11111 11 1110 000 011,qal,ptca,,,,,,,
1998576,CWB[,4Q51,1_Samuel,6,16,JCWBW,W XMCH SRNJ PLCTJJM R>W W JCWBW <QRWN B JWM H HW>,None,None,,,,0,1 1111 1111 1111111 111 0 00111 11111 1 111 1 111,qal,wayq,,,,,,,
1998589,CWB[,4Q51,1_Samuel,6,17,HCJBW,W >LH <PLJ H ZHB >CR HCJBW PLCTJJM >CM L JHWH L >CDWD >XD L <ZH >XD L >CQLWN >XD L GT >XD L <QRWN >XD,None,None,,,,0,1 111 1111 1 111 111 11100 0000111 111 1 1111 1 11111 111 1 111 111 1 111111 110 0 00 111 1 11111 110,hif,perf,,,,,,,
1998637,NWX[,4Q51,1_Samuel,6,18,HNJXW,W <KBRJ H ZHB K MSPR <RJ PLCTJJM L XMCT H SRNJM M <JR MBYR W <D KPR H PRZJ W <D H >BN H GDWLH >CR HNJXW <LJH >T >RWN JHWH B FDH JHWC< BJT,None,None,,,,0,0 00001 1 111 1 1111 111 1100110 1 1111 1 11110 0 000 0000 1 11 111 1 1111 1 11 1 111 1 11111 111 10000 0000 11 1111 1111 1 111 11111 111,hif,perf,,,,,,,
1998655,<BR[,4Q51,1_Samuel,6,20,<BWR,W J>MRW >NCJ BJT CMC MJ JWKL L <BWR L PNJ JHWH H QDWC H ZH W >L MJ J<LH >RWN JHWH M <LJNW,None,None,,,,0,1 11111 1111 111 111 11 1111 1 1111 1 111 0000 0 0000 0 00 0 00 00 1111 1111 1111 1 11111,qal,infc,,,,,,,
1998666,<LH[,4Q51,1_Samuel,6,20,J<LH,W J>MRW >NCJ BJT CMC MJ JWKL L <BWR L PNJ JHWH H QDWC H ZH W >L MJ J<LH >RWN JHWH M <LJNW,None,None,,,,0,1 11111 1111 111 111 11 1111 1 1111 1 111 0000 0 0000 0 00 0 00 00 1111 1111 1111 1 11111,qal,impf,,,,,,,
1998681,CWB[,4Q51,1_Samuel,6,21,HCJBW,W JCLXW ML>KJM >L JWCBJ QRJT J<RJM L >MWR HCJBW PLCTJJM >T >RWN JHWH RDW W H<LW >WTW >LJKM,None,None,,,,0,1 11111 111111 00 00000 0001 10000 0 0000 11111 1111111 11 1111 1111 111 1 1111 0000 00000,hif,perf,,,,,,,
1998686,JRD[,4Q51,1_Samuel,6,21,RDW,W JCLXW ML>KJM >L JWCBJ QRJT J<RJM L >MWR HCJBW PLCTJJM >T >RWN JHWH RDW W H<LW >WTW >LJKM,None,None,,,,0,1 11111 111111 00 00000 0001 10000 0 0000 11111 1111111 11 1111 1111 111 1 1111 0000 00000,qal,impv,,,,,,,
1998688,<LH[,4Q51,1_Samuel,6,21,H<LW,W JCLXW ML>KJM >L JWCBJ QRJT J<RJM L >MWR HCJBW PLCTJJM >T >RWN JHWH RDW W H<LW >WTW >LJKM,None,None,,,,0,1 11111 111111 00 00000 0001 10000 0 0000 11111 1111111 11 1111 1111 111 1 1111 0000 00000,hif,impv,,,,,,,
1998693,BW>[,4Q51,1_Samuel,7,1,JB>W,W JB>W >NCJ QRJT J<RJM W J<LW >T >RWN BRJT JHWH W JBJ>W >WTW >L BJT >BJNDB >CR,None,None,,,,0,1 1110 0000 0001 11111 1 1111 11 1111 1111 1111 1 11111 1111 10 111 111000 100,qal,wayq,,,,,,,
1998698,<LH[,4Q51,1_Samuel,7,1,J<LW,W JB>W >NCJ QRJT J<RJM W J<LW >T >RWN BRJT JHWH W JBJ>W >WTW >L BJT >BJNDB >CR,None,None,,,,0,1 1110 0000 0001 11111 1 1111 11 1111 1111 1111 1 11111 1111 10 111 111000 100,hif,wayq,,,,,,,
1998704,BW>[,4Q51,1_Samuel,7,1,JBJ>W,W JB>W >NCJ QRJT J<RJM W J<LW >T >RWN BRJT JHWH W JBJ>W >WTW >L BJT >BJNDB >CR,None,None,,,,0,1 1110 0000 0001 11111 1 1111 11 1111 1111 1111 1 11111 1111 10 111 111000 100,hif,wayq,,,,,,,
1998785,RWY[,4Q51,1_Samuel,8,11,RYJM,W J>MR ZH JHJH MCPV H MLK >CR JMLWK <LJKM >T BNJKM JQX W FM LW B RKBW W B PRCJW W RYJM L PNJ MRKBTW,None,None,,,,0,1 1000 00 1111 1111 1 100 011 11111 11111 11 11111 111 1 11 11 1 1110 0 0 00011 1 1110 0 000 001111,qal,ptca,,,,,,,
1998944,JY>[,4Q51,1_Samuel,8,20,JY>,W HJJNW GM >NXNW K KWL H GWJM W CPVNW MLKNW W JY> L PNJNW W NLXM >T MLXMWTJNW,None,None,,,,0,1 11111 11 11111 1 111 1 1111 1 11111 11111 1 111 1 11111 1 0011 00 011111111,qal,perf,,,,,,,
1998968,BW>[,4Q51,1_Samuel,9,6,BW>,>JC >LWHJM B <JR H Z>T W H >JC GDL W NKBD KWL >CR JDBR BW> JBW> W <TH NLKH N> >LJW >WLJ JGJD >JC H >LWHJM LNW >T DRKNW >CR HLKNW <LJH,None,None,,,,0,111 111110 1 111 1 111 1 1 111 111 1 1111 111 111 1111 111 1111 1 111 1111 11 1110 0001 1111 111 1 111111 111 11 11111 111 11111 1111,qal,infa,,,,,,,
1998969,BW>[,4Q51,1_Samuel,9,6,JBW>,>JC >LWHJM B <JR H Z>T W H >JC GDL W NKBD KWL >CR JDBR BW> JBW> W <TH NLKH N> >LJW >WLJ JGJD >JC H >LWHJM LNW >T DRKNW >CR HLKNW <LJH,None,None,,,,0,111 111110 1 111 1 111 1 1 111 111 1 1111 111 111 1111 111 1111 1 111 1111 11 1110 0001 1111 111 1 111111 111 11 11111 111 11111 1111,qal,impf,,,,,,,
1998972,HLK[,4Q51,1_Samuel,9,6,NLKH,>JC >LWHJM B <JR H Z>T W H >JC GDL W NKBD KWL >CR JDBR BW> JBW> W <TH NLKH N> >LJW >WLJ JGJD >JC H >LWHJM LNW >T DRKNW >CR HLKNW <LJH,None,None,,,,0,111 111110 1 111 1 111 1 1 111 111 1 1111 111 111 1111 111 1111 1 111 1111 11 1110 0001 1111 111 1 111111 111 11 11111 111 11111 1111,qal,impf,,,,,,,
1998984,HLK[,4Q51,1_Samuel,9,6,HLKNW,>JC >LWHJM B <JR H Z>T W H >JC GDL W NKBD KWL >CR JDBR BW> JBW> W <TH NLKH N> >LJW >WLJ JGJD >JC H >LWHJM LNW >T DRKNW >CR HLKNW <LJH,None,None,,,,0,111 111110 1 111 1 111 1 1 111 111 1 1111 111 111 1111 111 1111 1 111 1111 11 1110 0001 1111 111 1 111111 111 11 11111 111 11111 1111,qal,perf,,,,,,,
1998992,HLK[,4Q51,1_Samuel,9,7,NLK,W J>MR C>WL W HNH NLK W MH NBJ> L >JC KJ H LXM >ZL M KLJNW W TCWRH >JN LNW L HBJ> L >JC H >LWHJM MH >TNW,None,None,,,,0,1 1111 1000 0 011 111 1 11 1111 1 111 11 1 111 111 1 11111 1 11111 111 111 1 1000 0 011 1 111111 11 1111,qal,impf,,,,,,,
1998995,BW>[,4Q51,1_Samuel,9,7,NBJ>,W J>MR C>WL W HNH NLK W MH NBJ> L >JC KJ H LXM >ZL M KLJNW W TCWRH >JN LNW L HBJ> L >JC H >LWHJM MH >TNW,None,None,,,,0,1 1111 1000 0 011 111 1 11 1111 1 111 11 1 111 111 1 11111 1 11111 111 111 1 1000 0 011 1 111111 11 1111,hif,impf,,,,,,,
1999009,BW>[,4Q51,1_Samuel,9,7,HBJ>,W J>MR C>WL W HNH NLK W MH NBJ> L >JC KJ H LXM >ZL M KLJNW W TCWRH >JN LNW L HBJ> L >JC H >LWHJM MH >TNW,None,None,,,,0,1 1111 1000 0 011 111 1 11 1111 1 111 11 1 111 111 1 11111 1 11111 111 111 1 1000 0 011 1 111111 11 1111,hif,infc,,,,,,,
1999044,HLK[,4Q51,1_Samuel,9,10,LKH,LKH NLKH W JLKW >L H <JR >CR CM >JC H >LWHJM,None,None,,,,0,111 0111 1 1111 11 1 111 111 11 111 1 111111,qal,impv,,,,,,,
1999045,HLK[,4Q51,1_Samuel,9,10,NLKH,LKH NLKH W JLKW >L H <JR >CR CM >JC H >LWHJM,None,None,,,,0,111 0111 1 1111 11 1 111 111 11 111 1 111111,qal,impf,,,,,,,
1999047,HLK[,4Q51,1_Samuel,9,10,JLKW,LKH NLKH W JLKW >L H <JR >CR CM >JC H >LWHJM,None,None,,,,0,111 0111 1 1111 11 1 111 111 11 111 1 111111,qal,wayq,,,,,,,
1999058,<LH[,4Q51,1_Samuel,9,11,<WLJM,HMH <WLJM B M<LH H <JR W HNH HMH MY>W N<RWT JWY>WT L C>WB MJM W J>MRW LHN H JC B ZH H RW>H,None,None,,,,0,000 11111 1 1111 1 111 1 111 111 1111 11111 111111 1 1111 111 0 00011 111 1 11 1 11 1 1111,qal,ptca,,,,,,,
1999068,JY>[,4Q51,1_Samuel,9,11,JWY>WT,HMH <WLJM B M<LH H <JR W HNH HMH MY>W N<RWT JWY>WT L C>WB MJM W J>MRW LHN H JC B ZH H RW>H,None,None,,,,0,000 11111 1 1111 1 111 1 111 111 1111 11111 111111 1 1111 111 0 00011 111 1 11 1 11 1 1111,qal,ptca,,,,,,,
1999110,BW>[,4Q51,1_Samuel,9,16,B>H,<L <MJ JFR>L W HWCJ< >T <MJ M JD PLCTJJM KJ R>JTJ >T <NJ <MJ KJ B>H Y<QTW >LJ,None,None,,,,0,11 111 11111 1 11111 00 000 0 00 1110000 00 00000 11 111 111 11 111 11111 111,qal,perf,,,,,,,
1999134,NGC[,4Q51,1_Samuel,9,18,JGC,W JGC C>WL >L CMW>L B TWK H <JR W J>MR HGJDH N> >J ZH BJT H RW>H,None,None,,,,0,1 111 1111 10 11111 1 111 1 100 0 0001 11111 11 11 11 111 1 1111,qal,wayq,,,,,,,
1999162,<LH[,4Q51,1_Samuel,9,19,<LH,W J<N CMW>L >T C>WL W J>MR LW >NWKJ HW> <LH L PNJ H BMH W >KL <MJ H JWM W CLXTJK B BQR W KWL >CR B LBBK >GJD LK,None,None,,,,0,1 111 11111 11 1111 1 1111 11 11111 100 000 1 111 1 111 1 111 111 1 111 1 111111 1 111 1 111 111 1 1111 1111 01,qal,impv,,,,,,,
1999214,<LH[,4Q51,1_Samuel,9,20,<LH,W L >TNWT H >WBDWT LK H JWM CLWCT H JMJM >L TFJM >T LBK LHM KJ NMY>W W L MJ XMDT JFR>L H LW> LK W L BJT >BJK <LH L PNJ,None,None,,,,0,0 0 00011 1 111111 11 1 111 11111 1 1111 11 1111 11 111 111 11 11100 1 1 11 1111 11111 1 111 11 1 1 110 0111 111 1 111,qal,impv,,,,,,,
1999261,BW>[,4Q51,1_Samuel,9,22,JBJ>M,W JQX CMW>L >T C>WL W >T N<RW W JBJ>M LCKTH W JTN LHM CM MQWM B R>C HQRW>JM W HMH K CB<JM >JC,None,None,,,,1,1 111 11111 11 1111 1 11 1111 1 11111 11111 1 111 111 11 1111 1 000 0011111 1 111 1 11111 111,hif,wayq,,,,,,,
1999334,BW>[,4Q51,1_Samuel,10,3,B>T,M CM W HL>H W B>T <D >LWN TBWR W MY>WK CM CLCH >NCJM <LJM >L H >LHJM BJT >L >XD NF> CLCH GDJJM W >XD NF> CLWCT KLWBJ KKRWT LXM W >XD NWF> NBL JJN,None,None,,,,0,1 11 1 1111 1 111 11 1111 1111 1 11111 11 1111 11111 0000 00 1 11111 111 11 111 111 1111 11111 1 111 111 00000 00000 00000 111 1 111 1111 111 111,qal,perf,,,,,,,
1999343,<LH[,4Q51,1_Samuel,10,3,<LJM,M CM W HL>H W B>T <D >LWN TBWR W MY>WK CM CLCH >NCJM <LJM >L H >LHJM BJT >L >XD NF> CLCH GDJJM W >XD NF> CLWCT KLWBJ KKRWT LXM W >XD NWF> NBL JJN,None,None,,,,0,1 11 1 1111 1 111 11 1111 1111 1 11111 11 1111 11111 0000 00 1 11111 111 11 111 111 1111 11111 1 111 111 00000 00000 00000 111 1 111 1111 111 111,qal,ptca,,,,,,,
1999384,BW>[,4Q51,1_Samuel,10,5,TBW>,W >XR KN TBW> GB<T H >LWHJM >CR CM NYJB PLCTJ W HJH K BW>K CM H <JR W PG<T XBL NB>JM JRDJM M H BMH W L PNJHM NBL W TWP W KNWR W HMH MTNB>JM,None,None,,,,0,1 111 11 1111 1111 1 111111 111 11 1111 11100 0 000 1 1111 11 1 111 1 1111 111 10000 00000 1 1 111 1 1 11100 000 0 000 1 1111 1 111 1111111,qal,impf,,,,,,,
1999395,BW>[,4Q51,1_Samuel,10,5,BW>K,W >XR KN TBW> GB<T H >LWHJM >CR CM NYJB PLCTJ W HJH K BW>K CM H <JR W PG<T XBL NB>JM JRDJM M H BMH W L PNJHM NBL W TWP W KNWR W HMH MTNB>JM,None,None,,,,0,1 111 11 1111 1111 1 111111 111 11 1111 11100 0 000 1 1111 11 1 111 1 1111 111 10000 00000 1 1 111 1 1 11100 000 0 000 1 1111 1 111 1111111,qal,infc,,,,,,,
1999403,JRD[,4Q51,1_Samuel,10,5,JRDJM,W >XR KN TBW> GB<T H >LWHJM >CR CM NYJB PLCTJ W HJH K BW>K CM H <JR W PG<T XBL NB>JM JRDJM M H BMH W L PNJHM NBL W TWP W KNWR W HMH MTNB>JM,None,None,,,,0,1 111 11 1111 1111 1 111111 111 11 1111 11100 0 000 1 1111 11 1 111 1 1111 111 10000 00000 1 1 111 1 1 11100 000 0 000 1 1111 1 111 1111111,qal,ptca,,,,,,,
1999436,BW>[,4Q51,1_Samuel,10,7,TB>NH,W HJH KJ TB>NH H >TWT H >LH LK <FH KWL >CR TMY> JDK KJ H >LWHJM <MK,None,None,,,,0,1 111 11 11110 0 0000 1 111 11 111 111 100 0000 000 00 1 111111 111,qal,impf,,,,,,,
1999453,JRD[,4Q51,1_Samuel,10,8,JRDT,W JRDT L PNJ H GLGLH W HNH >NWKJ JWRD >LJK L <LWT <WLWT L ZBX ZBXJ CLMJM CB<T JMJM TWXL <D BW>J >LJK W HD<TJ LK >T >CR T<FH,None,None,,,,1,1 1111 1 111 1 11111 1 111 11111 1100 0000 0 0000 11011 1 111 1111 11111 1111 1111 1111 11 1111 1111 0 00011 11 11 111 1111,qal,perf,,,,,,,
1999461,JRD[,4Q51,1_Samuel,10,8,JWRD,W JRDT L PNJ H GLGLH W HNH >NWKJ JWRD >LJK L <LWT <WLWT L ZBX ZBXJ CLMJM CB<T JMJM TWXL <D BW>J >LJK W HD<TJ LK >T >CR T<FH,None,None,,,,1,1 1111 1 111 1 11111 1 111 11111 1100 0000 0 0000 11011 1 111 1111 11111 1111 1111 1111 11 1111 1111 0 00011 11 11 111 1111,qal,ptca,,,,,,,
1999474,BW>[,4Q51,1_Samuel,10,8,BW>J,W JRDT L PNJ H GLGLH W HNH >NWKJ JWRD >LJK L <LWT <WLWT L ZBX ZBXJ CLMJM CB<T JMJM TWXL <D BW>J >LJK W HD<TJ LK >T >CR T<FH,<D BW>J >LJK,,>LJK,,0,1,1 1111 1 111 1 11111 1 111 11111 1100 0000 0 0000 11011 1 111 1111 11111 1111 1111 1111 11 1111 1111 0 00011 11 11 111 1111,qal,infc,>L,,,,,,
1999486,PNH[,4Q51,1_Samuel,10,9,HPNWT,W HJH K HPNWT L LKT M <M CMW>L W JHPK LW H >LWHJM LB >XR W JBW>W KWL H >WTWT B JWM H HW>,None,None,,,,0,1 111 1 11111 1 011 1 11 11111 1 1111 11 0 000000 11 111 1 11111 111 1 11111 1 111 1 000,hif,infc,,,,,,,
1999488,HLK[,4Q51,1_Samuel,10,9,LKT,W HJH K HPNWT L LKT M <M CMW>L W JHPK LW H >LWHJM LB >XR W JBW>W KWL H >WTWT B JWM H HW>,None,None,,,,0,1 111 1 11111 1 011 1 11 11111 1 1111 11 0 000000 11 111 1 11111 111 1 11111 1 111 1 000,qal,infc,,,,,,,
1999500,BW>[,4Q51,1_Samuel,10,9,JBW>W,W HJH K HPNWT L LKT M <M CMW>L W JHPK LW H >LWHJM LB >XR W JBW>W KWL H >WTWT B JWM H HW>,None,None,,,,0,1 111 1 11111 1 011 1 11 11111 1 1111 11 0 000000 11 111 1 11111 111 1 11111 1 111 1 000,qal,wayq,,,,,,,
1999510,BW>[,4Q51,1_Samuel,10,10,JBW>,W JBW> M CM H GB<TH W HNH XBL NBJ>JM L QR>TW W TYLX <LJW RWX >LHJM W JTNB>,None,None,,,,1,1 1111 1 11 1 11111 1 110 000 111111 1 11111 1 1111 1111 110 00001 1 11111,qal,wayq,,,,,,,
1999589,BW>[,4Q51,1_Samuel,10,13,JB>,W JKL M HTNB> W JB> H BJTH,None,None,,,,1,1 111 1 11111 1 111 1 1111,qal,wayq,,,,,,,
1999615,BW>[,4Q51,1_Samuel,10,14,NBW>H,W J>MR DWD C>WL >LJW W >L N<RW >N HLKTM W J>MR L BQC >T H >TNWT W NR>H KJ >JN W NBW>H >L CMW>L,W NBW>H >L CMW>L,,>L CMW>L,,0,0,0 0000 000 1111 1111 1 11 1111 11 11111 1 1111 1 111 11 1 11111 1 1111 11 100 0 00000 11 11111,qal,wayq,>L,,,,,,
1999708,NWX[,4Q51,1_Samuel,10,25,JNX,W JDBR CMW>L >L H <M >T MCPV H MLK W JKTB B SPR W JNX L PNJ JHWH W JCLX CMW>L >T KWL H <M W JLKW >JC L MQWMW,None,None,,,,0,1 1111 11111 11 1 11 11 0000 0 111 1 1111 1 111 1 111 1 111 1111 1 1111 11111 11 001 1 00 0 0000 000 0 00001,hif,wayq,,,,,,,
1999720,HLK[,4Q51,1_Samuel,10,25,JLKW,W JDBR CMW>L >L H <M >T MCPV H MLK W JKTB B SPR W JNX L PNJ JHWH W JCLX CMW>L >T KWL H <M W JLKW >JC L MQWMW,None,None,,,,0,1 1111 11111 11 1 11 11 0000 0 111 1 1111 1 111 1 111 1 111 1111 1 1111 11111 11 001 1 00 0 0000 000 0 00001,qal,wayq,,,,,,,
1999728,HLK[,4Q51,1_Samuel,10,26,HLK,W GM C>WL HLK L BJTW GB<TH W JLKW BNJ H XJL >CR NG< JHWH B LBBM,None,None,,,,1,1 10 1000 011 1 1111 11111 1 1111 000 0 000 000 000 0010 0 0000,qal,perf,,,,,,,
1999733,HLK[,4Q51,1_Samuel,10,26,JLKW,W GM C>WL HLK L BJTW GB<TH W JLKW BNJ H XJL >CR NG< JHWH B LBBM,None,None,,,,1,1 10 1000 011 1 1111 11111 1 1111 000 0 000 000 000 0010 0 0000,qal,wayq,,,,,,,
1999755,BW>[,4Q51,1_Samuel,10,27,HBJ>W,W BNJ H BLJ<L >MRW MH JWCJ<NW ZH W JBZWHW W LW> HBJ>W LW MNXH W NXC MLK BNJ <MWN HW> LXY >T BNJ GD W >T BNJ R>WBN B XZQH W NQR LHM KWL <JN JMJN W NTN >JN MWCJ< L JFR>L W LW> NC>R >JC B BNJ JFR>L >CR B <BR H JRDN >CR LW> NQR LW NXC MLK BNJ <MWN KWL <JN JMJN W HN CB<T >LPJM >JC W JHJ KMW XDC,None,None,,,,0,0 000 0 00000 0111 01 1111111 11 1 100000 0 000 00000 00 0000 1 100 000 000 0000 000 000 00 000 00 0 00 000 00000 0 0000 0 000 000 011 100 0000 0 000 000 11110 0 10000 0 000 0000 000 0 000 00000 000 0 011 1 1111 110 011 100 00 001 111 000 1000 000 000 0000 0 10 0000 00000 000 0 000 000 000,hif,perf,,,,,,,
1999821,<LH[,4Q51,1_Samuel,11,1,J<L,W J<L NXC H <MWNJ W JXN <L JBJC NYLW M JD BNJ <MWN W JB>W >L JBC GL<D W J>MRW KWL >NCJ JBJC >L NXC MLK BNJ <MWN KRT LNW BRJT W N<BDK,None,None,,,,0,0 000 000 0 00000 0 000 00 0000 1111 1 11 000 0000 0 0000 00 100 0000 0 00000 000 0000 0000 00 000 011 111 1111 111 011 1111 1 11111,qal,wayq,,,,,,,
1999835,BW>[,4Q51,1_Samuel,11,1,JB>W,W J<L NXC H <MWNJ W JXN <L JBJC NYLW M JD BNJ <MWN W JB>W >L JBC GL<D W J>MRW KWL >NCJ JBJC >L NXC MLK BNJ <MWN KRT LNW BRJT W N<BDK,None,None,,,,0,0 000 000 0 00000 0 000 00 0000 1111 1 11 000 0000 0 0000 00 100 0000 0 00000 000 0000 0000 00 000 011 111 1111 111 011 1111 1 11111,qal,wayq,,,,,,,
1999882,JY>[,4Q51,1_Samuel,11,7,JY>,BQR W JNTXHW W JCLX B KL GBWL JFR>L B JD ML>KJM L >MR >CR >JNNW JY> >XRJ C>WL W >XRJ CMW>L KH J<FH L BQRW W JPWL PXD JHWH <L <M JFR>L W JY<QW K >JC >XD,None,None,,,,0,001 1 111111 1 1111 1 11 1111 11111 1 11 111111 1 111 111 11111 111 1111 0000 0 0111 11111 11 1111 1 1111 1 1111 111 1111 11 11 11111 1 11111 0 000 000,qal,ptca,,,,,,,
1999893,NPL[,4Q51,1_Samuel,11,7,JPWL,BQR W JNTXHW W JCLX B KL GBWL JFR>L B JD ML>KJM L >MR >CR >JNNW JY> >XRJ C>WL W >XRJ CMW>L KH J<FH L BQRW W JPWL PXD JHWH <L <M JFR>L W JY<QW K >JC >XD,None,None,,,,0,001 1 111111 1 1111 1 11 1111 11111 1 11 111111 1 111 111 11111 111 1111 0000 0 0111 11111 11 1111 1 1111 1 1111 111 1111 11 11 11111 1 11111 0 000 000,qal,wayq,,,,,,,
1999929,BW>[,4Q51,1_Samuel,11,9,B>JM,W J>MR C>WL L ML>KJM H B>JM KH T>MRWN L >JC JBJC MXR LKM M JHWH H TCW<H B XM H CMC W JB>W H ML>KJM W JGJDW L >NCJ JBJC W JFMXW W J>MRW LKM PTXW H C<R,None,None,,,,0,1 1111 1111 1 111111 1 1111 11 111111 1 111 1111 111 111 0 0000 0 00111 1 11 1 111 1 1111 1 111111 1 11111 1 1111 1111 1 11111 1 11111 000 0000 0 011,qal,ptca,,,,,,,
1999946,BW>[,4Q51,1_Samuel,11,9,JB>W,W J>MR C>WL L ML>KJM H B>JM KH T>MRWN L >JC JBJC MXR LKM M JHWH H TCW<H B XM H CMC W JB>W H ML>KJM W JGJDW L >NCJ JBJC W JFMXW W J>MRW LKM PTXW H C<R,None,None,,,,0,1 1111 1111 1 111111 1 1111 11 111111 1 111 1111 111 111 0 0000 0 00111 1 11 1 111 1 1111 1 111111 1 11111 1 1111 1111 1 11111 1 11111 000 0000 0 011,qal,wayq,,,,,,,
1999970,JY>[,4Q51,1_Samuel,11,10,NY>,W J>MRW >NCJ JBJC GL<D MXR NY> >LJKM W <FJTM LNW K KWL H VWB B <JNJKM,None,None,,,,0,0 00001 0001 1111 1111 011 111 11111 1 11111 111 1 111 1 111 1 111111,qal,impf,,,,,,,
1999995,BW>[,4Q51,1_Samuel,11,11,JB>W,W JHJ M MXRT W JFJM C>WL >T H <M CLWCH R>CJM W JB>W B TWK H MXNH B >CMRT H BQR W JKW >T BNJ <MWN <D XM H JWM W JHJW H NC>RJM W JPWYW W LW> NC>RW BM CNJM JXD,None,None,,,,0,1 111 1 1000 0 0111 1111 11 1 11 11111 11111 1 1111 1 111 1 1111 1 11111 1 000 1 111 11 111 1111 11 11 1 111 1 1111 1 111111 0 00000 0 000 00011 11 1111 111,qal,wayq,,,,,,,
2000051,BW>[,4Q51,1_Samuel,12,8,B>,K >CR B> J<QWB W BNJW MYRJM W J<NM MYRJM W JZ<QW >BWTJKM >L JHWH W JCLX JHWH >T MCH W >T >HRWN W JWYJ>W,None,None,,,,0,0 001 11 11111 1 1111 11111 1 1111 11111 1 11111 1110000 00 0011 1 1100 0011 11 111 1 11 11111 1 111111,qal,perf,,,,,,,
2000073,JY>[,4Q51,1_Samuel,12,8,JWYJ>W,K >CR B> J<QWB W BNJW MYRJM W J<NM MYRJM W JZ<QW >BWTJKM >L JHWH W JCLX JHWH >T MCH W >T >HRWN W JWYJ>W,None,None,,,,0,0 001 11 11111 1 1111 11111 1 1111 11111 1 11111 1110000 00 0011 1 1100 0011 11 111 1 11 11111 1 111111,hif,wayq,,,,,,,
2000321,BW>[,4Q51,1_Samuel,14,25,B>,W KL H <M B> B J<R W JHJ DBC <L PNJ H FDH,None,None,,,,0,1 11 1 11 11 1 111 0 001 111 11 111 1 111,qal,perf,,,,,,,
2000471,GLL[,4Q51,1_Samuel,14,33,GLW,W JGJDW L C>WL L >MR XV>JM H <M L JHWH L >KWL <L H DM W J>MR BGDTM GLW N> >LJ HLM >BN GDWLH,None,None,,,,0,1 11111 1 1111 1 111 11111 1 11 1 1111 0 0000 11 1 11 1 1111 11111 111 11 111 111 110 11100,qal,impv,,,,,,,
2000516,PNH[,4Q51,1_Samuel,14,47,JPNH,<L JFR>L W JLXM SBJB B KWL >JBJW B MW>B W B BNJ <MWN W B >DWM W B MLK YWBH W B PLCTJJM W B KWL >CR JPNH JWCJ<,None,None,,,,0,00 00011 1 1111 1111 1 000 00000 0 0001 1 1 111 1111 1 1 1111 0 0 000 0000 0 0 0000000 0 0 000 000 0000 11111,qal,impf,,,,,,,
2000593,BW>[,4Q51,1_Samuel,15,20,>BJ>,CLXNJ JHWH W >BJ> >T >GG MLK <MLQ W >T <MLQ HXRMTJ,None,None,,,,0,11000 1111 1 1111 11 111 111 1111 1 11 1111 111111,hif,wayq,,,,,,,
2000674,SBB[,4Q51,1_Samuel,15,27,JSB,W JSB CMW>L L LKT W JXZQ C>WL B KNP M<JLW W J<YR W JQR<HW,None,None,,,,0,1 111 11111 1 111 1 0000 0000 1 111 11111 1 1111 1 111111,qal,wayq,,,,,,,
2000677,HLK[,4Q51,1_Samuel,15,27,LKT,W JSB CMW>L L LKT W JXZQ C>WL B KNP M<JLW W J<YR W JQR<HW,None,None,,,,0,1 111 11111 1 111 1 0000 0000 1 111 11111 1 1111 1 111111,qal,infc,,,,,,,
2000715,CWB[,4Q51,1_Samuel,15,29,JCWB,W GM JXYH JFR>L L CNJM W LW> JCWB W LW> JNXM KJ LW> >DM HW> L HNXM,None,None,,,,0,1 00 1111 11111 1 1111 1 110 0000 1 111 0000 01 111 111 100 0 0111,qal,impf,,,,,,,
2000739,CWB[,4Q51,1_Samuel,15,30,CWB,W J>MR C>WL XV>TJ W KBDNJ N> NGD ZQNJ <MJ W NGD JFR>L CWB <MJ W HCTXWJTJ L JHWH >LWHJK,None,None,,,,0,1 1111 1111 11111 1 00011 11 100 0000 001 1 111 11000 001 111 1 11111111 1 1111 111111,qal,impv,,,,,,,
2000748,CWB[,4Q51,1_Samuel,15,31,JCWB,W JCWB CMW>L >XRJ C>WL W JCTXW L JHWH,None,None,,,,0,1 1000 00010 1100 1111 1 11100 0 0000,qal,wayq,,,,,,,
2000760,NGC[,4Q51,1_Samuel,15,32,HGJCW,W J>MR CMW>L HGJCW >LJ >T >GWG MLK <MLQ W JLK >LJW >GG,None,None,,,,0,1 0000 00111 11111 111 11 1100 001 1111 1 111 1111 111,hif,impv,,,,,,,
2000767,HLK[,4Q51,1_Samuel,15,32,JLK,W J>MR CMW>L HGJCW >LJ >T >GWG MLK <MLQ W JLK >LJW >GG,None,None,,,,0,1 0000 00111 11111 111 11 1100 001 1111 1 111 1111 111,qal,wayq,,,,,,,
2000795,JY>[,4Q51,1_Samuel,17,4,JY>,W JY> >JC H BNJM M M<RKWT PLCTJJM GLJT CMW M GT GBHW >RB< >MWT W ZRT,None,None,,,,0,1 000 000 1 1111 1 111111 1111111 1111 111 1 11 1111 0000 1000 0 000,qal,wayq,,,,,,,
2000856,HLK[,4Q51,1_Samuel,17,7,HLK,W <Y XNJTW K MNWR >RGJM W LHBTW CC M>WT CQLJM BRZL W NF> YNTW HLK L PNJW,None,None,,,,0,1 11 11111 1 1111 11111 1 10011 11 1111 11111 1111 1 111 1111 111 1 1111,qal,ptca,,,,,,,
2000871,JY>[,4Q51,1_Samuel,17,8,TY>W,W J<MD W JQR> >L M<RKT JFR>L W J>MR LHM LMH TY>W L <RWK MLXMH H LW> >NWKJ,None,None,,,,0,1 0000 0 1111 11 11111 11111 1 1111 111 111 1111 1 1111 11110 0 011 11111,qal,impf,,,,,,,
2000907,NGC[,4Q51,1_Samuel,17,40,JGC,B JDW W JBXR LW XMCH XLQJ >BNJM MN H NXL W JFJM >TM B KLJ H RW<JM >CR LW B JLQWV W QL<W B JDW W JGC >L H PLCTJ,None,None,,,,0,1 111 1 1111 11 1111 1111 11111 11 1 111 1 1110 111 1 111 1 11111 111 11 1 11111 1 1111 1 111 1 111 11 0 00011,qal,wayq,,,,,,,
2000913,HLK[,4Q51,1_Samuel,17,41,JLK,W JLK H PLCTJ HWLK W QRB >L DWJD W H >JC NWF> H YNH L PNJW,None,None,,,,0,1 111 1 11111 1111 1 111 11 1111 1 1 111 1111 1 110 0 0111,qal,wayq,,,,,,,
2000916,HLK[,4Q51,1_Samuel,17,41,HWLK,W JLK H PLCTJ HWLK W QRB >L DWJD W H >JC NWF> H YNH L PNJW,None,None,,,,0,1 111 1 11111 1111 1 111 11 1111 1 1 111 1111 1 110 0 0111,qal,ptca,,,,,,,
2000949,JY>[,4Q51,1_Samuel,18,5,JY>,W JY> DWD B KL >CR JCLXNW C>WL W JFKJL W JFMHW C>WL <L >NCJ,None,None,,,,0,1 111 111 1 11 111 111111 1100 0 00011 1 11111 1111 11 1111,qal,wayq,,,,,,,
2000988,BW>[,4Q51,1_Samuel,20,38,JBJ>,W JQR> JHWNTN >XR H N<R MHRH XWCH >L T<MWD W JLQV N<R JHWNTN >T H XY W JBJ> >L >DWNJW,W JBJ> >L >DWNJW,,>L >DWNJW,,0,0,1 1111 111111 111 1 111 1111 1110 01 11111 1 1001 000 111111 11 1 11 1 1111 11 111111,hif,wayq,>L,,,,,,
2001051,BW>[,4Q51,1_Samuel,22,11,JB>W,W JCLX H MLK L QRW> L >BJMLK BN >XJVWB H KWHN W L BNJ >BJW H KWHNJM >CR B NWB W JB>W KWLM >L H MLK,None,None,,,,0,1 1111 1 111 1 0000 0 011111 11 111111 1 1111 1 1 111 1111 1 111111 111 1 111 1 1111 1000 11 1 111,qal,wayq,,,,,,,
2001060,HLK[,4Q51,1_Samuel,24,3,JLK,JFR>L W JLK L BQC >T DWJD W >NCJW <L PNJ YWRJ H J<LJM,None,None,,,,0,11111 1 111 0 000 11 1111 1 11111 11 111 1111 1 11111,qal,wayq,,,,,,,
2001074,BW>[,4Q51,1_Samuel,24,4,JB>W,W JB>W >L GDRWT H Y>N <L H DRK W CM M<RH W JB> C>WL L HSK >T RGLJW W DWJD W >NCJW B JRKTJ H M<RH,None,None,,,,0,0 0110 01 11111 1 111 11 1 110 1 10 1111 1 111 1111 1 111 11 11111 1 1111 1 00000 0 00000 1 1111,qal,wayq,,,,,,,
2001086,BW>[,4Q51,1_Samuel,24,4,JB>,W JB>W >L GDRWT H Y>N <L H DRK W CM M<RH W JB> C>WL L HSK >T RGLJW W DWJD W >NCJW B JRKTJ H M<RH,None,None,,,,0,0 0110 01 11111 1 111 11 1 110 1 10 1111 1 111 1111 1 111 11 11111 1 1111 1 00000 0 00000 1 1111,qal,wayq,,,,,,,
2001117,JY>[,4Q51,1_Samuel,24,8,JY>,W C>WL QM W JY> B DRK MN H M<RH,None,None,,,,0,1 1011 11 1 111 1 111 11 1 1111,qal,wayq,,,,,,,
2001125,JY>[,4Q51,1_Samuel,24,9,JY>,W JY> DWJD >XRJ C>WL MN H M<RH W JQR> >XRJ C>WL L >MWR >DNJ H MLK W JBV C>WL >XRJW W JQD DWJD >PJM >RYH W JCTXW LW,None,None,,,,1,1 111 1111 1111 1111 11 1 1111 0 0000 1111 1111 1 1111 1111 0 000 1 111 1111 11111 1 111 1111 1111 0001 1 11111 11,qal,wayq,,,,,,,
2001178,JY>[,4Q51,1_Samuel,24,14,JY>,K >CR J>MR MCL H QDMNJJM M RC<JM JY> RC< W JDJ LW> THJH BK,None,None,,,,0,1 111 0000 011 1 1100000 1 11111 111 111 1 111 111 1111 11,qal,impf,,,,,,,
2001189,JY>[,4Q51,1_Samuel,24,15,JWY>,>XRJ MJ >TH JWY> MLK JFR>L W <TH >XRJ MJ >TH RWDP >XRJ KLB MT >W >XRJ H PR<C H >XD,None,None,,,,0,1111 00 000 1111 100 11111 1 111 1111 11 111 1111 1111 111 10 00 0011 0 0000 1 111,qal,ptca,,,,,,,
2001365,HLK[,4Q51,1_Samuel,24,23,JLK,W JCB< DWJD L C>WL W JLK C>WL >L BJTW W DWD W >NCJW <LW <L H MYWDH,W JLK C>WL >L BJTW,C>WL,>L BJTW,,0,0,1 1111 1111 1 1111 1 100 1111 11 1111 1 111 1 11111 111 11 1 11111,qal,wayq,>L,,,,,,
2001373,<LH[,4Q51,1_Samuel,24,23,<LW,W JCB< DWJD L C>WL W JLK C>WL >L BJTW W DWD W >NCJW <LW <L H MYWDH,W DWD W >NCJW <LW <L H MYWDH,DWD W >NCJW,<L H MYWDH,,0,0,1 1111 1111 1 1111 1 100 1111 11 1111 1 111 1 11111 111 11 1 11111,qal,perf,<L,,,,,,
2001408,<LH[,4Q51,1_Samuel,25,5,<LW,W JCLX DWJD <FRH N<RJM W J>MR DWJD >L H N<RJM <LW KRMLH W B>TM >L NBL W C>LTM LW B CMJ L CLWM,None,None,,,,1,1 0000 1111 0000 01111 1 0000 0000 00 0 00000 011 11111 1 1111 11 111 1 11111 11 0 000 1 1111,qal,impv,,,,,,,
2001411,BW>[,4Q51,1_Samuel,25,5,B>TM,W JCLX DWJD <FRH N<RJM W J>MR DWJD >L H N<RJM <LW KRMLH W B>TM >L NBL W C>LTM LW B CMJ L CLWM,None,None,,,,1,1 0000 1111 0000 01111 1 0000 0000 00 0 00000 011 11111 1 1111 11 111 1 11111 11 0 000 1 1111,qal,perf,,,,,,,
2001481,BW>[,4Q51,1_Samuel,25,8,B>NW,C>L >T N<RJK W JGJDW LK W JMY>W XN B <JNJK KJ <L JWM VWB B>NW TNH N> >T >CR TMY> JDK L <BDJM L BNK DWJD,None,None,,,,0,111 11 11111 1 11111 11 1 11111 11 0 00000 01 11 111 111 1111 111 11 11 111 1111 111 1 11111 1 111 1111,qal,perf,,,,,,,
2001495,BW>[,4Q51,1_Samuel,25,9,JB>W,W JB>W N<RJM W JDBRW H DBRJM H >LH >L NBL W KWL H DBRJM H >LH B CM DWJD W JPXZ NBL,None,None,,,,0,1 0000 01111 1 11111 1 11111 1 111 11 111 1 111 1 11111 1 111 1 11 1111 1 1010 100,qal,wayq,,,,,,,
2001576,CWB[,4Q51,1_Samuel,25,12,JCBW,W JHPKW N<RJ DWJD L DRKM W JCBW W JB>W W JGJDW L DWJD,None,None,,,,0,1 11111 1111 1111 1 1111 1 1111 1 1111 0 00000 1 1111,qal,wayq,,,,,,,
2001578,BW>[,4Q51,1_Samuel,25,12,JB>W,W JHPKW N<RJ DWJD L DRKM W JCBW W JB>W W JGJDW L DWJD,None,None,,,,0,1 11111 1111 1111 1 1111 1 1111 1 1111 0 00000 1 1111,qal,wayq,,,,,,,
2001594,JRD[,4Q51,1_Samuel,25,20,JWRDT,W HJH HJ> RWKBT <L H XMWR W JWRDT B STR H HR W HNH DWJD W >NCJW <WLJM L QR>TH W TPGWC >TM,None,None,,,,0,1 111 111 11011 11 1 1011 1 11111 1 111 1 11 1 111 1111 1 11111 11110 0 00001 1 11110 000,qal,ptca,,,,,,,
2001604,<LH[,4Q51,1_Samuel,25,20,<WLJM,W HJH HJ> RWKBT <L H XMWR W JWRDT B STR H HR W HNH DWJD W >NCJW <WLJM L QR>TH W TPGWC >TM,None,None,,,,0,1 111 111 11011 11 1 1011 1 11111 1 111 1 11 1 111 1111 1 11111 11110 0 00001 1 11110 000,qal,ptca,,,,,,,
2001634,CWB[,4Q51,1_Samuel,25,21,JCJB,W DWJD >MR >K L CQR CMRTJ >T KWL >CR L ZH B MDBR W L> NPQD M KL >CR LW M>WMH W JCJB LJ R<H TXT,None,None,,,,0,1 1111 111 10 0 000 11111 11 111 111 1 11 1 1111 1 11 1111 1 11 111 01 00111 1 1111 11 111 111,hif,wayq,,,,,,,
2001666,BW>[,4Q51,1_Samuel,25,26,BW>,W <TH >DNJ XJ JHWH W XJ NPCK >CR MN<K JHWH M BW> B DM NQJ W HWC< JDK LK W <TH JHJW K NBL >JBJK W H MBQCJM >L >DNJ R<H,None,None,,,,0,1 111 1111 11 1100 0 00 0001 111 1111 1111 1 111 1 11 111 1 1111 111 11 1 111 1111 1 111 10000 0 0 011111 11 1111 111,qal,infc,,,,,,,
2001693,BW>[,4Q51,1_Samuel,25,27,HBJ>H,W <TH QX H BRKH >CR HBJ>H CPXTK L >DWNJ W NTTH L N<RJM H MTHLKJM B RGLJ >DNJ,None,None,,,,0,1 111 11 1 1111 111 11111 11111 1 11111 1 1001 1 11111 1 1111111 1 1111 1111,hif,perf,,,,,,,
2001702,HLK[,4Q51,1_Samuel,25,27,MTHLKJM,W <TH QX H BRKH >CR HBJ>H CPXTK L >DWNJ W NTTH L N<RJM H MTHLKJM B RGLJ >DNJ,None,None,,,,0,1 111 11 1 1111 111 11111 11111 1 11111 1 1001 1 11111 1 1111111 1 1111 1111,hit,ptca,,,,,,,
2001745,CWB[,4Q51,1_Samuel,25,39,HCJB,W JCM< DWJD W J>MR BRWK JHWH >CR RB >T RJB XRPTJ M JD NBL W >T <BDW HFK M R<H W >T R<T NBL HCJB JHWH B R>CW W JCLX DWJD W JDBR B >BJGJL L QXTH LW L >CH,None,None,,,,0,1 1111 1111 1 1111 1111 1111 111 11 10 000 00011 1 11 111 1 11 1111 111 1 111 1 11 111 111 1111 1111 1 1111 1 1111 1111 1 1111 1 111111 1 1111 11 1 111,hif,perf,,,,,,,
2001763,BW>[,4Q51,1_Samuel,25,40,JB>W,W JB>W <BDJ DWJD >L >BJGJL H KRMLH W JDBRW >LJH L >MWR DWJD CLXNW >LJK L QXTK LW L >CH,None,None,,,,1,1 1111 1110 0000 11 111111 1 11111 1 11111 1111 1 1111 1111 11111 1111 1 1111 11 0 011,qal,wayq,,,,,,,
2001806,BW>[,4Q51,1_Samuel,26,10,JBW>,W J>MR DWJD XJ JHWH KJ >M JHWH JGPNW >W JWMW JBW> W MT >W B MLXMH JRD W NSPH,None,None,,,,0,1 1111 1111 11 1111 11 11 1000 11111 11 1111 1111 1 11 11 1 11000 111 1 1111,qal,impf,,,,,,,
2001812,JRD[,4Q51,1_Samuel,26,10,JRD,W J>MR DWJD XJ JHWH KJ >M JHWH JGPNW >W JWMW JBW> W MT >W B MLXMH JRD W NSPH,None,None,,,,0,1 1111 1111 11 1111 11 11 1000 11111 11 1111 1111 1 11 11 1 11000 111 1 1111,qal,impf,,,,,,,
2001840,HLK[,4Q51,1_Samuel,26,11,NLKH,XLJLH LJ M JHWH M CLX JDJ B MCJX JHWH W <TH QX N> >T XNJTW M MR>CTJW W >T YPXT H MJM W NLKH LNW,None,None,,,,0,11111 11 1 1111 1 000 111 1 1111 1111 1 111 11 11 00 00000 1 1111111 1 11 1111 1 111 1 1000 111,qal,impf,,,,,,,
2001858,HLK[,4Q51,1_Samuel,26,12,JLKW,W JQX DWJD >T H XNJT W >T YPXT H MJM >CR MR>CTJ C>WL W JLKW LHM W >JN RW>H W >JN JWD< W >JN MQJY KLM JCNJM KJ TRDMT JHWH,None,None,,,,0,1 111 1111 11 1 1111 1 10 0000 0 011 111 111111 1111 1 1111 111 1 111 1111 1 111 1111 1 111 1110 001 11111 11 11111 1111,qal,wayq,,,,,,,
2001891,<BR[,4Q51,1_Samuel,26,22,J<BWR,W J<N DWJD W J>MR HNH XNJT H MLK J<BWR >XD M H N<RJM W JQXH,None,None,,,,0,1 111 1111 1 1110 000 0011 1 111 11111 111 1 1 11111 1 1111,qal,impf,,,,,,,
2001901,CWB[,4Q51,1_Samuel,26,23,JCJB,W JHWH JCJB L >JC >T YDQTW W >T >MWNTW >CR NTNK JHWH H JWM B JDJ W LW> >BJTJ L CLX JDJ B MCJX JHWH,None,None,,,,0,1 1111 1111 1 110 00 00111 1 11 111111 111 1111 1111 1 111 1 111 1 111 11111 0 001 001 1 1111 1111,hif,impf,,,,,,,
2001989,<BR[,4Q51,1_Samuel,27,2,J<BWR,W JQWM DWJD W J<BWR HW> W >RB< M>WT,None,None,,,,0,1 1111 1111 1 11111 111 1 0111 1111,qal,wayq,,,,,,,
2002026,CWB[,4Q51,1_Samuel,27,9,JCWB,W HKH DWJD >T H >RY W LW> JXJH >JC W >CH W LQX Y>N W BQR W XMWRJM W GMLJM W BGDJM W JCWB DWJD W JBW> >L >KJC,None,None,,,,0,1 111 1111 11 1 111 1 111 1111 111 1 111 1 111 110 0 000 0 000111 1 11111 1 11111 1 1111 1111 1 1111 11 1111,qal,wayq,,,,,,,
2002029,BW>[,4Q51,1_Samuel,27,9,JBW>,W HKH DWJD >T H >RY W LW> JXJH >JC W >CH W LQX Y>N W BQR W XMWRJM W GMLJM W BGDJM W JCWB DWJD W JBW> >L >KJC,None,None,,,,0,1 111 1111 11 1 111 1 111 1111 111 1 111 1 111 110 0 000 0 000111 1 11111 1 11111 1 1111 1111 1 1111 11 1111,qal,wayq,,,,,,,
2002065,BW>[,4Q51,1_Samuel,27,11,HBJ>,W >JC W >CH L> JXJH DWJD L HBJ> GTH L >MR PN JGJDW <LJNW L >MWR KH <FH DWJD W KH MCPVW KWL H JMJM >CR JCB DWJD B FDH PLCTJJM,None,None,,,,1,1 111 1 111 11 1111 1111 1 1110 000 0 000 00 00011 11111 1 1111 11 111 1111 1 11 11111 000 0 0000 000 000 1111 1 111 1111111,hif,infc,,,,,,,
2002121,JY>[,4Q51,1_Samuel,28,1,Y>T,W JHJ B JMJM H HM W JQBYW PLCTJJM >T MXNJHM L Y>T L HLXM B JFR>L W J>MR >KJC >L DWJD JDW< TD< KJ >TJ TY> >TH W >NCJK L MLXMH JZR<>LH,None,None,,,,1,1 111 1 1111 1 11 1 00000 0000000 11 111111 1 111 1 1111 1 11111 1 1111 0000 00 0000 0000 011 11 111 111 111 1 11111 1 10000 0000001,qal,infc,,,,,,,
2002135,JY>[,4Q51,1_Samuel,28,1,TY>,W JHJ B JMJM H HM W JQBYW PLCTJJM >T MXNJHM L Y>T L HLXM B JFR>L W J>MR >KJC >L DWJD JDW< TD< KJ >TJ TY> >TH W >NCJK L MLXMH JZR<>LH,None,None,,,,1,1 111 1 1111 1 11 1 00000 0000000 11 111111 1 111 1 1111 1 11111 1 1111 0000 00 0000 0000 011 11 111 111 111 1 11111 1 10000 0000001,qal,impf,,,,,,,
2002202,HLK[,4Q51,1_Samuel,28,22,TLK,CM< N> GM >TH B QWL CPXTK W >FJMH L PNJK PT LXM W >KWL W JHJ BK KX KJ TLK B DRK,None,None,,,,0,111 00 11 111 1 111 11111 1 11111 1 1111 11 111 1 1111 1 111 11 11 00 001 0 011,qal,impf,,,,,,,
2002241,MHR[,4Q51,1_Samuel,28,24,TMHR,W L >CH <GL MRBQ B BJT W TMHR W TZBXHW W TQX QMX W TLWC W T>P MYWT,None,None,,,,0,1 1 111 111 1111 1 111 1 1111 1 111111 1 000 000 1 0000 0 111 1111,piel,wayq,,,,,,,
2002254,NGC[,4Q51,1_Samuel,28,25,TGC,W TGC L PNJ C>WL W L PNJ <BDJW W J>KLW W JQWMW W JLKW H LJLH H HW>,None,None,,,,0,1 111 1 111 1111 1 1 111 11111 1 11111 1 11111 1 0000 0 0000 0 111,hif,wayq,,,,,,,
2002267,HLK[,4Q51,1_Samuel,28,25,JLKW,W TGC L PNJ C>WL W L PNJ <BDJW W J>KLW W JQWMW W JLKW H LJLH H HW>,None,None,,,,0,1 111 1 111 1111 1 1 111 11111 1 11111 1 11111 1 0000 0 0000 0 111,qal,wayq,,,,,,,
2002292,HLK[,4Q51,1_Samuel,30,22,HLKW,J<N >CR LW> HLKW <M DWJD L> NTN LHM M H CLL >CR HYLNW KJ >M >JC >T >CTW W >T BNJW JNHGW W JCBW,None,None,,,,0,111 111 111 1111 11 1111 11 111 101 0 1 111 111 11111 11 11 111 11 1111 1 11 1111 11111 1 1111,qal,perf,,,,,,,
2002313,CWB[,4Q51,1_Samuel,30,22,JCBW,J<N >CR LW> HLKW <M DWJD L> NTN LHM M H CLL >CR HYLNW KJ >M >JC >T >CTW W >T BNJW JNHGW W JCBW,None,None,,,,0,111 111 111 1111 11 1111 11 111 101 0 1 111 111 11111 11 11 111 11 1111 1 11 1111 11111 1 1111,qal,impf,,,,,,,
2002335,BW>[,4Q51,1_Samuel,30,23,B>,W J>MR DWJD LW> T<FW KN >XRJ >CR NTN JHWH LNW W JCMWR >TNW W JTN >T H GDWD H B> <LJNW B JDNW,None,None,,,,0,0 0000 1111 111 1111 11 1111 111 111 1111 111 1 11111 1111 1 111 00 0 0111 1 11 11111 1 1111,qal,ptca,,,,,,,
2002350,JRD[,4Q51,1_Samuel,30,24,JRD,W MJ JCM< L DBRJM H >LH K XLQ H JRD B MLXMH W K XLQ H JWCB <L H KLJM JXDW JHLWQW,None,None,,,,0,1 11 1111 1 11111 1 111 1 111 1 111 1 10110 0 0 111 1 1111 11 1 1111 1111 111111,qal,ptca,,,,,,,
2002389,BW>[,4Q51,1_Samuel,30,26,JBW>,W JBW> DWJD >L YQLG W JCLX M H CLL L ZQNJ JHWDH W L <RJHM M H CLL L >MWR HNH LKM BRKH M CLL >WJBJ JHWH,None,None,,,,0,1 1111 1111 11 1100 0 1111 1 1 111 1 1111 11111 1 1 11111 1 1 111 1 1111 111 111 0011 1 111 11111 1111,qal,wayq,,,,,,,
2002504,HLK[,4Q51,1_Samuel,30,31,HTHLK,W L >CR B XBRWN W L KWL H MQWMWT >CR HTHLK CM DWJD,None,None,,,,0,1 1 111 0 00000 1 1 111 1 111111 111 11111 11 1111,hit,perf,,,,,,,
2002514,NWS[,4Q51,1_Samuel,31,1,JNWSW,W PLCTJJM NLXMW B JFR>L W JNWSW >NCJ JFR>L M PNJ PLCTJJM W JPLW XLLJM B HR GLB<,None,None,,,,0,1 1111111 11111 1 11111 1 11110 0111 11111 1 111 1111111 1 1111 11111 1 11 1111,qal,wayq,,,,,,,
2002521,NPL[,4Q51,1_Samuel,31,1,JPLW,W PLCTJJM NLXMW B JFR>L W JNWSW >NCJ JFR>L M PNJ PLCTJJM W JPLW XLLJM B HR GLB<,None,None,,,,0,1 1111111 11111 1 11111 1 11110 0111 11111 1 111 1111111 1 1111 11111 1 11 1111,qal,wayq,,,,,,,
2002581,BW>[,4Q51,1_Samuel,31,4,JB>W,W J>MR C>WL >L NWF> KLJW CLWP XRBK W DQRNJ BH PN JB>W H <RLJM H >LH W DQR W HT<LL BJ W LW>,None,None,,,,0,1 1100 0010 00 1111 1000 0111 1111 1 11111 11 11 1111 1 11111 1 101 1 111 1 10000 01 1 111,qal,impf,,,,,,,
2011012,JY>[,4Q52,1_Samuel,14,41,JY>W,LMH L> <NJT >T <BDK H JWM >M JC BJ >W B JWNTN BNJ H <WN JHWH >LHJ JFR>L HBH >RJM W >M JCNW B <MK JFR>L HBH TMJM W JLKD JWNTN W C>WL W H <M JY>W,None,None,,,,0,111 11 1111 11 1111 1 111 11 11 11 00 0 11111 111 1 111 1111 1111 11111 111 1111 1 11 1111 1 111 11111 111 1111 1 1111 11111 1 1111 1 1 11 1100,qal,perf,,,,,,,
2011017,NPL[,4Q52,1_Samuel,14,42,HPJLW,W J>MR C>WL HPJLW BJNJ W BJN JWNTN BNJ,None,None,,,,0,0 0000 1111 11111 1111 1 111 11111 111,hif,impv,,,,,,,
2011078,HLK[,4Q52,1_Samuel,15,18,LK,W JCLXK JHWH B DRK W J>MR LK W HXRMTH >T H XV>JM >T <MLQ W NLXMT,None,None,,,,0,1 11111 1111 1 111 1 1111 11 1 111111 11 1 11111 00 1101 1 11111,qal,impv,,,,,,,
2011156,BW>[,4Q52,1_Samuel,16,4,JB>,W J<F CMW>L >T >CR DBR JHWH W JB> BJT LXM W JXRDW ZQNJ H <JR L QR>TW W J>MRW H CLM BW>K H R>H,None,None,,,,0,1 111 11111 11 111 111 1111 1 111 111 111 1 11111 1111 1 111 1 11111 1 11111 1 111 1111 0 000,qal,wayq,,,,,,,
2011170,BW>[,4Q52,1_Samuel,16,4,BW>K,W J<F CMW>L >T >CR DBR JHWH W JB> BJT LXM W JXRDW ZQNJ H <JR L QR>TW W J>MRW H CLM BW>K H R>H,None,None,,,,0,1 111 11111 11 111 111 1111 1 111 111 111 1 11111 1111 1 111 1 11111 1 11111 1 111 1111 0 000,qal,infc,,,,,,,
2011181,BW>[,4Q52,1_Samuel,16,5,B>TJ,W J>MR CLM L ZBX L JHWH B>TJ HTQDCW W FMXW >TJ H JWM W JQDC >T JCJ W >T BNJW W JQR> LHM L ZBX,None,None,,,,0,0 0000 111 1 111 1 1111 1111 111111 1 1111 111 1 111 1 1111 11 111 1 11 1111 1 1111 111 1 111,qal,perf,,,,,,,
2011259,<BR[,4Q52,1_Samuel,16,8,J<BR,W JQR> JCJ >L >BJNDB W J<BR L PNJ CMW>L W J>MR GM B ZH L> BXR >LHJM,None,None,,,,0,1 1111 000 00 000000 1 1111 1 111 11111 1 1111 11 1 11 11 111 11111,qal,wayq,,,,,,,
2011273,<BR[,4Q52,1_Samuel,16,9,J<BR,W J<BR JCJ CM<> W J>MR GM B ZH L> BXR JHWH,None,None,,,,0,1 1111 111 1111 1 1111 11 1 11 11 111 0000,hif,wayq,,,,,,,
2011286,<BR[,4Q52,1_Samuel,16,10,J<BR,W J<BR JCJ CB<T BNJW L PNJ CMW>L W J>MR CMW>L L> BXR JHWH B >LH,None,None,,,,0,0 0000 001 1111 1111 1 111 11111 1 1111 11111 11 111 1111 1 111,hif,wayq,,,,,,,
2011328,NWS[,4Q52,1_Samuel,19,10,NS,W JPVR M PNJ C>WL W JK >T H XNJT B QJR W DWD NS W JMLV W JHJ B LJLH H HW>,None,None,,,,0,1 1111 0 000 1111 1 11 11 1 1111 1 111 1 111 11 1 1111 1 111 1 1111 1 111,qal,perf,,,,,,,
2011370,JRD[,4Q52,1_Samuel,19,12,TWRD,W TWRD MJKL >T DWD B<D H XLN W JLK W JBRX W JMLV,W TWRD MJKL >T DWD B<D H XLN,MJKL,B<D H XLN,,0,0,1 1111 1111 11 100 000 0 000 1 111 1 1111 1 1111,hif,wayq,,,,,,,
2011432,<LH[,4Q52,1_Samuel,19,15,H<LW,W JCLX C>WL >T H ML>KJM L R>T >T DWD L >MR H<LW >TW B MVH >LJ L HMTW,None,None,,,,0,1 1111 1111 11 1 111111 1 111 11 100 0 000 0000 111 1 111 111 1 1111,hif,impv,,,,,,,
2011441,BW>[,4Q52,1_Samuel,19,16,JB>W,W JB>W H ML>KJM W HNH H TRPJM <L H MVH W KBJR H <ZJM MR>CTJW,None,None,,,,0,1 1111 1 111111 1 111 1 11111 11 1 111 1 1111 1 1111 1111000,qal,wayq,,,,,,,
2011484,BW>[,4Q52,1_Samuel,20,27,B>,W JHJ M MXRT H XDC H CNJ W JPQD MQWM DWD W J>MR C>WL >L JWNTN BNW MDW< L> B> BN JCJ GM TML GM H JWM <L H CLXN,None,None,,,,0,0 000 0 0000 0 000 0 000 0 0000 0000 111 1 1111 1111 11 11111 111 1111 11 11 11 111 11 111 00 0 000 00 0 0000,qal,perf,,,,,,,
2011546,BW>[,4Q52,1_Samuel,20,29,B>,W J>MR CLXNJ N> KJ ZBX L MCPXH LNW B <JR W >NJ YWW LJ >XJ W <TH >M N> MY>TJ XN B <JNJK >MLVH N> W >R>H >T >XJ <L KN L> B> <L CLXN H MLK,None,None,,,,0,1 1111 11111 11 11 111 0 00000 000 0 000 0 000 000 00 000 0 000 00 00 00000 11 1 11111 11111 11 1 1111 11 111 11 11 11 11 11 1111 0 000,qal,perf,,,,,,,
2011681,JY>[,4Q52,1_Samuel,20,35,JY>,W JHJ B BQR W JY> JWNTN H FDH L MW<D DWD W N<R QVN <MW,None,None,,,,0,1 111 1 111 1 111 00000 0 000 0 0000 000 0 000 000 000,qal,wayq,,,,,,,
2011697,RWY[,4Q52,1_Samuel,20,36,RWY,W J>MR L N<R RWY QX >T H XY >CR >NKJ MWRH W H N<R RY W HW> JRH H XY L H<BJRW H <JRH,None,None,,,,1,0 0000 0 000 000 00 00 0 11 111 1111 1111 1 1 111 11 1 111 111 1 11 1 111111 0 0000,qal,impv,,,,,,,
2011708,RWY[,4Q52,1_Samuel,20,36,RY,W J>MR L N<R RWY QX >T H XY >CR >NKJ MWRH W H N<R RY W HW> JRH H XY L H<BJRW H <JRH,None,None,,,,1,0 0000 0 000 000 00 00 0 11 111 1111 1111 1 1 111 11 1 111 111 1 11 1 111111 0 0000,qal,perf,,,,,,,
2011715,<BR[,4Q52,1_Samuel,20,36,H<BJRW,W J>MR L N<R RWY QX >T H XY >CR >NKJ MWRH W H N<R RY W HW> JRH H XY L H<BJRW H <JRH,None,None,,,,1,0 0000 0 000 000 00 00 0 11 111 1111 1111 1 1 111 11 1 111 111 1 11 1 111111 0 0000,hif,infc,,,,,,,
2011720,BW>[,4Q52,1_Samuel,20,37,JB>,W JB> H N<R <D MQWM H XY >CR JRH JWNTN W JQR> >XR H <LM W J>MR HNH H XY MMK W HL>H,None,None,,,,0,0 000 0 000 00 0000 0 00 000 000 00000 0 0111 111 1 111 1 1111 111 1 11 111 1 1111,qal,wayq,,,,,,,
2011750,XWC[,4Q52,1_Samuel,20,38,XWCH,W JQR> JWNTN >XR <LMH MHRH XWCH >L T<MD W JLQV N<R JWNTN >T H XY W JB> >L >DNJW,None,None,,,,0,1 1111 11111 000 0000 0000 0000 00 0000 0 0000 000 00000 01 1 11 1 111 11 11111,qal,impv,,,,,,,
2011761,BW>[,4Q52,1_Samuel,20,38,JB>,W JQR> JWNTN >XR <LMH MHRH XWCH >L T<MD W JLQV N<R JWNTN >T H XY W JB> >L >DNJW,None,None,,,,0,1 1111 11111 000 0000 0000 0000 00 0000 0 0000 000 00000 01 1 11 1 111 11 11111,qal,wayq,,,,,,,
2011793,HLK[,4Q52,1_Samuel,20,40,LKH,W JTN JWNTN >T KLJW <L H N<R >CR LW W J>MR LW LKH B> H <JRH,None,None,,,,1,0 000 00000 00 0000 00 0 000 000 00 0 0111 11 111 11 1 1111,qal,impv,,,,,,,
2011794,BW>[,4Q52,1_Samuel,20,40,B>,W JTN JWNTN >T KLJW <L H N<R >CR LW W J>MR LW LKH B> H <JRH,None,None,,,,1,0 000 00000 00 0000 00 0 000 000 00 0 0111 11 111 11 1 1111,qal,impv,,,,,,,
2011800,BW>[,4Q52,1_Samuel,20,41,B>,H N<R B> W DWD QM M >YL H >RGB W JPL L >PJW >RYH W JCTXW CLC P<MJM W JCQW >JC >T R<HW W JBKW >JC >T R<HW <D HBDL,None,None,,,,1,1 111 11 1 111 11 1 111 1 1111 1 111 1 1111 0000 0 00000 000 00000 0 0000 000 00 1111 1 1111 111 11 1111 11 1111,qal,perf,,,,,,,
2011809,NPL[,4Q52,1_Samuel,20,41,JPL,H N<R B> W DWD QM M >YL H >RGB W JPL L >PJW >RYH W JCTXW CLC P<MJM W JCQW >JC >T R<HW W JBKW >JC >T R<HW <D HBDL,None,None,,,,1,1 111 11 1 111 11 1 111 1 1111 1 111 1 1111 0000 0 00000 000 00000 0 0000 000 00 1111 1 1111 111 11 1111 11 1111,qal,wayq,,,,,,,
2011833,HLK[,4Q52,1_Samuel,20,42,LK,W J>MR JWNTN LK L CLM >CR NCB<NW >NXNW CNJNW B CM JHWH L >MR JHWH JHJH BJNJ W BJNK W BJN ZR<J W BJN ZR<K <D <WLM,None,None,,,,0,1 1111 11111 11 1 111 111 111111 11111 00000 0 00 0000 0 000 0000 0000 0000 0 0000 1 111 1111 1 111 1111 11 1111,qal,impv,,,,,,,
2011863,HLK[,4Q52,1_Samuel,21,1,JLK,W JQM DWD W JLK W JWNTN B> H <JRH,None,None,,,,1,0 000 000 0 000 0 00000 00 0 0000,qal,wayq,,,,,,,
2011866,BW>[,4Q52,1_Samuel,21,1,B>,W JQM DWD W JLK W JWNTN B> H <JRH,None,None,,,,1,0 000 000 0 000 0 00000 00 0 0000,qal,perf,,,,,,,
2011871,BW>[,4Q52,1_Samuel,21,2,JB>,W JB> DWD NBH >L >BJMLK H KHN W JXRD >BJMLK L QR>TW W J>MR LW MDW< >TH L BDK W >JC >JN <MK,None,None,,,,1,0 000 000 000 00 111111 1 111 1 1111 111111 1 11111 1 1111 11 1111 111 1 111 0 000 000 000,qal,wayq,,,,,,,
2011992,JY>[,4Q52,1_Samuel,21,6,Y>TJ,W J<N DWD >T H KHN W J>MR LW KJ >M >CH <YRH LNW M >TML CLCM B Y>TJ B DRK HJW KL H N<RJM QDC W HW> DRK XL W >P KJ JQDC H JWM B KLJ,None,None,,,,0,1 111 111 00 0 000 0 0011 11 11 11 111 1111 111 1 1111 1111 1 1111 1 111 000 00 0 00000 000 0 000 011 11 1 11 00 1111 1 111 1 111,qal,infc,,,,,,,
2012030,SWR[,4Q52,1_Samuel,21,7,MWSR,W JTN LW H KHN QDC KJ L> HJH CM LXM KJ >M LXM H PNJM H MWSR M L PNJ JHWH L FWM LXM XM B JWM HLQXW,H MWSR M L PNJ JHWH,,M L PNJ JHWH,,0,0,1 111 11 1 111 111 11 11 111 11 111 11 11 111 1 1000 0 0000 0 0 000 0001 1 111 111 11 1 111 11111,hof,ptca,MN,L,,,,,
2012151,BW>[,4Q52,1_Samuel,22,9,B>,W J<N D>G H >DMJ H NYB <L <BDJ C>WL W J>MR R>JTJ >T BN JCJ B> NBH >L >BJMLK,None,None,,,,1,1 111 111 1 1111 1 111 11 1111 1111 1 1111 11111 11 11 111 11 000 00 111111,qal,ptca,,,,,,,
2012163,JRD[,4Q52,1_Samuel,23,8,RDT,>T KL H <M L MLXMH L RDT Q<JLH L YWR >L DWD W >L >NCJW,None,None,,,,0,00 00 0 11 1 11111 1 111 11111 1 111 11 111 1 11 11000,qal,infc,,,,,,,
2012189,NGC[,4Q52,1_Samuel,23,9,HGJCH,W JD< DWD KJ <LJW C>WL MXRJC H R<H W J>MR >L >BJTR H KHN HGJCH H >PD,None,None,,,,0,0 000 001 11 0000 0000 00000 0 011 1 1111 00 10001 1 111 11111 1 111,hif,impv,,,,,,,
2012206,BW>[,4Q52,1_Samuel,23,10,B>,W J>MR DWD JHWH >LHJ JFR>L CM< CM< <BDK KJ MBQC C>WL L B> >L Q<JLH L CXT L <JR B <BWRJ,None,None,,,,0,1 1111 111 1111 1111 10000 000 010 0000 00 0000 0000 1 11 11 11111 1 000 0 011 1 11111,qal,infc,,,,,,,
2012219,JRD[,4Q52,1_Samuel,23,11,JRD,W <TH H JRD C>WL K >CR CM< <BDK JHWH >LHJ JFR>L HGJDH L <BDK W J>MR JHWH JRD,None,None,,,,0,1 111 1 111 1111 1 111 111 1111 1111 0000 00000 00000 0 0010 0 0001 1111 111,qal,impf,,,,,,,
2012234,JRD[,4Q52,1_Samuel,23,11,JRD,W <TH H JRD C>WL K >CR CM< <BDK JHWH >LHJ JFR>L HGJDH L <BDK W J>MR JHWH JRD,None,None,,,,0,1 111 1 111 1111 1 111 111 1111 1111 0000 00000 00000 0 0010 0 0001 1111 111,qal,impf,,,,,,,
2012265,JY>[,4Q52,1_Samuel,23,13,JY>W,W JQM DWD W >NCJW K >RB< M>WT >JC W JY>W M Q<JLH W JTHLKW B >CR JTHLKW W JGD L C>WL KJ NMLV DWD M Q<JLH W JXDL L Y>T,None,None,,,,0,0 000 000 0 00000 1 1111 1111 111 1 1111 1 11111 1 111100 0 001 111111 1 111 1 1110 11 1000 011 0 11100 0 0000 1 111,qal,wayq,,,,,,,
2012269,HLK[,4Q52,1_Samuel,23,13,JTHLKW,W JQM DWD W >NCJW K >RB< M>WT >JC W JY>W M Q<JLH W JTHLKW B >CR JTHLKW W JGD L C>WL KJ NMLV DWD M Q<JLH W JXDL L Y>T,None,None,,,,0,0 000 000 0 00000 1 1111 1111 111 1 1111 1 11111 1 111100 0 001 111111 1 111 1 1110 11 1000 011 0 11100 0 0000 1 111,hit,wayq,,,,,,,
2012272,HLK[,4Q52,1_Samuel,23,13,JTHLKW,W JQM DWD W >NCJW K >RB< M>WT >JC W JY>W M Q<JLH W JTHLKW B >CR JTHLKW W JGD L C>WL KJ NMLV DWD M Q<JLH W JXDL L Y>T,None,None,,,,0,0 000 000 0 00000 1 1111 1111 111 1 1111 1 11111 1 111100 0 001 111111 1 111 1 1110 11 1000 011 0 11100 0 0000 1 111,hit,impf,,,,,,,
2012285,JY>[,4Q52,1_Samuel,23,13,Y>T,W JQM DWD W >NCJW K >RB< M>WT >JC W JY>W M Q<JLH W JTHLKW B >CR JTHLKW W JGD L C>WL KJ NMLV DWD M Q<JLH W JXDL L Y>T,None,None,,,,0,0 000 000 0 00000 1 1111 1111 111 1 1111 1 11111 1 111100 0 001 111111 1 111 1 1110 11 1000 011 0 11100 0 0000 1 111,qal,infc,,,,,,,
2012318,JY>[,4Q52,1_Samuel,23,15,JY>,W JR> DWD KJ JY> C>WL L BQC >T NPCW W DWD B MDBR ZJP B XRCH,None,None,,,,0,1 111 111 11 111 1111 1 100 00 0000 0 011 0 0011 111 1 1111,qal,perf,,,,,,,
2012338,HLK[,4Q52,1_Samuel,23,16,JLK,W JQM JWNTN BN C>WL W JLK >L DWD XRCH W JXZQ >T JDW B JHWH,None,None,,,,0,1 111 11111 11 1111 1 000 00 111 1111 1 1111 11 111 1 1110,qal,wayq,,,,,,,
2012392,HLK[,4Q52,1_Samuel,23,18,HLK,W JKRTW CNJHM BRJT L PNJ JHWH W JCB DWD B XRCH W JWNTN HLK L BJTW,None,None,,,,0,1 11111 11110 0011 1 111 1111 1 111 111 1 1111 1 11111 111 1 1111,qal,perf,,,,,,,
2012397,<LH[,4Q52,1_Samuel,23,19,J<LW,W J<LW ZPJM >L C>WL H GB<TH L >MR DWD MSTTR <MNW B MYDT B XRCH B GB<T H XKJLH >CR M JMJN H JCJMN,None,None,,,,1,1 1111 1111 11 1111 1 11111 1 000 000 00000 0011 1 1111 1 1100 0 0111 1 11111 111 1 1111 1 11111,qal,wayq,,,,,,,
2012430,JRD[,4Q52,1_Samuel,23,20,RDH,W <TH L KL NPC H MLK L RDH JRD <LJNW HSGJRW B JD H MLK,None,None,,,,0,1 111 1 11 111 1 100 0 000 000 00000 011111 1 11 1 111,qal,infc,,,,,,,
2012431,JRD[,4Q52,1_Samuel,23,20,JRD,W <TH L KL NPC H MLK L RDH JRD <LJNW HSGJRW B JD H MLK,None,None,,,,0,1 111 1 11 111 1 100 0 000 000 00000 011111 1 11 1 111,qal,impf,,,,,,,
2012450,HLK[,4Q52,1_Samuel,23,22,LKW,LKW N> HBJNW <WD W D<W W R>W >T MQMW >CR THJH RGLW H MHRH CM KJ >MR >LJ J<RM,None,None,,,,0,100 11 11111 111 1 111 1 111 00 1111 111 1111 1111 1 1111 11 11 100 000 0111,qal,impv,,,,,,,
