verb_id,lex,scroll,book,chapter,verse_num,gcons_verb,gcons_verse,stem,tense,gcons_clause,subject,complement,cmpl_lex,cmpl_translation,dir_he,cmpl_constr,cmpl_det,cmpl_indiv,cmpl_complex,motion_type,spatial_arg_type,preposition_1,preposition_2,preposition_3,preposition_4,comments
28771,BW>[,MT,Exodus,1,1,B>JM,W >LH CMWT BNJ JFR>L H B>JM MYRJMH >T J<QB >JC W BJTW B>W,qal,ptca,H B>JM MYRJMH >T J<QB,,MYRJMH,MYRJM/,to Egypt,1.0,dir_he,det,nmpr,simple,factive,goal,,,,,
28771,,LXX,Exodus,1,1,,,,,,,,,,,,,,,,,,,,,
29061,BW>[,MT,Exodus,1,19,TBW>,W T>MRN H MJLDT >L PR<H KJ L> K NCJM H MYRJT H <BRJT KJ XJWT HNH B VRM TBW> >LHN H MJLDT W JLDW,qal,impf,B VRM TBW> >LHN H MJLDT,H MJLDT,>LHN,>L,to them (the Hebrew women),0.0,prep,det,prsf,simple,factive,goal,>L,,,,
29061,,LXX,Exodus,1,19,,,,,,,,,,,,,,,,,,,,,
33790,BW>[,MT,Exodus,10,1,B>,W J>MR JHWH >L MCH B> >L PR<H KJ >NJ HKBDTJ >T LBW W >T LB <BDJW LM<N CTJ >TTJ >LH B QRBW,qal,impv,B> >L PR<H,,>L PR<H,>L PR<H/,to Pharaoh,0.0,prep,det,subs,simple,factive,goal,>L,,,,
33790,,LXX,Exodus,10,1,,,,,,,,,,,,,,,,,,,,,
33834,BW>[,MT,Exodus,10,3,JB>,W JB> MCH W >HRN >L PR<H W J>MRW >LJW KH >MR JHWH >LHJ H <BRJM <D MTJ M>NT L <NT M PNJ CLX <MJ W J<BDNJ,qal,wayq,W JB> MCH W >HRN >L PR<H,MCH W >HRN,>L PR<H,>L PR<H/,to Pharaoh,0.0,prep,det,subs,simple,factive,goal,>L,,,,
33834,,LXX,Exodus,10,3,,,,,,,,,,,,,,,,,,,,,
33976,CWB[,MT,Exodus,10,8,JWCB,W JWCB >T MCH W >T >HRN >L PR<H W J>MR >LHM LKW <BDW >T JHWH >LHJKM MJ W MJ H HLKJM,hof,wayq,W JWCB >T MCH W >T >HRN >L PR<H,>T MCH W >T >HRN,>L PR<H,>L PR<H/,to Pharaoh,0.0,prep,det,subs,simple,factive,goal,>L,,,,
33976,,LXX,Exodus,10,8,,,,,,,,,,,,,,,,,,,,,
34075,<LH[,MT,Exodus,10,12,J<L,W J>MR JHWH >L MCH NVH JDK <L >RY MYRJM B >RBH W J<L <L >RY MYRJM W J>KL >T KL <FB H >RY >T KL >CR HC>JR H BRD,qal,impf,W J<L <L >RY MYRJM,,<L >RY MYRJM,<L >RY/ MYRJM/,over the land of Egypt,0.0,prep,det,subs,complex,factive,other,<L,,,,
34075,,LXX,Exodus,10,12,,,,,,,,,,,,,,,,,,,,,
34129,<LH[,MT,Exodus,10,14,J<L,W J<L H >RBH <L KL >RY MYRJM W JNX B KL GBWL MYRJM KBD M>D L PNJW L> HJH KN >RBH KMHW W >XRJW L> JHJH KN,qal,wayq,W J<L H >RBH <L KL >RY MYRJM,H >RBH,<L KL >RY MYRJM,<L KL/ >RY/ MYRJM/,over all the land of Egypt,0.0,prep,det,subs,complex,factive,location,<L,,,,
34129,,LXX,Exodus,10,14,,,,,,,,,,,,,,,,,,,,,
34137,NWX[,MT,Exodus,10,14,JNX,W J<L H >RBH <L KL >RY MYRJM W JNX B KL GBWL MYRJM KBD M>D L PNJW L> HJH KN >RBH KMHW W >XRJW L> JHJH KN,qal,wayq,W JNX B KL GBWL MYRJM,,B KL GBWL MYRJM,B KL/ GBWL/ MYRJM/,in all the country of Egypt,0.0,prep,det,subs,complex,factive,location,B,,,,
34137,,LXX,Exodus,10,14,,,,,,,,,,,,,,,,,,,,,
34364,HLK[,MT,Exodus,10,24,JLK,W JQR> PR<H >L MCH W J>MR LKW <BDW >T JHWH RQ Y>NKM W BQRKM JYG GM VPKM JLK <MKM,qal,impf,GM VPKM JLK <MKM,GM VPKM,<MKM,<M,with you,0.0,prep,det,prsf,simple,factive,other,<M,,,,
34364,,LXX,Exodus,10,24,,,,,,,,,,,,,,,,,,,,,
34385,HLK[,MT,Exodus,10,26,JLK,W GM MQNNW JLK <MNW L> TC>R PRSH KJ MMNW NQX L <BD >T JHWH >LHJNW W >NXNW L> ND< MH N<BD >T JHWH <D B>NW CMH,qal,impf,W GM MQNNW JLK <MNW,GM MQNNW,<MNW,<M,with us,0.0,prep,det,prsf,simple,factive,other,<M,,,,
34385,,LXX,Exodus,10,26,,,,,,,,,,,,,,,,,,,,,
34407,BW>[,MT,Exodus,10,26,B>NW,W GM MQNNW JLK <MNW L> TC>R PRSH KJ MMNW NQX L <BD >T JHWH >LHJNW W >NXNW L> ND< MH N<BD >T JHWH <D B>NW CMH,qal,infc,<D B>NW CMH,,CMH,CM,there,1.0,dir-he,det,adv,simple,factive,goal,,,,,
34407,,LXX,Exodus,10,26,,,,,,,,,,,,,,,,,,,,,
34538,JY>[,MT,Exodus,11,4,JWY>,W J>MR MCH KH >MR JHWH K XYT H LJLH >NJ JWY> B TWK MYRJM,qal,ptca,K XYT H LJLH >NJ JWY> B TWK MYRJM,>NJ,B TWK MYRJM,B TWK/ MYRJM/,in the midst of Egypt,0.0,prep,det,subs,complex,factive,location,B,,,,
34538,,LXX,Exodus,11,4,,,,,,,,,,,,,,,,,,,,,
34610,JRD[,MT,Exodus,11,8,JRDW,W JRDW KL <BDJK >LH >LJ W HCTXWW LJ L >MR Y> >TH W KL H <M >CR B RGLJK W >XRJ KN >Y> W JY> M <M PR<H B XRJ >P,qal,perf,W JRDW KL <BDJK >LH >LJ,KL <BDJK >LH,>LJ,>L,to me (God),0.0,prep,det,prsf,simple,factive,goal,>L,,,,
34610,,LXX,Exodus,11,8,,,,,,,,,,,,,,,,,,,,,
34904,<BR[,MT,Exodus,12,12,<BRTJ,W <BRTJ B >RY MYRJM B LJLH H ZH W HKJTJ KL BKWR B >RY MYRJM M >DM W <D BHMH W B KL >LHJ MYRJM ><FH CPVJM >NJ JHWH,qal,perf,W <BRTJ B >RY MYRJM B LJLH H ZH,,B >RY MYRJM,B >RY/ MYRJM/,through the land of Egypt,0.0,prep,det,subs,complex,factive,trajectory,B,,,,
34904,,LXX,Exodus,12,12,,,,,,,,,,,,,,,,,,,,,
35241,BW>[,MT,Exodus,12,23,B>,W <BR JHWH L NGP >T MYRJM W R>H >T H DM <L H MCQWP W <L CTJ H MZWZT W PSX JHWH <L H PTX W L> JTN H MCXJT L B> >L BTJKM L NGP,qal,infc,L B> >L BTJKM,,>L BTJKM,>L BJT/,in your houses,0.0,prep,det,subs,complex,factive,goal,>L,,,,
35241,,LXX,Exodus,12,23,,,,,,,,,,,,,,,,,,,,,
35264,BW>[,MT,Exodus,12,25,TB>W,W HJH KJ TB>W >L H >RY >CR JTN JHWH LKM K >CR DBR W CMRTM >T H <BDH H Z>T,qal,impf,KJ TB>W >L H >RY,,>L H >RY,>L H >RY/,into the land,0.0,prep,det,subs,simple,factive,goal,>L,,,,
35264,,LXX,Exodus,12,25,,,,,,,,,,,,,,,,,,,,,
35832,BW>[,MT,Exodus,13,5,JBJ>K,W HJH KJ JBJ>K JHWH >L >RY H KN<NJ W H XTJ W H >MRJ W H XWJ W H JBWSJ >CR NCB< L >BTJK L TT LK >RY ZBT XLB W DBC W <BDT >T H <BDH H Z>T B XDC H ZH,hif,impf,KJ JBJ>K JHWH >L >RY H KN<NJ W H XTJ W H >MRJ W H XWJ W H JBWSJ >RY ZBT XLB W DBC,JHWH,>L >RY H KN<NJ W H XTJ W H >MRJ W H XWJ W H JBWSJ >RY ZBT XLB W DBC,>L >RY/ H KN<NJ/ W H XTJ/ W H >MRJ/ W H XWJ/ W H JBWSJ/ >RY/ ZWB[ XLB/ W DBC/,"into the land of the Canaanites, and the Hittites, and the Amorites, and the Hivites, and the Jebusites, a land flowing with milk and honey",0.0,prep,det,subs,complex,factive,goal,>L,,,,
35832,,LXX,Exodus,13,5,,,,,,,,,,,,,,,,,,,,,
35968,BW>[,MT,Exodus,13,11,JB>K,W HJH KJ JB>K JHWH >L >RY H KN<NJ K >CR NCB< LK W L >BTJK W NTNH LK,hif,impf,KJ JB>K JHWH >L >RY H KN<NJ,JHWH,>L >RY H KN<NJ,>L >RY/ H KN<NJ/,in the land of the Canaanites,0.0,prep,det,subs,complex,factive,goal,>L,,,,
35968,,LXX,Exodus,13,11,,,,,,,,,,,,,,,,,,,,,
35985,<BR[,MT,Exodus,13,12,H<BRT,W H<BRT KL PVR RXM L JHWH W KL PVR CGR BHMH >CR JHJH LK H ZKRJM L JHWH,hif,perf,W H<BRT KL PVR RXM L JHWH,,L JHWH,L JHWH/,to Yahweh,0.0,prep,det,nmpr,simple,posture/not motion,other,L,,,,you shall present to Yahweh all which open first the womb
35985,,LXX,Exodus,13,12,,,,,,,,,,,,,,,,,,,,,
36132,CWB[,MT,Exodus,13,17,CBW,W JHJ B CLX PR<H >T H <M W L> NXM >LHJM DRK >RY PLCTJM KJ QRWB HW> KJ >MR >LHJM PN JNXM H <M B R>TM MLXMH W CBW MYRJMH,qal,perf,W CBW MYRJMH,,MYRJMH,MYRJM/,to Egypt,1.0,dir-he,det,nmpr,simple,factive,goal,,,,,
36132,,LXX,Exodus,13,17,,,,,,,,,,,,,,,,,,,,,
36135,SBB[,MT,Exodus,13,18,JSB,W JSB >LHJM >T H <M DRK H MDBR JM SWP W XMCJM <LW BNJ JFR>L M >RY MYRJM,hif,wayq,W JSB >LHJM >T H <M DRK H MDBR JM SWP,>LHJM,JM SWP,JM/ SWP/,toward the red sea,0.0,vc,det,subs,complex,factive,goal,,,,,
36135,,LXX,Exodus,13,18,,,,,,,,,,,,,,,,,,,,,
36135,SBB[,MT,Exodus,13,18,JSB,W JSB >LHJM >T H <M DRK H MDBR JM SWP W XMCJM <LW BNJ JFR>L M >RY MYRJM,hif,wayq,W JSB >LHJM >T H <M DRK H MDBR JM SWP,>LHJM,DRK H MDBR,DRK/ H MDBR/,by the way of the wilderness,0.0,vc,det,subs,complex,factive,trajectory,,,,,
36135,,LXX,Exodus,13,18,,,,,,,,,,,,,,,,,,,,,
36412,NS<[,MT,Exodus,14,10,NS<,W PR<H HQRJB W JF>W BNJ JFR>L >T <JNJHM W HNH MYRJM NS< >XRJHM W JJR>W M>D W JY<QW BNJ JFR>L >L JHWH,qal,ptca,MYRJM NS< >XRJHM,MYRJM,>XRJHM,>XR/,after/behind them,0.0,prep,det,prsf,simple,factive,other,>XR/,,,,
36412,,LXX,Exodus,14,10,,,,,,,,,,,,,,,,,,,,,
36545,BW>[,MT,Exodus,14,16,JB>W,W >TH HRM >T MVK W NVH >T JDK <L H JM W BQ<HW W JB>W BNJ JFR>L B TWK H JM B JBCH,qal,impf,W JB>W BNJ JFR>L B TWK H JM B JBCH,BNJ JFR>L,B TWK H JM,B TWK/ H JM/,in/through the midst of the sea,0.0,prep,det,subs,complex,factive,trajectory,B,,,,
36545,,LXX,Exodus,14,16,,,,,,,,,,,,,,,,,,,,,
36563,BW>[,MT,Exodus,14,17,JB>W,W >NJ HNNJ MXZQ >T LB MYRJM W JB>W >XRJHM W >KBDH B PR<H W B KL XJLW B RKBW W B PRCJW,qal,impf,W JB>W >XRJHM,,>XRJHM,>XR/,after/behind them,0.0,prep,det,prsf,simple,factive,other,>XR/,,,,
36563,,LXX,Exodus,14,17,,,,,,,,,,,,,,,,,,,,,
36599,HLK[,MT,Exodus,14,19,HLK,W JS< ML>K H >LHJM H HLK L PNJ MXNH JFR>L W JLK M >XRJHM W JS< <MWD H <NN M PNJHM W J<MD M >XRJHM,qal,ptca,H HLK L PNJ MXNH JFR>L,,L PNJ MXNH JFR>L,L PNH/ MXNH/ JFR>L/,before the camp of Israel,0.0,prep,det,subs,complex,factive,other,L,,,,
36599,,LXX,Exodus,14,19,,,,,,,,,,,,,,,,,,,,,
36620,BW>[,MT,Exodus,14,20,JB>,W JB> BJN MXNH MYRJM W BJN MXNH JFR>L W JHJ H <NN W H XCK W J>R >T H LJLH W L> QRB ZH >L ZH KL H LJLH,qal,wayq,W JB> BJN MXNH MYRJM W BJN MXNH JFR>L,,BJN MXNH MYRJM W BJN MXNH JFR>L,BJN/ MXNH/ MYRJM/ W BJN/ MXNH/ JFR>L/,between the camp of Egypt and the camp of Israel,0.0,prep,det,subs,complex,factive,location,BJN/,BJN/,,,
36620,,LXX,Exodus,14,20,,,,,,,,,,,,,,,,,,,,,
36642,QRB[,MT,Exodus,14,20,QRB,W JB> BJN MXNH MYRJM W BJN MXNH JFR>L W JHJ H <NN W H XCK W J>R >T H LJLH W L> QRB ZH >L ZH KL H LJLH,qal,perf,W L> QRB ZH >L ZH KL H LJLH,ZH,>L ZH,>L ZH,to this (place),0.0,prep,det,ppde,simple,factive,goal,>L,,,,
36642,,LXX,Exodus,14,20,,,,,,,,,,,,,,,,,,,,,
36683,BW>[,MT,Exodus,14,22,JB>W,W JB>W BNJ JFR>L B TWK H JM B JBCH W H MJM LHM XMH M JMJNM W M FM>LM,qal,wayq,W JB>W BNJ JFR>L B TWK H JM B JBCH,BNJ JFR>L,B TWK H JM,B TWK/ H JM/,in/through the midst of the sea,0.0,prep,det,subs,complex,factive,trajectory,B,,,,
36683,,LXX,Exodus,14,22,,,,,,,,,,,,,,,,,,,,,
36707,BW>[,MT,Exodus,14,23,JB>W,W JRDPW MYRJM W JB>W >XRJHM KL SWS PR<H RKBW W PRCJW >L TWK H JM,qal,wayq,W JB>W >XRJHM KL SWS PR<H RKBW W PRCJW >L TWK H JM,KL SWS PR<H RKBW W PRCJW,>XRJHM,>XR/,after/behind them,0.0,prep,det,prsf,simple,factive,other,>XR/,,,,
36707,,LXX,Exodus,14,23,,,,,,,,,,,,,,,,,,,,,
36707,BW>[,MT,Exodus,14,23,JB>W,W JRDPW MYRJM W JB>W >XRJHM KL SWS PR<H RKBW W PRCJW >L TWK H JM,qal,wayq,W JB>W >XRJHM KL SWS PR<H RKBW W PRCJW >L TWK H JM,KL SWS PR<H RKBW W PRCJW,>L TWK H JM,>L TWK/ H JM/,into the midst of the sea,0.0,prep,det,subs,complex,factive,trajectory,>L,,,,
36707,,LXX,Exodus,14,23,,,,,,,,,,,,,,,,,,,,,
36775,CWB[,MT,Exodus,14,26,JCBW,W J>MR JHWH >L MCH NVH >T JDK <L H JM W JCBW H MJM <L MYRJM <L RKBW W <L PRCJW,qal,impf,W JCBW H MJM <L MYRJM <L RKBW W <L PRCJW,H MJM,<L MYRJM <L RKBW W <L PRCJW,<L MYRJM/ <L RKB/ W <L PRC/,"upon the Egyptians, upon their chariots and upon their horsemen",0.0,prep + prep + prep,det,nmpr,complex,factive,other,<L,<L,<L,,
36775,,LXX,Exodus,14,26,,,,,,,,,,,,,,,,,,,,,
36794,CWB[,MT,Exodus,14,27,JCB,W JV MCH >T JDW <L H JM W JCB H JM L PNWT BQR L >JTNW W MYRJM NSJM L QR>TW W JN<R JHWH >T MYRJM B TWK H JM,qal,wayq,W JCB H JM L >JTNW,H JM,L >JTNW,L >JTN/,to its steady flow,0.0,prep,det,subs,complex,posture/not motion,other,L,,,,
36794,,LXX,Exodus,14,27,,,,,,,,,,,,,,,,,,,,,
36834,BW>[,MT,Exodus,14,28,B>JM,W JCBW H MJM W JKSW >T H RKB W >T H PRCJM L KL XJL PR<H H B>JM >XRJHM B JM L> NC>R BHM <D >XD,qal,ptca,H B>JM >XRJHM B JM,,>XRJHM,>XR/,after/behind them,0.0,prep,det,prsf,simple,factive,other,>XR/,,,,
36834,,LXX,Exodus,14,28,,,,,,,,,,,,,,,,,,,,,
36834,BW>[,MT,Exodus,14,28,B>JM,W JCBW H MJM W JKSW >T H RKB W >T H PRCJM L KL XJL PR<H H B>JM >XRJHM B JM L> NC>R BHM <D >XD,qal,ptca,H B>JM >XRJHM B JM,,B JM,B H JM/,in the sea,0.0,prep,det,subs,simple,factive,goal,B,,,,
36834,,LXX,Exodus,14,28,,,,,,,,,,,,,,,,,,,,,
36847,HLK[,MT,Exodus,14,29,HLKW,W BNJ JFR>L HLKW B JBCH B TWK H JM W H MJM LHM XMH M JMJNM W M FM>LM,qal,perf,W BNJ JFR>L HLKW B JBCH B TWK H JM,BNJ JFR>L,B JBCH,B H JBCH/,on the dry ground,0.0,prep,det,subs,simple,factive,trajectory,B,,,,
36847,,LXX,Exodus,14,29,,,,,,,,,,,,,,,,,,,,,
36978,VB<[,MT,Exodus,15,4,VB<W,MRKBT PR<H W XJLW JRH B JM W MBXR CLCJW VB<W B JM SWP,pual,perf,W MBXR CLCJW VB<W B JM SWP,MBXR CLCJW,B JM SWP,B JM/ SWP/,in the Red Sea,0.0,prep,det,subs,complex,posture/not motion,location,B,,,,they were drowned in the Red Sea: motion?
36978,,LXX,Exodus,15,4,,,,,,,,,,,,,,,,,,,,,
36984,JRD[,MT,Exodus,15,5,JRDW,THMT JKSJMW JRDW B MYWLT KMW >BN,qal,perf,JRDW B MYWLT KMW >BN,,B MYWLT,B MYWLH/,into depths,0.0,prep,det,subs,simple,vertical,goal/traj,B,,,,
36984,,LXX,Exodus,15,5,,,,,,,,,,,,,,,,,,,,,
37101,NPL[,MT,Exodus,15,16,TPL,TPL <LJHM >JMTH W PXD B GDL ZRW<K JDMW K >BN <D J<BR <MK JHWH <D J<BR <M ZW QNJT,qal,impf,TPL <LJHM >JMTH W PXD,>JMTH W PXD,<LJHM,<L,upon them,0.0,prep,det,prsf,simple,vertical,goal/recipient,<L,,,,vertical motion
37101,,LXX,Exodus,15,16,,,,,,,,,,,,,,,,,,,,,
37144,BW>[,MT,Exodus,15,19,B>,KJ B> SWS PR<H B RKBW W B PRCJW B JM W JCB JHWH <LHM >T MJ H JM W BNJ JFR>L HLKW B JBCH B TWK H JM,qal,perf,KJ B> SWS PR<H B RKBW W B PRCJW B JM,SWS PR<H,B JM,B H JM/,in the water,0.0,prep,det,subs,simple,factive,goal,B,,,,
37144,,LXX,Exodus,15,19,,,,,,,,,,,,,,,,,,,,,
37156,CWB[,MT,Exodus,15,19,JCB,KJ B> SWS PR<H B RKBW W B PRCJW B JM W JCB JHWH <LHM >T MJ H JM W BNJ JFR>L HLKW B JBCH B TWK H JM,hif,wayq,W JCB JHWH <LHM >T MJ H JM,JHWH,<LHM,<L,upon them,0.0,prep,det,prsf,simple,factive,other,<L,,,,
37156,,LXX,Exodus,15,19,,,,,,,,,,,,,,,,,,,,,
37166,HLK[,MT,Exodus,15,19,HLKW,KJ B> SWS PR<H B RKBW W B PRCJW B JM W JCB JHWH <LHM >T MJ H JM W BNJ JFR>L HLKW B JBCH B TWK H JM,qal,perf,W BNJ JFR>L HLKW B JBCH B TWK H JM,BNJ JFR>L,B JBCH,B H JBCH/,on the dry ground,0.0,prep,det,subs,simple,factive,trajectory,B,,,,
37166,,LXX,Exodus,15,19,,,,,,,,,,,,,,,,,,,,,
37187,JY>[,MT,Exodus,15,20,TY>N,W TQX MRJM H NBJ>H >XWT >HRN >T H TP B JDH W TY>N KL H NCJM >XRJH B TPJM W B MXLT,qal,wayq,W TY>N KL H NCJM >XRJH B TPJM W B MXLT,KL H NCJM,>XRJH,>XR/,after/behind her,0.0,prep,det,prsf,simple,factive,other,>XR/,,,,
37187,,LXX,Exodus,15,20,,,,,,,,,,,,,,,,,,,,,
37223,JY>[,MT,Exodus,15,22,JY>W,W JS< MCH >T JFR>L M JM SWP W JY>W >L MDBR CWR W JLKW CLCT JMJM B MDBR W L> MY>W MJM,qal,wayq,W JY>W >L MDBR CWR,,>L MDBR CWR,>L MDBR/ CWR==/,into the wilderness of Shur,0.0,prep,det,subs,complex,factive,goal,>L,,,,
37223,,LXX,Exodus,15,22,,,,,,,,,,,,,,,,,,,,,
37228,HLK[,MT,Exodus,15,22,JLKW,W JS< MCH >T JFR>L M JM SWP W JY>W >L MDBR CWR W JLKW CLCT JMJM B MDBR W L> MY>W MJM,qal,wayq,W JLKW CLCT JMJM B MDBR,,B MDBR,B H MDBR/,in the wilderness,0.0,prep,det,subs,simple,factive,goal,B,,,,
37228,,LXX,Exodus,15,22,,,,,,,,,,,,,,,,,,,,,
37239,BW>[,MT,Exodus,15,23,JB>W,W JB>W MRTH W L> JKLW L CTT MJM M MRH KJ MRJM HM <L KN QR> CMH MRH,qal,wayq,W JB>W MRTH,,MRTH,MRH=/,to Marah,1.0,dir-he,det,nmpr,simple,factive,goal,,,,,
37239,,LXX,Exodus,15,23,,,,,,,,,,,,,,,,,,,,,
37331,BW>[,MT,Exodus,15,27,JB>W,W JB>W >JLMH W CM CTJM <FRH <JNT MJM W CB<JM TMRJM W JXNW CM <L H MJM,qal,wayq,W JB>W >JLMH,,>JLMH,>JLM=/,to Elim,1.0,dir-he,det,nmpr,simple,factive,goal,,,,,
37331,,LXX,Exodus,15,27,,,,,,,,,,,,,,,,,,,,,
37353,BW>[,MT,Exodus,16,1,JB>W,W JS<W M >JLM W JB>W KL <DT BNJ JFR>L >L MDBR SJN >CR BJN >JLM W BJN SJNJ B XMCH <FR JWM L XDC H CNJ L Y>TM M >RY MYRJM,qal,wayq,W JB>W KL <DT BNJ JFR>L >L MDBR SJN B XMCH <FR JWM L XDC H CNJ,KL <DT BNJ JFR>L,>L MDBR SJN,>L MDBR/ SJN/,into the wilderness of Sin,0.0,prep,det,subs,complex,factive,goal,>L,,,,
37353,,LXX,Exodus,16,1,,,,,,,,,,,,,,,,,,,,,
37421,JY>[,MT,Exodus,16,3,HWY>TM,W J>MRW >LHM BNJ JFR>L MJ JTN MWTNW B JD JHWH B >RY MYRJM B CBTNW <L SJR H BFR B >KLNW LXM L FB< KJ HWY>TM >TNW >L H MDBR H ZH L HMJT >T KL H QHL H ZH B R<B,hif,perf,KJ HWY>TM >TNW >L H MDBR H ZH,,>L H MDBR H ZH,>L H MDBR/ H ZH,into this wilderness,0.0,prep,det,subs,complex,factive,goal,>L,,,,
37421,,LXX,Exodus,16,3,,,,,,,,,,,,,,,,,,,,,
37464,HLK[,MT,Exodus,16,4,JLK,W J>MR JHWH >L MCH HNNJ MMVJR LKM LXM MN H CMJM W JY> H <M W LQVW DBR JWM B JWMW LM<N >NSNW H JLK B TWRTJ >M L>,qal,impf,H JLK B TWRTJ,,B TWRTJ,B TWRH/,in my law,0.0,prep,det,subs,complex,fictive,location,B,,,,
37464,,LXX,Exodus,16,4,,,,,,,,,,,,,,,,,,,,,
37576,QRB[,MT,Exodus,16,9,QRBW,W J>MR MCH >L >HRN >MR >L KL <DT BNJ JFR>L QRBW L PNJ JHWH KJ CM< >T TLNTJKM,qal,impv,QRBW L PNJ JHWH,,L PNJ JHWH,L PNH/ JHWH/,before Yahweh,0.0,prep,det,subs,complex,factive,goal,L,,,,
37576,,LXX,Exodus,16,9,,,,,,,,,,,,,,,,,,,,,
37595,PNH[,MT,Exodus,16,10,JPNW,W JHJ K DBR >HRN >L KL <DT BNJ JFR>L W JPNW >L H MDBR W HNH KBWD JHWH NR>H B <NN,qal,wayq,W JPNW >L H MDBR,,>L H MDBR,>L H MDBR/,to/toward the wilderness,0.0,prep,det,subs,simple,posture/not motion,goal,>L,,,,
37595,,LXX,Exodus,16,10,,,,,,,,,,,,,,,,,,,,,
37873,NWX[,MT,Exodus,16,23,HNJXW,W J>MR >LHM HW> >CR DBR JHWH CBTWN CBT QDC L JHWH MXR >T >CR T>PW >PW W >T >CR TBCLW BCLW W >T KL H <DP HNJXW LKM L MCMRT <D H BQR,hif,impv,W >T KL H <DP HNJXW LKM L MCMRT <D H BQR,,LKM,L,for you,0.0,prep,det,prsf,simple,posture/not motion,goal/recipient,LKM,,,,"set aside for you, no motion"
37873,,LXX,Exodus,16,23,,,,,,,,,,,,,,,,,,,,,
38069,NWX[,MT,Exodus,16,33,HNX,W J>MR MCH >L >HRN QX YNYNT >XT W TN CMH ML> H <MR MN W HNX >TW L PNJ JHWH L MCMRT L DRTJKM,hif,impv,W HNX >TW L PNJ JHWH L MCMRT L DRTJKM,,L PNJ JHWH,L PNH/ JHWH/,from the presence of Yahweh,0.0,prep,det,subs,complex,factive,goal/recipient,L,,,,
38069,,LXX,Exodus,16,33,,,,,,,,,,,,,,,,,,,,,
38085,NWX[,MT,Exodus,16,34,JNJXHW,K >CR YWH JHWH >L MCH W JNJXHW >HRN L PNJ H <DT L MCMRT,hif,wayq,W JNJXHW >HRN L PNJ H <DT L MCMRT,>HRN,L PNJ H <DT,L PNH/ H <DWT/,in front of the testimony,0.0,prep,det,subs,complex,factive,goal/recipient,L,,,,
38085,,LXX,Exodus,16,34,,,,,,,,,,,,,,,,,,,,,
38103,BW>[,MT,Exodus,16,35,B>M,W BNJ JFR>L >KLW >T H MN >RB<JM CNH <D B>M >L >RY NWCBT >T H MN >KLW <D B>M >L QYH >RY KN<N,qal,infc,<D B>M >L >RY NWCBT,,>L >RY NWCBT,>L >RY/ JCB[,to an inhabited land,0.0,prep,und,subs,complex,factive,goal,>L,,,,
38103,,LXX,Exodus,16,35,,,,,,,,,,,,,,,,,,,,,
38112,BW>[,MT,Exodus,16,35,B>M,W BNJ JFR>L >KLW >T H MN >RB<JM CNH <D B>M >L >RY NWCBT >T H MN >KLW <D B>M >L QYH >RY KN<N,qal,infc,<D B>M >L QYH >RY KN<N,,>L QYH >RY KN<N,>L QYH=/ >RY/ KN<N/,to the border of the land of Canaan,0.0,prep,det,subs,complex,factive,goal,>L,,,,
38112,,LXX,Exodus,16,35,,,,,,,,,,,,,,,,,,,,,
38125,NS<[,MT,Exodus,17,1,JS<W,W JS<W KL <DT BNJ JFR>L M MDBR SJN L MS<JHM <L PJ JHWH W JXNW B RPJDJM W >JN MJM L CTT H <M,qal,wayq,W JS<W KL <DT BNJ JFR>L M MDBR SJN L MS<JHM <L PJ JHWH,KL <DT BNJ JFR>L,L MS<JHM,L MS</,by/in stages,0.0,prep,det,subs,simple,factive,other,L,,,,
38125,,LXX,Exodus,17,1,,,,,,,,,,,,,,,,,,,,,
38229,<BR[,MT,Exodus,17,5,<BR,W J>MR JHWH >L MCH <BR L PNJ H <M W QX >TK M ZQNJ JFR>L W MVK >CR HKJT BW >T H J>R QX B JDK W HLKT,qal,impv,<BR L PNJ H <M,,L PNJ H <M,L PNH/ H <M/,before / in front of the people,0.0,prep,det,subs,complex,factive,other,L,,,,
38229,,LXX,Exodus,17,5,,,,,,,,,,,,,,,,,,,,,
38269,JY>[,MT,Exodus,17,6,JY>W,HNNJ <MD L PNJK CM <L H YWR B XRB W HKJT B YWR W JY>W MMNW MJM W CTH H <M W J<F KN MCH L <JNJ ZQNJ JFR>L,qal,perf,W JY>W MMNW MJM,MJM,MMNW,MN,(out) from it,0.0,prep,det,prsf,simple,factive,source,MN,,,,min excluded
38269,,LXX,Exodus,17,6,,,,,,,,,,,,,,,,,,,,,
38362,<LH[,MT,Exodus,17,10,<LW,W J<F JHWC< K >CR >MR LW MCH L HLXM B <MLQ W MCH >HRN W XWR <LW R>C H GB<H,qal,perf,W MCH >HRN W XWR <LW R>C H GB<H,MCH >HRN W XWR,R>C H GB<H,R>C/ H GB<H/,on top of the hill,0.0,vc,det,subs,complex,factive,goal,,,,,
38362,,LXX,Exodus,17,10,,,,,,,,,,,,,,,,,,,,,
38548,BW>[,MT,Exodus,18,5,JB>,W JB> JTRW XTN MCH W BNJW W >CTW >L MCH >L H MDBR >CR HW> XNH CM HR H >LHJM,qal,wayq,W JB> JTRW XTN MCH W BNJW W >CTW >L MCH >L H MDBR,JTRW XTN MCH W BNJW W >CTW,>L MCH >L H MDBR,>L MCH=/ >L H MDBR/,to Moses into the wilderness,0.0,prep + prep,det,nmpr,complex,factive,goal,>L,>L,,,
38548,,LXX,Exodus,18,5,,,,,,,,,,,,,,,,,,,,,
38575,BW>[,MT,Exodus,18,6,B>,W J>MR >L MCH >NJ XTNK JTRW B> >LJK W >CTK W CNJ BNJH <MH,qal,ptca,>NJ XTNK JTRW B> >LJK,>NJ XTNK JTRW,>LJK,>L,to you,0.0,prep,det,prsf,simple,factive,goal,>L,,,,
38575,,LXX,Exodus,18,6,,,,,,,,,,,,,,,,,,,,,
38602,BW>[,MT,Exodus,18,7,JB>W,W JY> MCH L QR>T XTNW W JCTXW W JCQ LW W JC>LW >JC L R<HW L CLWM W JB>W H >HLH,qal,wayq,W JB>W H >HLH,,H >HLH,H >HL/,to the tent,1.0,dir-he,det,subs,simple,factive,goal,,,,,
38602,,LXX,Exodus,18,7,,,,,,,,,,,,,,,,,,,,,
38789,BW>[,MT,Exodus,18,15,JB>,W J>MR MCH L XTNW KJ JB> >LJ H <M L DRC >LHJM,qal,impf,KJ JB> >LJ H <M,H <M,>LJ,>L,to me,0.0,prep,det,prsf,simple,factive,goal,>L,,,,
38789,,LXX,Exodus,18,15,,,,,,,,,,,,,,,,,,,,,
38800,BW>[,MT,Exodus,18,16,B>,KJ JHJH LHM DBR B> >LJ W CPVTJ BJN >JC W BJN R<HW W HWD<TJ >T XQJ H >LHJM W >T TWRTJW,qal,perf,B> >LJ,,>LJ,>L,to me,0.0,prep,det,prsf,simple,factive,goal,>L,,,,
38800,,LXX,Exodus,18,16,,,,,,,,,,,,,,,,,,,,,
38869,BW>[,MT,Exodus,18,19,HB>T,<TH CM< B QLJ >J<YK W JHJ >LHJM <MK HJH >TH L <M MWL H >LHJM W HB>T >TH >T H DBRJM >L H >LHJM,hif,perf,W HB>T >TH >T H DBRJM >L H >LHJM,>TH,>L H >LHJM,>L H >LHJM/,to the God,0.0,prep,det,subs,simple,posture/not motion,other,>L,,,,to bring matters to someone
38869,,LXX,Exodus,18,19,,,,,,,,,,,,,,,,,,,,,
38893,HLK[,MT,Exodus,18,20,JLKW,W HZHRTH >THM >T H XQJM W >T H TWRT W HWD<T LHM >T H DRK JLKW BH W >T H M<FH >CR J<FWN,qal,impf,JLKW BH,,BH,B,in her/it (the way),0.0,prep,det,subs,simple,fictive,trajectory,B,,,,
38893,,LXX,Exodus,18,20,,,,,,,,,,,,,,,,,,,,,
38943,BW>[,MT,Exodus,18,22,JBJ>W,W CPVW >T H <M B KL <T W HJH KL H DBR H GDL JBJ>W >LJK W KL H DBR H QVN JCPVW HM W HQL M <LJK W NF>W >TK,hif,impf,KL H DBR H GDL JBJ>W >LJK,,>LJK,>L,to you,0.0,prep,det,prsf,simple,posture/not motion,other,>L,,,,bring the matters to you
38943,,LXX,Exodus,18,22,,,,,,,,,,,,,,,,,,,,,
38982,BW>[,MT,Exodus,18,23,JB>,>M >T H DBR H ZH T<FH W YWK >LHJM W JKLT <MD W GM KL H <M H ZH <L MQMW JB> B CLWM,qal,impf,W GM KL H <M H ZH <L MQMW JB> B CLWM,GM KL H <M H ZH,<L MQMW,<L MQWM/,to his/their place (of the people),0.0,prep,det,subs,complex,factive,goal,<L,,,,
38982,,LXX,Exodus,18,23,,,,,,,,,,,,,,,,,,,,,
39033,BW>[,MT,Exodus,18,26,JBJ>WN,W CPVW >T H <M B KL <T >T H DBR H QCH JBJ>WN >L MCH W KL H DBR H QVN JCPWVW HM,hif,impf,>T H DBR H QCH JBJ>WN >L MCH,,>L MCH,>L MCH=/,to Moses,0.0,prep,det,nmpr,simple,posture/not motion,other,>L,,,,to bring matters to Moses
39033,,LXX,Exodus,18,26,,,,,,,,,,,,,,,,,,,,,
39050,HLK[,MT,Exodus,18,27,JLK,W JCLX MCH >T XTNW W JLK LW >L >RYW,qal,wayq,W JLK LW >L >RYW,,>L >RYW,>L >RY/,to his land,0.0,prep,det,subs,complex,factive,goal,>L,,,,
39050,,LXX,Exodus,18,27,,,,,,,,,,,,,,,,,,,,,
39071,BW>[,MT,Exodus,19,1,B>W,B XDC H CLJCJ L Y>T BNJ JFR>L M >RY MYRJM B JWM H ZH B>W MDBR SJNJ,qal,perf,B XDC H CLJCJ B JWM H ZH B>W MDBR SJNJ,,MDBR SJNJ,MDBR/ SJNJ=/,to the wilderness of Sinai,0.0,vc,det,subs,complex,factive,goal,,,,,
39071,,LXX,Exodus,19,1,,,,,,,,,,,,,,,,,,,,,
39079,BW>[,MT,Exodus,19,2,JB>W,W JS<W M RPJDJM W JB>W MDBR SJNJ W JXNW B MDBR W JXN CM JFR>L NGD H HR,qal,wayq,W JB>W MDBR SJNJ,,MDBR SJNJ,MDBR/ SJNJ=/,to the wilderness of Sinai,0.0,vc,det,subs,complex,factive,goal,,,,,
39079,,LXX,Exodus,19,2,,,,,,,,,,,,,,,,,,,,,
39096,<LH[,MT,Exodus,19,3,<LH,W MCH <LH >L H >LHJM W JQR> >LJW JHWH MN H HR L >MR KH T>MR L BJT J<QB W TGJD L BNJ JFR>L,qal,perf,W MCH <LH >L H >LHJM,MCH,>L H >LHJM,>L H >LHJM/,to (the) God,0.0,prep,det,subs,simple,factive,goal,>L,,,,
39096,,LXX,Exodus,19,3,,,,,,,,,,,,,,,,,,,,,
39132,BW>[,MT,Exodus,19,4,>B>,>TM R>JTM >CR <FJTJ L MYRJM W >F> >TKM <L KNPJ NCRJM W >B> >TKM >LJ,hif,wayq,W >B> >TKM >LJ,,>LJ,>L,to me/to myself,0.0,prep,det,prsf,simple,factive,goal,>L,,,,
39132,,LXX,Exodus,19,4,,,,,,,,,,,,,,,,,,,,,
39212,CWB[,MT,Exodus,19,8,JCB,W J<NW KL H <M JXDW W J>MRW KL >CR DBR JHWH N<FH W JCB MCH >T DBRJ H <M >L JHWH,hif,wayq,W JCB MCH >T DBRJ H <M >L JHWH,MCH,>L JHWH,>L JHWH/,to Yahweh,0.0,prep,det,nmpr,simple,posture/not motion,other,>L,,,,Moses brought the words of the people back to Y
39212,,LXX,Exodus,19,8,,,,,,,,,,,,,,,,,,,,,
39227,BW>[,MT,Exodus,19,9,B>,W J>MR JHWH >L MCH HNH >NKJ B> >LJK B <B H <NN B <BWR JCM< H <M B DBRJ <MK W GM BK J>MJNW L <WLM W JGD MCH >T DBRJ H <M >L JHWH,qal,ptca,HNH >NKJ B> >LJK B <B H <NN,>NKJ,>LJK,>L,to you,0.0,prep,det,prsf,simple,factive,goal,>L,,,,
39227,,LXX,Exodus,19,9,,,,,,,,,,,,,,,,,,,,,
39261,HLK[,MT,Exodus,19,10,LK,W J>MR JHWH >L MCH LK >L H <M W QDCTM H JWM W MXR W KBSW FMLTM,qal,impv,LK >L H <M,,>L H <M,>L H <M/,to the people,0.0,prep,det,subs,simple,factive,goal,>L,,,,
39261,,LXX,Exodus,19,10,,,,,,,,,,,,,,,,,,,,,
39288,JRD[,MT,Exodus,19,11,JRD,W HJW NKNJM L JWM H CLJCJ KJ B JWM H CLJCJ JRD JHWH L <JNJ KL H <M <L HR SJNJ,qal,impf,KJ B JWM H CLJCJ JRD JHWH L <JNJ KL H <M <L HR SJNJ,JHWH,<L HR SJNJ,<L HR/ SJNJ=/,upon/on mount Sinai,0.0,prep,det,subs,complex,vertical,goal,<L,,,,Yahweh will come down on mount Sinai
39288,,LXX,Exodus,19,11,,,,,,,,,,,,,,,,,,,,,
39308,<LH[,MT,Exodus,19,12,<LWT,W HGBLT >T H <M SBJB L >MR HCMRW LKM <LWT B HR W NG< B QYHW KL H NG< B HR MWT JWMT,qal,infc,<LWT B HR,,B HR,B H HR/,to the mountain,0.0,prep,det,subs,simple,factive,goal,B,,,,
39308,,LXX,Exodus,19,12,,,,,,,,,,,,,,,,,,,,,
39345,<LH[,MT,Exodus,19,13,J<LW,L> TG< BW JD KJ SQWL JSQL >W JRH JJRH >M BHMH >M >JC L> JXJH B MCK H JBL HMH J<LW B HR,qal,impf,HMH J<LW B HR,HMH,B HR,B H HR/,to the mountain,0.0,prep,det,subs,simple,factive,goal,B,,,,
39345,,LXX,Exodus,19,13,,,,,,,,,,,,,,,,,,,,,
39350,JRD[,MT,Exodus,19,14,JRD,W JRD MCH MN H HR >L H <M W JQDC >T H <M W JKBSW FMLTM,qal,wayq,W JRD MCH MN H HR >L H <M,MCH,>L H <M,>L H <M/,to the people,0.0,prep,det,subs,simple,factive,goal,>L,,,,
39350,,LXX,Exodus,19,14,,,,,,,,,,,,,,,,,,,,,
39377,NGC[,MT,Exodus,19,15,TGCW,W J>MR >L H <M HJW NKNJM L CLCT JMJM >L TGCW >L >CH,qal,impf,>L TGCW >L >CH,,>L >CH,>L >CH/,to a woman,0.0,prep,und,subs,simple,posture/not motion,other,>L,,,,
39377,,LXX,Exodus,19,15,,,,,,,,,,,,,,,,,,,,,
39443,JRD[,MT,Exodus,19,18,JRD,W HR SJNJ <CN KLW M PNJ >CR JRD <LJW JHWH B >C W J<L <CNW K <CN H KBCN W JXRD KL H HR M>D,qal,perf,M PNJ >CR JRD <LJW JHWH B >C,JHWH,<LJW,<L,upon it,0.0,prep,det,prsf,simple,vertical,goal,<L,,,,Y descended upon it
39443,,LXX,Exodus,19,18,,,,,,,,,,,,,,,,,,,,,
39480,JRD[,MT,Exodus,19,20,JRD,W JRD JHWH <L HR SJNJ >L R>C H HR W JQR> JHWH L MCH >L R>C H HR W J<L MCH,qal,wayq,W JRD JHWH <L HR SJNJ >L R>C H HR,JHWH,<L HR SJNJ,<L HR/ SJNJ=/,upon Mount Sinai,0.0,prep,det,subs,complex,vertical,goal,<L,,,,Y descended upon Mt Sinai
39480,,LXX,Exodus,19,20,,,,,,,,,,,,,,,,,,,,,
39526,NGC[,MT,Exodus,19,22,NGCJM,W GM H KHNJM H NGCJM >L JHWH JTQDCW PN JPRY BHM JHWH,nif,ptca,H NGCJM >L JHWH,,>L JHWH,>L JHWH/,to Yahweh,0.0,prep,det,nmpr,simple,factive,goal,>L,,,,
39526,,LXX,Exodus,19,22,,,,,,,,,,,,,,,,,,,,,
39544,<LH[,MT,Exodus,19,23,<LT,W J>MR MCH >L JHWH L> JWKL H <M L <LT >L HR SJNJ KJ >TH H<DTH BNW L >MR HGBL >T H HR W QDCTW,qal,infc,L <LT >L HR SJNJ,,>L HR SJNJ,>L HR/ SJNJ=/,to Mount Sinai,0.0,prep,det,subs,complex,factive,goal,>L,,,,
39544,,LXX,Exodus,19,23,,,,,,,,,,,,,,,,,,,,,
39581,<LH[,MT,Exodus,19,24,<LT,W J>MR >LJW JHWH LK RD W <LJT >TH W >HRN <MK W H KHNJM W H <M >L JHRSW L <LT >L JHWH PN JPRY BM,qal,infc,L <LT >L JHWH,,>L JHWH,>L JHWH/,to Yahweh,0.0,prep,det,nmpr,simple,factive,goal,>L,,,,
39581,,LXX,Exodus,19,24,,,,,,,,,,,,,,,,,,,,,
39588,JRD[,MT,Exodus,19,25,JRD,W JRD MCH >L H <M W J>MR >LHM,qal,wayq,W JRD MCH >L H <M,MCH,>L H <M,>L H <M/,to the people,0.0,prep,det,subs,simple,factive,goal,>L,,,,
39588,,LXX,Exodus,19,25,,,,,,,,,,,,,,,,,,,,,
29187,JRD[,MT,Exodus,2,5,TRD,W TRD BT PR<H L RXY <L H J>R W N<RTJH HLKT <L JD H J>R W TR> >T H TBH B TWK H SWP W TCLX >T >MTH W TQXH,qal,wayq,W TRD BT PR<H <L H J>R,BT PR<H,<L H J>R,<L H J>R=/,at the Nile river,0.0,prep,det,nmpr,simple,factive,goal,<L,,,,
29187,,LXX,Exodus,2,5,,,,,,,,,,,,,,,,,,,,,
29308,BW>[,MT,Exodus,2,10,TB>HW,W JGDL H JLD W TB>HW L BT PR<H W JHJ LH L BN W TQR> CMW MCH W T>MR KJ MN H MJM MCJTHW,hif,wayq,W TB>HW L BT PR<H,,L BT PR<H,L BT/ PR<H/,to the daughter of Pharaoh ,0.0,prep,det,subs,complex,factive,goal,L,,,,
29308,,LXX,Exodus,2,10,,,,,,,,,,,,,,,,,,,,,
29339,JY>[,MT,Exodus,2,11,JY>,W JHJ B JMJM H HM W JGDL MCH W JY> >L >XJW W JR> B SBLTM W JR> >JC MYRJ MKH >JC <BRJ M >XJW,qal,wayq,W JY> >L >XJW,,>L >XJW,>L >X/,to his brothers,0.0,prep,det,subs,complex,factive,goal,>L,,,,
29339,,LXX,Exodus,2,11,,,,,,,,,,,,,,,,,,,,,
29491,BW>[,MT,Exodus,2,18,TB>NH,W TB>NH >L R<W>L >BJHN W J>MR MDW< MHRTN B> H JWM,qal,wayq,W TB>NH >L R<W>L >BJHN,,>L R<W>L >BJHN,>L R<W>L/ >B/,to Reuel their father,0.0,prep,det,nmpr,complex,factive,goal,>L,,,,
29491,,LXX,Exodus,2,18,,,,,,,,,,,,,,,,,,,,,
29591,<LH[,MT,Exodus,2,23,T<L,W JHJ B JMJM H RBJM H HM W JMT MLK MYRJM W J>NXW BNJ JFR>L MN H <BDH W JZ<QW W T<L CW<TM >L H >LHJM MN H <BDH,qal,wayq,W T<L CW<TM >L H >LHJM MN H <BDH,CW<TM,>L H >LHJM,>L H >LHJM/,to (the) God,0.0,prep,det,subs,simple,fictive,goal/recipient,>L,,,,their cry came up to God
29591,,LXX,Exodus,2,23,,,,,,,,,,,,,,,,,,,,,
39922,NGC[,MT,Exodus,20,21,NGC,W J<MD H <M M RXQ W MCH NGC >L H <RPL >CR CM H >LHJM,nif,perf,W MCH NGC >L H <RPL,MCH,>L H <RPL,>L H <RPL/,to the heavy cloud,0.0,prep,det,subs,simple,factive,goal,>L,,,,
39922,,LXX,Exodus,20,21,,,,,,,,,,,,,,,,,,,,,
39984,BW>[,MT,Exodus,20,24,>BW>,MZBX >DMH T<FH LJ W ZBXT <LJW >T <LTJK W >T CLMJK >T Y>NK W >T BQRK B KL H MQWM >CR >ZKJR >T CMJ >BW> >LJK W BRKTJK,qal,impf,B KL H MQWM >BW> >LJK,,>LJK,>L,to you,0.0,prep,det,prsf,simple,factive,goal,>L,,,,
39984,,LXX,Exodus,20,24,,,,,,,,,,,,,,,,,,,,,
40006,<LH[,MT,Exodus,20,26,T<LH,W L> T<LH B M<LT <L MZBXJ >CR L> TGLH <RWTK <LJW,qal,impf,W L> T<LH B M<LT <L MZBXJ,,<L MZBXJ,<L MZBX/,upon/on my altar,0.0,prep,det,subs,complex,factive,goal,<L,,,,
40006,,LXX,Exodus,20,26,,,,,,,,,,,,,,,,,,,,,
40013,GLH[,MT,Exodus,20,26,TGLH,W L> T<LH B M<LT <L MZBXJ >CR L> TGLH <RWTK <LJW,nif,impf,>CR L> TGLH <RWTK <LJW,<RWTK,<LJW,<L,upon/on it,0.0,prep,det,prsf,simple,posture/not motion,other,<L,,,,
40013,,LXX,Exodus,20,26,,,,,,,,,,,,,,,,,,,,,
40096,NGC[,MT,Exodus,21,6,HGJCW,W HGJCW >DNJW >L H >LHJM W HGJCW >L H DLT >W >L H MZWZH W RY< >DNJW >T >ZNW B MRY< W <BDW L <LM,hif,perf,W HGJCW >DNJW >L H >LHJM,>DNJW,>L H >LHJM,>L H >LHJM/,to (the) God,0.0,prep,det,subs,simple,factive,goal,>L,,,,his master shall bring him to God
40096,,LXX,Exodus,21,6,,,,,,,,,,,,,,,,,,,,,
40102,NGC[,MT,Exodus,21,6,HGJCW,W HGJCW >DNJW >L H >LHJM W HGJCW >L H DLT >W >L H MZWZH W RY< >DNJW >T >ZNW B MRY< W <BDW L <LM,hif,perf,W HGJCW >L H DLT >W >L H MZWZH,,>L H DLT >W >L H MZWZH,>L H DLT/ >W >L H MZWZH/,to the door or to the doorpost,0.0,prep + prep,det,subs,complex,factive,goal,>L,>L,,,
40102,,LXX,Exodus,21,6,,,,,,,,,,,,,,,,,,,,,
40210,NWS[,MT,Exodus,21,13,JNWS,W >CR L> YDH W H >LHJM >NH L JDW W FMTJ LK MQWM >CR JNWS CMH,qal,impf,>CR JNWS CMH,,CMH,CM,there,1.0,dir-he,det,adv,simple,factive,goal,,,,,
40210,,LXX,Exodus,21,13,,,,,,,,,,,,,,,,,,,,,
40271,NPL[,MT,Exodus,21,18,NPL,W KJ JRJBN >NCJM W HKH >JC >T R<HW B >BN >W B >GRP W L> JMWT W NPL L MCKB,qal,perf,W NPL L MCKB,,L MCKB,L MCKB/,to a bed,0.0,prep,und,subs,simple,posture/not motion,location,L,,,,
40271,,LXX,Exodus,21,18,,,,,,,,,,,,,,,,,,,,,
40522,NPL[,MT,Exodus,21,33,NPL,W KJ JPTX >JC BWR >W KJ JKRH >JC BR W L> JKSNW W NPL CMH CWR >W XMWR,qal,perf,W NPL CMH CWR >W XMWR,CWR >W XMWR,CMH,CM,there,1.0,dir-he,det,adv,simple,factive,goal,,,,,
40522,,LXX,Exodus,21,33,,,,,,,,,,,,,,,,,,,,,
40532,CWB[,MT,Exodus,21,34,JCJB,B<L H BWR JCLM KSP JCJB L B<LJW W H MT JHJH LW,hif,impf,JCJB L B<LJW,,L B<LJW,L B<L/,to his owner,0.0,prep,det,subs,complex,posture/not motion,goal/recipient,L,,,,should return (money) to the owner
40532,,LXX,Exodus,21,34,,,,,,,,,,,,,,,,,,,,,
40730,QRB[,MT,Exodus,22,7,NQRB,>M L> JMY> H GNB W NQRB B<L H BJT >L H >LHJM >M L> CLX JDW B ML>KT R<HW,nif,perf,W NQRB B<L H BJT >L H >LHJM,B<L H BJT,>L H >LHJM,>L H >LHJM/,to (the) God,0.0,prep,det,subs,simple,factive,goal,>L,,,,the owner shall come near to God
40730,,LXX,Exodus,22,7,,,,,,,,,,,,,,,,,,,,,
40767,BW>[,MT,Exodus,22,8,JB>,<L KL DBR PC< <L CWR <L XMWR <L FH <L FLMH <L KL >BDH >CR J>MR KJ HW> ZH <D H >LHJM JB> DBR CNJHM >CR JRCJ<N >LHJM JCLM CNJM L R<HW,qal,impf,<L KL DBR PC< <L CWR <L XMWR <L FH <L FLMH <L KL >BDH <D H >LHJM JB> DBR CNJHM,DBR CNJHM,<D H >LHJM,<D H >LHJM/,to (the) God,0.0,prep,det,subs,simple,factive,other,<D,,,,
40767,,LXX,Exodus,22,8,,,,,,,,,,,,,,,,,,,,,
40860,BW>[,MT,Exodus,22,14,B>,>M B<LJW <MW L> JCLM >M FKJR HW> B> B FKRW,qal,perf,B> B FKRW,,B FKRW,B FKR/,for (to) its wages,0.0,prep,det,subs,complex,factive,other,B,,,,come for its wages
40860,,LXX,Exodus,22,14,,,,,,,,,,,,,,,,,,,,,
40985,CWB[,MT,Exodus,22,25,TCJBNW,>M XBL TXBL FLMT R<K <D B> H CMC TCJBNW LW,hif,impf,TCJBNW LW,,LW,L,to him,0.0,prep,det,prsf,simple,factive,goal,L,,,,to return something to someone
40985,,LXX,Exodus,22,25,,,,,,,,,,,,,,,,,,,,,
41107,CWB[,MT,Exodus,23,4,TCJBNW,KJ TPG< CWR >JBK >W XMRW T<H HCB TCJBNW LW,hif,impf,HCB TCJBNW LW,,LW,L,to him,0.0,prep,det,prsf,simple,factive,goal,L,,,,return something to someone
41107,,LXX,Exodus,23,4,,,,,,,,,,,,,,,,,,,,,
41335,BW>[,MT,Exodus,23,19,TBJ>,R>CJT BKWRJ >DMTK TBJ> BJT JHWH >LHJK L> TBCL GDJ B XLB >MW,hif,impf,R>CJT BKWRJ >DMTK TBJ> BJT JHWH >LHJK,,BJT JHWH >LHJK,BJT/ JHWH/ >LHJM/,in the house of Yahweh your God,0.0,vc,det,subs,complex,factive,goal,,,,,
41335,,LXX,Exodus,23,19,,,,,,,,,,,,,,,,,,,,,
41358,BW>[,MT,Exodus,23,20,HBJ>K,HNH >NKJ CLX ML>K L PNJK L CMRK B DRK W L HBJ>K >L H MQWM >CR HKNTJ,hif,infc,W L HBJ>K >L H MQWM,,>L H MQWM,>L H MQWM/,to the place,0.0,prep,det,subs,simple,factive,goal,>L,,,,
41358,,LXX,Exodus,23,20,,,,,,,,,,,,,,,,,,,,,
41403,HLK[,MT,Exodus,23,23,JLK,KJ JLK ML>KJ L PNJK W HBJ>K >L H >MRJ W H XTJ W H PRZJ W H KN<NJ H XWJ W H JBWSJ W HKXDTJW,qal,impf,KJ JLK ML>KJ L PNJK,ML>KJ,L PNJK,L PNH/,before/in front of you,0.0,prep,det,subs,complex,factive,other,L,,,,
41403,,LXX,Exodus,23,23,,,,,,,,,,,,,,,,,,,,,
41408,BW>[,MT,Exodus,23,23,HBJ>K,KJ JLK ML>KJ L PNJK W HBJ>K >L H >MRJ W H XTJ W H PRZJ W H KN<NJ H XWJ W H JBWSJ W HKXDTJW,hif,perf,W HBJ>K >L H >MRJ W H XTJ W H PRZJ W H KN<NJ H XWJ W H JBWSJ,,>L H >MRJ W H XTJ W H PRZJ W H KN<NJ H XWJ W H JBWSJ,>L H >MRJ/ W H XTJ/ W H PRZJ/ W H KN<NJ/ H XWJ/ W H JBWSJ/,to the Amorites and the Hittites and the Perizzites and the Canaanites the Hivites and the Jebusites,0.0,prep,det,nmpr,complex,factive,goal,>L,,,,
41408,,LXX,Exodus,23,23,,,,,,,,,,,,,,,,,,,,,
41487,BW>[,MT,Exodus,23,27,TB>,>T >JMTJ >CLX L PNJK W HMTJ >T KL H <M >CR TB> BHM W NTTJ >T KL >JBJK >LJK <RP,qal,impf,>CR TB> BHM,,BHM,B,against them,0.0,prep,det,prsf,simple,factive,other,B,,,,"B with the sense against, "
41487,,LXX,Exodus,23,27,,,,,,,,,,,,,,,,,,,,,
41606,<LH[,MT,Exodus,24,1,<LH,W >L MCH >MR <LH >L JHWH >TH W >HRN NDB W >BJHW> W CB<JM M ZQNJ JFR>L W HCTXWJTM M RXQ,qal,impv,<LH >L JHWH >TH W >HRN NDB W >BJHW> W CB<JM M ZQNJ JFR>L,>TH W >HRN NDB W >BJHW> W CB<JM M ZQNJ JFR>L,>L JHWH,>L JHWH/,to Yahweh,0.0,prep,det,nmpr,simple,factive,goal,>L,,,,
41606,,LXX,Exodus,24,1,,,,,,,,,,,,,,,,,,,,,
41625,NGC[,MT,Exodus,24,2,NGC,W NGC MCH L BDW >L JHWH W HM L> JGCW W H <M L> J<LW <MW,nif,perf,W NGC MCH L BDW >L JHWH,MCH,>L JHWH,>L JHWH/,to Yahweh,0.0,prep,det,nmpr,simple,factive,goal,>L,,,,
41625,,LXX,Exodus,24,2,,,,,,,,,,,,,,,,,,,,,
41838,<LH[,MT,Exodus,24,12,<LH,W J>MR JHWH >L MCH <LH >LJ H HRH W HJH CM W >TNH LK >T LXT H >BN W H TWRH W H MYWH >CR KTBTJ L HWRTM,qal,impv,<LH >LJ H HRH,,>LJ,>L,to me,0.0,prep,det,prsf,simple,factive,goal,>L,,,,
41838,,LXX,Exodus,24,12,,,,,,,,,,,,,,,,,,,,,
41838,<LH[,MT,Exodus,24,12,<LH,W J>MR JHWH >L MCH <LH >LJ H HRH W HJH CM W >TNH LK >T LXT H >BN W H TWRH W H MYWH >CR KTBTJ L HWRTM,qal,impv,<LH >LJ H HRH,,H HRH,H HR/,to the mountain,1.0,dir-he,det,subs,simple,factive,goal,,,,,
41838,,LXX,Exodus,24,12,,,,,,,,,,,,,,,,,,,,,
41869,<LH[,MT,Exodus,24,13,J<L,W JQM MCH W JHWC< MCRTW W J<L MCH >L HR H >LHJM,qal,wayq,W J<L MCH >L HR H >LHJM,MCH,>L HR H >LHJM,>L HR/ H >LHJM/,to the mountain of (the) God,0.0,prep,det,subs,complex,factive,goal,>L,,,,
41869,,LXX,Exodus,24,13,,,,,,,,,,,,,,,,,,,,,
41886,CWB[,MT,Exodus,24,14,NCWB,W >L H ZQNJM >MR CBW LNW B ZH <D >CR NCWB >LJKM W HNH >HRN W XWR <MKM MJ B<L DBRJM JGC >LHM,qal,impf,<D >CR NCWB >LJKM,,>LJKM,>L,to you (the elders),0.0,prep,det,prsf,simple,factive,goal,>L,,,,
41886,,LXX,Exodus,24,14,,,,,,,,,,,,,,,,,,,,,
41897,NGC[,MT,Exodus,24,14,JGC,W >L H ZQNJM >MR CBW LNW B ZH <D >CR NCWB >LJKM W HNH >HRN W XWR <MKM MJ B<L DBRJM JGC >LHM,qal,impf,JGC >LHM,,>LHM,>L,to them (Aaron and Hur),0.0,prep,det,prsf,simple,factive,goal,>L,,,,
41897,,LXX,Exodus,24,14,,,,,,,,,,,,,,,,,,,,,
41900,<LH[,MT,Exodus,24,15,J<L,W J<L MCH >L H HR W JKS H <NN >T H HR,qal,wayq,W J<L MCH >L H HR,MCH,>L H HR,>L H HR/,to the mountain,0.0,prep,det,subs,simple,factive,goal,>L,,,,
41900,,LXX,Exodus,24,15,,,,,,,,,,,,,,,,,,,,,
41954,BW>[,MT,Exodus,24,18,JB>,W JB> MCH B TWK H <NN W J<L >L H HR W JHJ MCH B HR >RB<JM JWM W >RB<JM LJLH,qal,wayq,W JB> MCH B TWK H <NN,MCH,B TWK H <NN,B TWK/ H <NN/,in the midst of the cloud,0.0,prep,det,subs,complex,factive,goal,B,,,,
41954,,LXX,Exodus,24,18,,,,,,,,,,,,,,,,,,,,,
41961,<LH[,MT,Exodus,24,18,J<L,W JB> MCH B TWK H <NN W J<L >L H HR W JHJ MCH B HR >RB<JM JWM W >RB<JM LJLH,qal,wayq,W J<L >L H HR,,>L H HR,>L H HR/,to the mountain,0.0,prep,det,subs,simple,factive,goal,>L,,,,
41961,,LXX,Exodus,24,18,,,,,,,,,,,,,,,,,,,,,
42158,BW>[,MT,Exodus,25,14,HB>T,W HB>T >T H BDJM B VB<T <L YL<T H >RN L F>T >T H >RN BHM,hif,perf,W HB>T >T H BDJM B VB<T <L YL<T H >RN,,B VB<T <L YL<T H >RN,B H VB<T/ <L YL</ H >RWN/,in the rings on the sides of the ark,0.0,prep + prep,det,subs,complex,posture/not motion,other,B,<L,,,put the poles into the rings etc
42158,,LXX,Exodus,25,14,,,,,,,,,,,,,,,,,,,,,
42846,BW>[,MT,Exodus,26,11,HB>T,W <FJT QRSJ NXCT XMCJM W HB>T >T H QRSJM B LL>T W XBRT >T H >HL W HJH >XD,hif,perf,W HB>T >T H QRSJM B LL>T,,B LL>T,B H LL>T/,into the loops,0.0,prep,det,subs,simple,posture/not motion,other,B,,,,put something / make something go into something
42846,,LXX,Exodus,26,11,,,,,,,,,,,,,,,,,,,,,
43161,BRX[,MT,Exodus,26,28,MBRX,W H BRJX H TJKN B TWK H QRCJM MBRX MN H QYH >L H QYH,hif,ptca,MBRX MN H QYH >L H QYH,,>L H QYH,>L H QYH=/,to the end,0.0,prep,det,subs,simple,fictive,goal,>L,,,,the bar shall run from the end to the end
43161,,LXX,Exodus,26,28,,,,,,,,,,,,,,,,,,,,,
43242,BW>[,MT,Exodus,26,33,HB>T,W NTTH >T H PRKT TXT H QRSJM W HB>T CMH M BJT L PRKT >T >RWN H <DWT W HBDJLH H PRKT LKM BJN H QDC W BJN QDC H QDCJM,hif,perf,W HB>T CMH M BJT L PRKT >T >RWN H <DWT,,CMH,CM,there,1.0,dir-he,det,adv,simple,factive,goal,,,,,
43242,,LXX,Exodus,26,33,,,,,,,,,,,,,,,,,,,,,
43449,BW>[,MT,Exodus,27,7,HWB>,W HWB> >T BDJW B VB<T W HJW H BDJM <L CTJ YL<T H MZBX B F>T >TW,hof,perf,W HWB> >T BDJW B VB<T,>T BDJW,B VB<T,B H VB<T/,into the rings,0.0,prep,det,subs,simple,posture/not motion,other,B,,,,put something into something
43449,,LXX,Exodus,27,7,,,,,,,,,,,,,,,,,,,,,
43723,QRB[,MT,Exodus,28,1,HQRB,W >TH HQRB >LJK >T >HRN >XJK W >T BNJW >TW M TWK BNJ JFR>L L KHNW LJ >HRN NDB W >BJHW> >L<ZR W >JTMR BNJ >HRN,hif,impv,W >TH HQRB >LJK >T >HRN >XJK M TWK BNJ JFR>L,>TH,>LJK,>L,to you (Moses),0.0,prep,det,prsf,simple,factive,goal,>L,,,,
43723,,LXX,Exodus,28,1,,,,,,,,,,,,,,,,,,,,,
44243,BW>[,MT,Exodus,28,29,B>W,W NF> >HRN >T CMWT BNJ JFR>L B XCN H MCPV <L LBW B B>W >L H QDC L ZKRN L PNJ JHWH TMJD,qal,infc,B B>W >L H QDC,,>L H QDC,>L H QDC/,into the Holy Place,0.0,prep,det,subs,simple,factive,goal,>L,,,,
44243,,LXX,Exodus,28,29,,,,,,,,,,,,,,,,,,,,,
44272,BW>[,MT,Exodus,28,30,B>W,W NTT >L XCN H MCPV >T H >WRJM W >T H TMJM W HJW <L LB >HRN B B>W L PNJ JHWH W NF> >HRN >T MCPV BNJ JFR>L <L LBW L PNJ JHWH TMJD,qal,infc,B B>W L PNJ JHWH,,L PNJ JHWH,L PNH/ JHWH/,in the presence of Yahweh,0.0,prep,det,subs,complex,factive,goal,L,,,,
44272,,LXX,Exodus,28,30,,,,,,,,,,,,,,,,,,,,,
44360,BW>[,MT,Exodus,28,35,B>W,W HJH <L >HRN L CRT W NCM< QWLW B B>W >L H QDC L PNJ JHWH W B Y>TW W L> JMWT,qal,infc,B B>W >L H QDC L PNJ JHWH,,>L H QDC,>L H QDC/,into the Holy Place,0.0,prep,det,subs,simple,factive,goal,>L,,,,
44360,,LXX,Exodus,28,35,,,,,,,,,,,,,,,,,,,,,
44513,BW>[,MT,Exodus,28,43,B>M,W HJW <L >HRN W <L BNJW B B>M >L >HL MW<D >W B GCTM >L H MZBX L CRT B QDC W L> JF>W <WN W MTW XQT <WLM LW W L ZR<W >XRJW,qal,infc,B B>M >L >HL MW<D,,>L >HL MW<D,>L >HL/ MW<D/,into the tent of the assembly,0.0,prep,det,subs,complex,factive,goal,>L,,,,
44513,,LXX,Exodus,28,43,,,,,,,,,,,,,,,,,,,,,
44519,NGC[,MT,Exodus,28,43,GCTM,W HJW <L >HRN W <L BNJW B B>M >L >HL MW<D >W B GCTM >L H MZBX L CRT B QDC W L> JF>W <WN W MTW XQT <WLM LW W L ZR<W >XRJW,qal,infc,>W B GCTM >L H MZBX,,>L H MZBX,>L H MZBX/,to the altar,0.0,prep,det,subs,simple,factive,goal,>L,,,,
44519,,LXX,Exodus,28,43,,,,,,,,,,,,,,,,,,,,,
44611,QRB[,MT,Exodus,29,4,TQRJB,W >T >HRN W >T BNJW TQRJB >L PTX >HL MW<D W RXYT >TM B MJM,hif,impf,W >T >HRN W >T BNJW TQRJB >L PTX >HL MW<D,,>L PTX >HL MW<D,>L PTX/ >HL/ MW<D/,to the entrance of the tent of the assembly,0.0,prep,det,subs,complex,factive,goal,>L,,,,
44611,,LXX,Exodus,29,4,,,,,,,,,,,,,,,,,,,,,
45211,BW>[,MT,Exodus,29,30,JB>,CB<T JMJM JLBCM H KHN TXTJW M BNJW >CR JB> >L >HL MW<D L CRT B QDC,qal,impf,>CR JB> >L >HL MW<D,,>L >HL MW<D,>L >HL/ MW<D/,to the tent of the assembly,0.0,prep,det,subs,complex,factive,goal,>L,,,,
45211,,LXX,Exodus,29,30,,,,,,,,,,,,,,,,,,,,,
29644,BW>[,MT,Exodus,3,1,JB>,W MCH HJH R<H >T Y>N JTRW XTNW KHN MDJN W JNHG >T H Y>N >XR H MDBR W JB> >L HR H >LHJM XRBH,qal,wayq,W JB> >L HR H >LHJM XRBH,,>L HR H >LHJM,>L HR/ H >LHJM/,to the mountain of the God,0.0,prep,det,subs,complex,factive,goal,>L,,,,
29644,,LXX,Exodus,3,1,,,,,,,,,,,,,,,,,,,,,
29792,<LH[,MT,Exodus,3,8,H<LTW,W >RD L HYJLW M JD MYRJM W L H<LTW MN H >RY H HW> >L >RY VWBH W RXBH >L >RY ZBT XLB W DBC >L MQWM H KN<NJ W H XTJ W H >MRJ W H PRZJ W H XWJ W H JBWSJ,hif,infc,W L H<LTW MN H >RY H HW> >L >RY VWBH W RXBH >L >RY ZBT XLB W DBC >L MQWM H KN<NJ W H XTJ W H >MRJ W H PRZJ W H XWJ W H JBWSJ,,>L >RY VWBH W RXBH >L >RY ZBT XLB W DBC >L MQWM H KN<NJ W H XTJ W H >MRJ W H PRZJ W H XWJ W H JBWSJ,>L >RY/ VWB/ W RXB/ >L >RY/ ZWB[ XLB/ W DBC/ >L MQWM/ H KN<NJ/ W H XTJ/ W H >MRJ/ W H PRZJ/ W H XWJ/ W H JBWSJ/,"to the good and broad land, to the land flowing with milk and honey, to the place of the Canaanites and the Hittites and the Amorites and the Perizzites and the Hivites and the Jebusites",0.0,prep + prep + prep,det,subs,complex,factive,goal,>L,>L,>L,,
29792,,LXX,Exodus,3,8,,,,,,,,,,,,,,,,,,,,,
29834,BW>[,MT,Exodus,3,9,B>H,W <TH HNH Y<QT BNJ JFR>L B>H >LJ W GM R>JTJ >T H LXY >CR MYRJM LXYJM >TM,qal,perf,HNH Y<QT BNJ JFR>L B>H >LJ,Y<QT BNJ JFR>L,>LJ,>L,to me (God),0.0,prep,det,prsf,simple,fictive,goal,>L,,,,the cry of the people has come to me
29834,,LXX,Exodus,3,9,,,,,,,,,,,,,,,,,,,,,
29870,HLK[,MT,Exodus,3,11,>LK,W J>MR MCH >L H >LHJM MJ >NKJ KJ >LK >L PR<H W KJ >WYJ> >T BNJ JFR>L M MYRJM,qal,impf,KJ >LK >L PR<H,,>L PR<H,>L PR<H/,to Pharaoh,0.0,prep,det,subs,simple,factive,goal,>L,,,,
29870,,LXX,Exodus,3,11,,,,,,,,,,,,,,,,,,,,,
29918,BW>[,MT,Exodus,3,13,B>,W J>MR MCH >L H >LHJM HNH >NKJ B> >L BNJ JFR>L W >MRTJ LHM >LHJ >BWTJKM CLXNJ >LJKM W >MRW LJ MH CMW MH >MR >LHM,qal,ptca,HNH >NKJ B> >L BNJ JFR>L,>NKJ,>L BNJ JFR>L,>L BN/ JFR>L/,to the people of Israel,0.0,prep,det,subs,complex,factive,goal,>L,,,,
29918,,LXX,Exodus,3,13,,,,,,,,,,,,,,,,,,,,,
30021,<LH[,MT,Exodus,3,17,><LH,W >MR ><LH >TKM M <NJ MYRJM >L >RY H KN<NJ W H XTJ W H >MRJ W H PRZJ W H XWJ W H JBWSJ >L >RY ZBT XLB W DBC,hif,impf,><LH >TKM M <NJ MYRJM >L >RY H KN<NJ W H XTJ W H >MRJ W H PRZJ W H XWJ W H JBWSJ >L >RY ZBT XLB W DBC,,>L >RY H KN<NJ W H XTJ W H >MRJ W H PRZJ W H XWJ W H JBWSJ >L >RY ZBT XLB W DBC,>L >RY/ H KN<NJ/ W H XTJ/ W H >MRJ/ W H PRZJ/ W H XWJ/ W H JBWSJ/ >L >RY/ ZWB[ XLB/ W DBC/,"to the land of the Canaanites and the Hittites and the Amorites and the Perizzites and the Jebusites, a land flowing with milk and honey",0.0,prep + prep,det,subs,complex,factive,goal,>L,>L,,,
30021,,LXX,Exodus,3,17,,,,,,,,,,,,,,,,,,,,,
30056,BW>[,MT,Exodus,3,18,B>T,W CM<W L QLK W B>T >TH W ZQNJ JFR>L >L MLK MYRJM W >MRTM >LJW JHWH >LHJ H <BRJJM NQRH <LJNW W <TH NLKH N> DRK CLCT JMJM B MDBR W NZBXH L JHWH >LHJNW,qal,perf,W B>T >TH W ZQNJ JFR>L >L MLK MYRJM,>TH W ZQNJ JFR>L,>L MLK MYRJM,>L MLK/ MYRJM/,to the king of Egypt,0.0,prep,det,subs,complex,factive,goal,>L,,,,
30056,,LXX,Exodus,3,18,,,,,,,,,,,,,,,,,,,,,
30075,HLK[,MT,Exodus,3,18,NLKH,W CM<W L QLK W B>T >TH W ZQNJ JFR>L >L MLK MYRJM W >MRTM >LJW JHWH >LHJ H <BRJJM NQRH <LJNW W <TH NLKH N> DRK CLCT JMJM B MDBR W NZBXH L JHWH >LHJNW,qal,impf,NLKH N> DRK CLCT JMJM B MDBR,,B MDBR,B H MDBR/,into the wilderness,0.0,prep,det,subs,simple,factive,location,B,,,,
30075,,LXX,Exodus,3,18,,,,,,,,,,,,,,,,,,,,,
45660,<LH[,MT,Exodus,30,9,T<LW,L> T<LW <LJW QVRT ZRH W <LH W MNXH W NSK L> TSKW <LJW,hif,impf,L> T<LW <LJW QVRT ZRH W <LH W MNXH,,<LJW,<L,on it (the altar),0.0,prep,det,prsf,simple,posture/not motion,location,<L,,,,make incense go up on the altar?
45660,,LXX,Exodus,30,9,,,,,,,,,,,,,,,,,,,,,
45737,<BR[,MT,Exodus,30,13,<BR,ZH JTNW KL H <BR <L H PQDJM MXYJT H CQL B CQL H QDC <FRJM GRH H CQL MXYJT H CQL TRWMH L JHWH,qal,ptca,H <BR <L H PQDJM,,<L H PQDJM,<L H PQD[,among the ones being numbered,0.0,prep,det,ptcl,simple,factive,location,<L,,,,the ones going over among the ones being numbered/counted
45737,,LXX,Exodus,30,13,,,,,,,,,,,,,,,,,,,,,
45760,<BR[,MT,Exodus,30,14,<BR,KL H <BR <L H PQDJM M BN <FRJM CNH W M<LH JTN TRWMT JHWH,qal,ptca,H <BR <L H PQDJM,,<L H PQDJM,<L H PQD[,among the ones being numbered,0.0,prep,det,ptcl,simple,factive,location,<L,,,,the ones going over among the ones being numbered/counted
45760,,LXX,Exodus,30,14,,,,,,,,,,,,,,,,,,,,,
45868,BW>[,MT,Exodus,30,20,B>M,B B>M >L >HL MW<D JRXYW MJM W L> JMTW >W B GCTM >L H MZBX L CRT L HQVJR >CH L JHWH,qal,infc,B B>M >L >HL MW<D,,>L >HL MW<D,>L >HL/ MW<D/,into the tent of the assembly,0.0,prep,det,subs,complex,factive,goal,>L,,,,
45868,,LXX,Exodus,30,20,,,,,,,,,,,,,,,,,,,,,
45879,NGC[,MT,Exodus,30,20,GCTM,B B>M >L >HL MW<D JRXYW MJM W L> JMTW >W B GCTM >L H MZBX L CRT L HQVJR >CH L JHWH,qal,infc,>W B GCTM >L H MZBX,,>L H MZBX,>L H MZBX/,to the altar,0.0,prep,det,subs,simple,factive,goal,>L,,,,
45879,,LXX,Exodus,30,20,,,,,,,,,,,,,,,,,,,,,
46518,QHL[,MT,Exodus,32,1,JQHL,W JR> H <M KJ BCC MCH L RDT MN H HR W JQHL H <M <L >HRN W J>MRW >LJW QWM <FH LNW >LHJM >CR JLKW L PNJNW KJ ZH MCH H >JC >CR H<LNW M >RY MYRJM L> JD<NW MH HJH LW,nif,wayq,W JQHL H <M <L >HRN,H <M,<L >HRN,<L >HRN/,near Aaron,0.0,prep,det,nmpr,simple,factive,location,<L,,,,they gathered around Aaron
46518,,LXX,Exodus,32,1,,,,,,,,,,,,,,,,,,,,,
46531,HLK[,MT,Exodus,32,1,JLKW,W JR> H <M KJ BCC MCH L RDT MN H HR W JQHL H <M <L >HRN W J>MRW >LJW QWM <FH LNW >LHJM >CR JLKW L PNJNW KJ ZH MCH H >JC >CR H<LNW M >RY MYRJM L> JD<NW MH HJH LW,qal,impf,>CR JLKW L PNJNW,,L PNJNW,L PNH/,before / in front of us,0.0,prep,det,subs,complex,fictive,other,L,,,,
46531,,LXX,Exodus,32,1,,,,,,,,,,,,,,,,,,,,,
46565,BW>[,MT,Exodus,32,2,HBJ>W,W J>MR >LHM >HRN PRQW NZMJ H ZHB >CR B >ZNJ NCJKM BNJKM W BNTJKM W HBJ>W >LJ,hif,impv,W HBJ>W >LJ,,>LJ,>L,to me (Aaron),0.0,prep,det,prsf,simple,factive,goal,>L,,,,
46565,,LXX,Exodus,32,2,,,,,,,,,,,,,,,,,,,,,
46580,BW>[,MT,Exodus,32,3,JBJ>W,W JTPRQW KL H <M >T NZMJ H ZHB >CR B >ZNJHM W JBJ>W >L >HRN,hif,wayq,W JBJ>W >L >HRN,,>L >HRN,>L >HRN/,to Aaron,0.0,prep,det,nmpr,simple,factive,goal,>L,,,,
46580,,LXX,Exodus,32,3,,,,,,,,,,,,,,,,,,,,,
46707,NWX[,MT,Exodus,32,10,HNJXH,W <TH HNJXH LJ W JXR >PJ BHM W >KLM W ><FH >WTK L GWJ GDWL,hif,impv,HNJXH LJ,,LJ,L,me,0.0,prep,det,prsf,simple,posture/not motion,other,L,,,,"let me rest, no motion"
46707,,LXX,Exodus,32,10,,,,,,,,,,,,,,,,,,,,,
46911,QRB[,MT,Exodus,32,19,QRB,W JHJ K >CR QRB >L H MXNH W JR> >T H <GL W MXLT W JXR >P MCH W JCLK M JDW >T H LXT W JCBR >TM TXT H HR,qal,perf,K >CR QRB >L H MXNH,,>L H MXNH,>L H MXNH/,to the camp,0.0,prep,det,subs,simple,factive,goal,>L,,,,
46911,,LXX,Exodus,32,19,,,,,,,,,,,,,,,,,,,,,
46980,BW>[,MT,Exodus,32,21,HB>T,W J>MR MCH >L >HRN MH <FH LK H <M H ZH KJ HB>T <LJW XV>H GDLH,hif,perf,KJ HB>T <LJW XV>H GDLH,,<LJW,<L,upon them (this people),0.0,prep,det,prsf,simple,fictive,goal/recipient,<L,,,,have brought sin upon them fictive but recipient rather than goal?
46980,,LXX,Exodus,32,21,,,,,,,,,,,,,,,,,,,,,
47007,HLK[,MT,Exodus,32,23,JLKW,W J>MRW LJ <FH LNW >LHJM >CR JLKW L PNJNW KJ ZH MCH H >JC >CR H<LNW M >RY MYRJM L> JD<NW MH HJH LW,qal,impf,>CR JLKW L PNJNW,,L PNJNW,L PNH/,before / in front of us (the people),0.0,prep,det,subs,complex,factive,other,L,,,,"the gods who shall go before us, maybe fictive"
47007,,LXX,Exodus,32,23,,,,,,,,,,,,,,,,,,,,,
47096,CWB[,MT,Exodus,32,27,CWBW,W J>MR LHM KH >MR JHWH >LHJ JFR>L FJMW >JC XRBW <L JRKW <BRW W CWBW M C<R L C<R B MXNH W HRGW >JC >T >XJW W >JC >T R<HW W >JC >T QRBW,qal,impv,W CWBW M C<R L C<R B MXNH,,B MXNH,B H MXNH/,in the camp,0.0,prep,det,subs,simple,factive,location,B,,,,
47096,,LXX,Exodus,32,27,,,,,,,,,,,,,,,,,,,,,
47177,<LH[,MT,Exodus,32,30,><LH,W JHJ M MXRT W J>MR MCH >L H <M >TM XV>TM XV>H GDLH W <TH ><LH >L JHWH >WLJ >KPRH B<D XV>TKM,qal,impf,><LH >L JHWH,,>L JHWH,>L JHWH/,to Yahweh,0.0,prep,det,nmpr,simple,factive,goal,>L,,,,
47177,,LXX,Exodus,32,30,,,,,,,,,,,,,,,,,,,,,
47185,CWB[,MT,Exodus,32,31,JCB,W JCB MCH >L JHWH W J>MR >N> XV> H <M H ZH XV>H GDLH W J<FW LHM >LHJ ZHB,qal,wayq,W JCB MCH >L JHWH,MCH,>L JHWH,>L JHWH/,to Yahweh,0.0,prep,det,nmpr,simple,factive,goal,>L,,,,
47185,,LXX,Exodus,32,31,,,,,,,,,,,,,,,,,,,,,
47243,HLK[,MT,Exodus,32,34,JLK,W <TH LK NXH >T H <M >L >CR DBRTJ LK HNH ML>KJ JLK L PNJK W B JWM PQDJ W PQDTJ <LJHM XV>TM,qal,impf,ML>KJ JLK L PNJK,ML>KJ,L PNJK,L PNH/,in front of / before you (Moses),0.0,prep,det,subs,complex,factive,other,L,,,,
47243,,LXX,Exodus,32,34,,,,,,,,,,,,,,,,,,,,,
47275,<LH[,MT,Exodus,33,1,<LH,W JDBR JHWH >L MCH LK <LH M ZH >TH W H <M >CR H<LJT M >RY MYRJM >L H >RY >CR NCB<TJ L >BRHM L JYXQ W L J<QB L >MR L ZR<K >TNNH,qal,impv,<LH M ZH >TH W H <M >L H >RY,>TH W H <M,>L H >RY,>L H >RY/,to the land,0.0,prep,det,subs,complex,factive,goal,>L,,,,
47275,,LXX,Exodus,33,1,,,,,,,,,,,,,,,,,,,,,
47435,JY>[,MT,Exodus,33,7,JY>,W MCH JQX >T H >HL W NVH LW M XWY L MXNH HRXQ MN H MXNH W QR> LW >HL MW<D W HJH KL MBQC JHWH JY> >L >HL MW<D >CR M XWY L MXNH,qal,impf,KL JY> >L >HL MW<D,KL,>L >HL MW<D,>L >HL/ MW<D/,to the tent of the assembly,0.0,prep,det,subs,complex,factive,goal,>L,,,,
47435,,LXX,Exodus,33,7,,,,,,,,,,,,,,,,,,,,,
47448,JY>[,MT,Exodus,33,8,Y>T,W HJH K Y>T MCH >L H >HL JQWMW KL H <M W NYBW >JC PTX >HLW W HBJVW >XRJ MCH <D B>W H >HLH,qal,infc,K Y>T MCH >L H >HL,MCH,>L H >HL,>L H >HL/,to the tent,0.0,prep,det,subs,simple,factive,goal,>L,,,,
47448,,LXX,Exodus,33,8,,,,,,,,,,,,,,,,,,,,,
47467,BW>[,MT,Exodus,33,8,B>W,W HJH K Y>T MCH >L H >HL JQWMW KL H <M W NYBW >JC PTX >HLW W HBJVW >XRJ MCH <D B>W H >HLH,qal,infc,<D B>W H >HLH,,H >HLH,H >HL/,in the tent,1.0,dir-he,det,subs,simple,factive,goal,,,,,
47467,,LXX,Exodus,33,8,,,,,,,,,,,,,,,,,,,,,
47473,BW>[,MT,Exodus,33,9,B>,W HJH K B> MCH H >HLH JRD <MWD H <NN W <MD PTX H >HL W DBR <M MCH,qal,infc,K B> MCH H >HLH,MCH,H >HLH,H >HL/,in the tent,1.0,dir-he,det,subs,simple,factive,goal,,,,,
47473,,LXX,Exodus,33,9,,,,,,,,,,,,,,,,,,,,,
47528,CWB[,MT,Exodus,33,11,CB,W DBR JHWH >L MCH PNJM >L PNJM K >CR JDBR >JC >L R<HW W CB >L H MXNH W MCRTW JHWC< BN NWN N<R L> JMJC M TWK H >HL,qal,perf,W CB >L H MXNH,,>L H MXNH,>L H MXNH/,to / toward the camp,0.0,prep,det,subs,simple,factive,goal,>L,,,,return to the camp
47528,,LXX,Exodus,33,11,,,,,,,,,,,,,,,,,,,,,
47640,HLK[,MT,Exodus,33,16,LKTK,W B MH JWD< >PW> KJ MY>TJ XN B <JNJK >NJ W <MK H LW> B LKTK <MNW W NPLJNW >NJ W <MK M KL H <M >CR <L PNJ H >DMH,qal,infc,B LKTK <MNW,,<MNW,<M,with us (the people),0.0,prep,det,prsf,simple,factive,other,<M,,,,going with/along with us
47640,,LXX,Exodus,33,16,,,,,,,,,,,,,,,,,,,,,
47688,<BR[,MT,Exodus,33,19,><BJR,W J>MR >NJ ><BJR KL VWBJ <L PNJK W QR>TJ B CM JHWH L PNJK W XNTJ >T >CR >XN W RXMTJ >T >CR >RXM,hif,impf,>NJ ><BJR KL VWBJ <L PNJK,>NJ,<L PNJK,<L PNH/,(over) before / in front of you (the people),0.0,prep,det,subs,complex,fictive,other,<L,,,,I will make my goodness pass over you
47688,,LXX,Exodus,33,19,,,,,,,,,,,,,,,,,,,,,
47802,<LH[,MT,Exodus,34,2,<LJT,W HJH NKWN L BQR W <LJT B BQR >L HR SJNJ W NYBT LJ CM <L R>C H HR,qal,perf,W <LJT B BQR >L HR SJNJ,,>L HR SJNJ,>L HR/ SJNJ=/,to the mountain of Sinai,0.0,prep,det,subs,complex,factive,goal,>L,,,,
47802,,LXX,Exodus,34,2,,,,,,,,,,,,,,,,,,,,,
47820,<LH[,MT,Exodus,34,3,J<LH,W >JC L> J<LH <MK W GM >JC >L JR> B KL H HR GM H Y>N W H BQR >L JR<W >L MWL H HR H HW>,qal,impf,W >JC L> J<LH <MK,>JC,<MK,<M,with you (Moses),0.0,prep,det,prsf,simple,factive,other,<M,,,,no one shall come with you
47820,,LXX,Exodus,34,3,,,,,,,,,,,,,,,,,,,,,
47860,<LH[,MT,Exodus,34,4,J<L,W JPSL CNJ LXT >BNJM K R>CNJM W JCKM MCH B BQR W J<L >L HR SJNJ K >CR YWH JHWH >TW W JQX B JDW CNJ LXT >BNJM,qal,wayq,W J<L >L HR SJNJ,,>L HR SJNJ,>L HR/ SJNJ=/,to the mountain of Sinai,0.0,prep,det,subs,complex,factive,goal,>L,,,,
47860,,LXX,Exodus,34,4,,,,,,,,,,,,,,,,,,,,,
47892,<BR[,MT,Exodus,34,6,J<BR,W J<BR JHWH <L PNJW W JQR> JHWH JHWH >L RXWM W XNWN >RK >PJM W RB XSD W >MT,qal,wayq,W J<BR JHWH <L PNJW,JHWH,<L PNJW,<L PNH/,before / in front of him (Moses),0.0,prep,det,subs,complex,factive,other,<L,,,,to pass before someone
47892,,LXX,Exodus,34,6,,,,,,,,,,,,,,,,,,,,,
48059,BW>[,MT,Exodus,34,12,B>,HCMR LK PN TKRT BRJT L JWCB H >RY >CR >TH B> <LJH PN JHJH L MWQC B QRBK,qal,ptca,>CR >TH B> <LJH,>TH,<LJH,<L,on it (the land),0.0,prep,det,prsf,simple,factive,location,<L,,,,
48059,,LXX,Exodus,34,12,,,,,,,,,,,,,,,,,,,,,
48288,BW>[,MT,Exodus,34,26,TBJ>,R>CJT BKWRJ >DMTK TBJ> BJT JHWH >LHJK L> TBCL GDJ B XLB >MW,hif,impf,R>CJT BKWRJ >DMTK TBJ> BJT JHWH >LHJK,,BJT JHWH >LHJK,BJT/ JHWH/ >LHJM/,to the house of God,0.0,vc,det,subs,complex,factive,goal,,,,,
48288,,LXX,Exodus,34,26,,,,,,,,,,,,,,,,,,,,,
48401,NGC[,MT,Exodus,34,30,GCT,W JR> >HRN W KL BNJ JFR>L >T MCH W HNH QRN <WR PNJW W JJR>W M GCT >LJW,qal,infc,M GCT >LJW,,>LJW,>L,to him (Moses),0.0,prep,det,prsf,simple,factive,goal,>L,,,,
48401,,LXX,Exodus,34,30,,,,,,,,,,,,,,,,,,,,,
48408,CWB[,MT,Exodus,34,31,JCBW,W JQR> >LHM MCH W JCBW >LJW >HRN W KL H NF>JM B <DH W JDBR MCH >LHM,qal,wayq,W JCBW >LJW >HRN W KL H NF>JM B <DH,>HRN W KL H NF>JM B <DH,>LJW,>L,to him (Moses),0.0,prep,det,prsf,simple,factive,goal,>L,,,,
48408,,LXX,Exodus,34,31,,,,,,,,,,,,,,,,,,,,,
48453,BW>[,MT,Exodus,34,34,B>,W B B> MCH L PNJ JHWH L DBR >TW JSJR >T H MSWH <D Y>TW W JY> W DBR >L BNJ JFR>L >T >CR JYWH,qal,infc,B B> MCH L PNJ JHWH,MCH,L PNJ JHWH,L PNH/ JHWH/,the presence / in front of Yahweh,0.0,prep,det,subs,complex,factive,goal,L,,,,
48453,,LXX,Exodus,34,34,,,,,,,,,,,,,,,,,,,,,
48490,CWB[,MT,Exodus,34,35,HCJB,W R>W BNJ JFR>L >T PNJ MCH KJ QRN <WR PNJ MCH W HCJB MCH >T H MSWH <L PNJW <D B>W L DBR >TW,hif,perf,W HCJB MCH >T H MSWH <L PNJW,MCH,<L PNJW,<L PNH/,over his face,0.0,prep,det,subs,complex,posture/not motion,other,<L,,,,to cover / put the veil over his face
48490,,LXX,Exodus,34,35,,,,,,,,,,,,,,,,,,,,,
48842,BW>[,MT,Exodus,35,21,HBJ>W,W JB>W KL >JC >CR NF>W LBW W KL >CR NDBH RWXW >TW HBJ>W >T TRWMT JHWH L ML>KT >HL MW<D W L KL <BDTW W L BGDJ H QDC,hif,perf,W KL HBJ>W >T TRWMT JHWH L ML>KT >HL MW<D W L KL <BDTW W L BGDJ H QDC,KL,L ML>KT >HL MW<D W L KL <BDTW W L BGDJ H QDC,L ML>KT/ >HL/ MW<D/ W L KL/ <BDH/ W L BGD/ H QDC/,for the work of the tent of meeting and for all its service and for the holy garments,0.0,prep + prep + prep,det,subs,complex,posture/not motion,other,L,L,L,,
48842,,LXX,Exodus,35,21,,,,,,,,,,,,,,,,,,,,,
48860,BW>[,MT,Exodus,35,22,JB>W,W JB>W H >NCJM <L H NCJM KL NDJB LB HBJ>W XX W NZM W VB<T W KWMZ KL KLJ ZHB W KL >JC >CR HNJP TNWPT ZHB L JHWH,qal,wayq,W JB>W H >NCJM <L H NCJM,H >NCJM,<L H NCJM,<L H >CH/,in addition to the women,0.0,prep,det,subs,simple,posture/not motion,other,<L,,,,
48860,,LXX,Exodus,35,22,,,,,,,,,,,,,,,,,,,,,
49025,BW>[,MT,Exodus,35,29,HBJ>,KL >JC W >CH >CR NDB LBM >TM L HBJ> L KL H ML>KH >CR YWH JHWH L <FWT B JD MCH HBJ>W BNJ JFR>L NDBH L JHWH,hif,infc,L HBJ> L KL H ML>KH,,L KL H ML>KH,L KL/ H ML>KH/,for all the work,0.0,prep,det,subs,complex,posture/not motion,other,L,,,,
49025,,LXX,Exodus,35,29,,,,,,,,,,,,,,,,,,,,,
49038,BW>[,MT,Exodus,35,29,HBJ>W,KL >JC W >CH >CR NDB LBM >TM L HBJ> L KL H ML>KH >CR YWH JHWH L <FWT B JD MCH HBJ>W BNJ JFR>L NDBH L JHWH,hif,perf,HBJ>W BNJ JFR>L NDBH L JHWH,BNJ JFR>L,L JHWH,L JHWH/,to Yahweh,0.0,prep,det,nmpr,simple,factive,goal/recipient,L,,,,
49038,,LXX,Exodus,35,29,,,,,,,,,,,,,,,,,,,,,
49220,QRB[,MT,Exodus,36,2,QRBH,W JQR> MCH >L BYL>L W >L >HLJ>B W >L KL >JC XKM LB >CR NTN JHWH XKMH B LBW KL >CR NF>W LBW L QRBH >L H ML>KH L <FT >TH,qal,infc,L QRBH >L H ML>KH,,>L H ML>KH,>L H ML>KH/,to the work,0.0,prep,det,subs,simple,factive,other,>L,,,,
49220,,LXX,Exodus,36,2,,,,,,,,,,,,,,,,,,,,,
49251,BW>[,MT,Exodus,36,3,HBJ>W,W JQXW M L PNJ MCH >T KL H TRWMH >CR HBJ>W BNJ JFR>L L ML>KT <BDT H QDC L <FT >TH W HM HBJ>W >LJW <WD NDBH B BQR B BQR,hif,perf,W HM HBJ>W >LJW <WD NDBH B BQR B BQR,HM,>LJW,>L,to him (Moses),0.0,prep,det,prsf,simple,factive,goal,>L,,,,
49251,,LXX,Exodus,36,3,,,,,,,,,,,,,,,,,,,,,
49308,<BR[,MT,Exodus,36,6,J<BJRW,W JYW MCH W J<BJRW QWL B MXNH L >MR >JC W >CH >L J<FW <WD ML>KH L TRWMT H QDC W JKL> H <M M HBJ>,hif,wayq,W J<BJRW QWL B MXNH,,B MXNH,B H MXNH/,in/throughout the camp,0.0,prep,det,subs,simple,factive,location,B,,,,
49308,,LXX,Exodus,36,6,,,,,,,,,,,,,,,,,,,,,
49827,BRX[,MT,Exodus,36,33,BRX,W J<F >T H BRJX H TJKN L BRX B TWK H QRCJM MN H QYH >L H QYH,qal,infc,L BRX B TWK H QRCJM MN H QYH >L H QYH,,>L H QYH,>L H QYH=/,to the end,0.0,prep,det,subs,simple,fictive,goal,>L,,,,"he made the bar run from the end to the end, fictive"
49827,,LXX,Exodus,36,33,,,,,,,,,,,,,,,,,,,,,
50000,BW>[,MT,Exodus,37,5,JB>,W JB> >T H BDJM B VB<T <L YL<T H >RN L F>T >T H >RN,hif,wayq,W JB> >T H BDJM B VB<T <L YL<T H >RN,,B VB<T <L YL<T H >RN,B H VB<T/ <L YL</ H >RWN/,in the rings on the sides of the ark,0.0,prep + prep,det,subs,complex,posture/not motion,other,B,<L,,,put the poles into the rings
50000,,LXX,Exodus,37,5,,,,,,,,,,,,,,,,,,,,,
50547,BW>[,MT,Exodus,38,7,JB>,W JB> >T H BDJM B VB<T <L YL<T H MZBX L F>T >TW BHM NBWB LXT <FH >TW,hif,wayq,W JB> >T H BDJM B VB<T <L YL<T H MZBX,,B VB<T,B H VB<T/,in/through the rings,0.0,prep,det,subs,simple,posture/not motion,other,B,,,,he made the poles go through the rings
50547,,LXX,Exodus,38,7,,,,,,,,,,,,,,,,,,,,,
50924,<BR[,MT,Exodus,38,26,<BR,BQ< L GLGLT MXYJT H CQL B CQL H QDC L KL H <BR <L H PQDJM M BN <FRJM CNH W M<LH L CC M>WT >LP W CLCT >LPJM W XMC M>WT W XMCJM,qal,ptca,H <BR <L H PQDJM M BN <FRJM CNH W M<LH,,<L H PQDJM,<L H PQD[,among the ones being numbered,0.0,prep,det,ptcl,complex,factive,location,<L,,,,the ones going over among the ones being numbered/counted
50924,,LXX,Exodus,38,26,,,,,,,,,,,,,,,,,,,,,
51649,BW>[,MT,Exodus,39,33,JBJ>W,W JBJ>W >T H MCKN >L MCH >T H >HL W >T KL KLJW QRSJW QRCJW BRJXW W <MDJW W >DNJW,hif,wayq,W JBJ>W >T H MCKN >L MCH >T H >HL W >T KL KLJW QRSJW QRCJW BRJXW W <MDJW W >DNJW,,>L MCH,>L MCH=/,to Moses,0.0,prep,det,nmpr,simple,factive,goal,>L,,,,
51649,,LXX,Exodus,39,33,,,,,,,,,,,,,,,,,,,,,
30260,BW>[,MT,Exodus,4,6,HB>,W J>MR JHWH LW <WD HB> N> JDK B XJQK W JB> JDW B XJQW W JWY>H W HNH JDW MYR<T K CLG,hif,impv,HB> N> JDK B XJQK,,B XJQK,B XJQ/,in (to) your chest (Moses'),0.0,prep,det,subs,complex,factive,goal,B,,,,
30260,,LXX,Exodus,4,6,,,,,,,,,,,,,,,,,,,,,
30266,BW>[,MT,Exodus,4,6,JB>,W J>MR JHWH LW <WD HB> N> JDK B XJQK W JB> JDW B XJQW W JWY>H W HNH JDW MYR<T K CLG,hif,wayq,W JB> JDW B XJQW,,B XJQW,B XJQ/,to his chest (Moses'),0.0,prep,det,subs,complex,factive,goal,B,,,,
30266,,LXX,Exodus,4,6,,,,,,,,,,,,,,,,,,,,,
30281,CWB[,MT,Exodus,4,7,HCB,W J>MR HCB JDK >L XJQK W JCB JDW >L XJQW W JWY>H M XJQW W HNH CBH K BFRW,hif,impv,HCB JDK >L XJQK,,>L XJQK,>L XJQ/,to your chest (Moses'),0.0,prep,det,subs,complex,factive,goal,>L,,,,
30281,,LXX,Exodus,4,7,,,,,,,,,,,,,,,,,,,,,
30286,CWB[,MT,Exodus,4,7,JCB,W J>MR HCB JDK >L XJQK W JCB JDW >L XJQW W JWY>H M XJQW W HNH CBH K BFRW,hif,wayq,W JCB JDW >L XJQW,,>L XJQW,>L XJQ/,to his chest (Moses'),0.0,prep,det,subs,complex,factive,goal,>L,,,,
30286,,LXX,Exodus,4,7,,,,,,,,,,,,,,,,,,,,,
30535,CWB[,MT,Exodus,4,18,JCB,W JLK MCH W JCB >L JTR XTNW W J>MR LW >LKH N> W >CWBH >L >XJ >CR B MYRJM W >R>H H <WDM XJJM W J>MR JTRW L MCH LK L CLWM,qal,wayq,W JCB >L JTR XTNW,,>L JTR XTNW,>L JTR==/ XTN[,to Jethro his father-in-law,0.0,prep,det,nmpr,complex,factive,goal,>L,,,,
30535,,LXX,Exodus,4,18,,,,,,,,,,,,,,,,,,,,,
30545,CWB[,MT,Exodus,4,18,>CWBH,W JLK MCH W JCB >L JTR XTNW W J>MR LW >LKH N> W >CWBH >L >XJ >CR B MYRJM W >R>H H <WDM XJJM W J>MR JTRW L MCH LK L CLWM,qal,impf,W >CWBH >L >XJ,,>L >XJ,>L >X/,to my brothers,0.0,prep,det,subs,complex,factive,goal,>L,,,,
30545,,LXX,Exodus,4,18,,,,,,,,,,,,,,,,,,,,,
30572,CWB[,MT,Exodus,4,19,CB,W J>MR JHWH >L MCH B MDJN LK CB MYRJM KJ MTW KL H >NCJM H MBQCJM >T NPCK,qal,impv,CB MYRJM,,MYRJM,MYRJM/,to Egypt,0.0,vc,det,nmpr,simple,factive,goal,,,,,
30572,,LXX,Exodus,4,19,,,,,,,,,,,,,,,,,,,,,
30597,CWB[,MT,Exodus,4,20,JCB,W JQX MCH >T >CTW W >T BNJW W JRKBM <L H XMR W JCB >RYH MYRJM W JQX MCH >T MVH H >LHJM B JDW,qal,wayq,W JCB >RYH MYRJM,,>RYH MYRJM,>RY/ MYRJM/,to the land of Egypt,1.0,dir-he,det,subs,complex,factive,goal,,,,,
30597,,LXX,Exodus,4,20,,,,,,,,,,,,,,,,,,,,,
30617,CWB[,MT,Exodus,4,21,CWB,W J>MR JHWH >L MCH B LKTK L CWB MYRJMH R>H KL H MPTJM >CR FMTJ B JDK W <FJTM L PNJ PR<H W >NJ >XZQ >T LBW W L> JCLX >T H <M,qal,infc,L CWB MYRJMH,,MYRJMH,MYRJM/,to Egypt,1.0,dir-he,det,nmpr,simple,factive,goal,,,,,
30617,,LXX,Exodus,4,21,,,,,,,,,,,,,,,,,,,,,
52041,QRB[,MT,Exodus,40,12,HQRBT,W HQRBT >T >HRN W >T BNJW >L PTX >HL MW<D W RXYT >TM B MJM,hif,perf,W HQRBT >T >HRN W >T BNJW >L PTX >HL MW<D,,>L PTX >HL MW<D,>L PTX/ >HL/ MW<D/,to the entrance of the tent of the assembly,0.0,prep,det,subs,complex,factive,goal,>L,,,,
52041,,LXX,Exodus,40,12,,,,,,,,,,,,,,,,,,,,,
52211,BW>[,MT,Exodus,40,21,JB>,W JB> >T H >RN >L H MCKN W JFM >T PRKT H MSK W JSK <L >RWN H <DWT K >CR YWH JHWH >T MCH,hif,wayq,W JB> >T H >RN >L H MCKN,,>L H MCKN,>L H MCKN/,into the tabernacle,0.0,prep,det,subs,simple,factive,goal,>L,,,,
52211,,LXX,Exodus,40,21,,,,,,,,,,,,,,,,,,,,,
52285,<LH[,MT,Exodus,40,25,J<L,W J<L H NRT L PNJ JHWH K >CR YWH JHWH >T MCH,hif,wayq,W J<L H NRT L PNJ JHWH,,L PNJ JHWH,L PNH/ JHWH/,in from of Yahweh,0.0,prep,det,subs,complex,factive,location,L,,,,put something in front of / in the presence of
52285,,LXX,Exodus,40,25,,,,,,,,,,,,,,,,,,,,,
52341,<LH[,MT,Exodus,40,29,J<L,W >T MZBX H <LH FM PTX MCKN >HL MW<D W J<L <LJW >T H <LH W >T H MNXH K >CR YWH JHWH >T MCH,hif,wayq,W J<L <LJW >T H <LH W >T H MNXH,,<LJW,<L,on it (the altar),0.0,prep,det,prsf,simple,posture/not motion,other,<L,,,,to put something on the altar
52341,,LXX,Exodus,40,29,,,,,,,,,,,,,,,,,,,,,
52388,BW>[,MT,Exodus,40,32,B>M,B B>M >L >HL MW<D W B QRBTM >L H MZBX JRXYW K >CR YWH JHWH >T MCH,qal,infc,B B>M >L >HL MW<D,,>L >HL MW<D,>L >HL/ MW<D/,into the tent of the assembly,0.0,prep,det,subs,complex,factive,goal,>L,,,,
52388,,LXX,Exodus,40,32,,,,,,,,,,,,,,,,,,,,,
52394,QRB[,MT,Exodus,40,32,QRBTM,B B>M >L >HL MW<D W B QRBTM >L H MZBX JRXYW K >CR YWH JHWH >T MCH,qal,infc,W B QRBTM >L H MZBX,,>L H MZBX,>L H MZBX/,to the altar,0.0,prep,det,subs,simple,factive,goal,>L,,,,
52394,,LXX,Exodus,40,32,,,,,,,,,,,,,,,,,,,,,
52450,BW>[,MT,Exodus,40,35,BW>,W L> JKL MCH L BW> >L >HL MW<D KJ CKN <LJW H <NN W KBWD JHWH ML> >T H MCKN,qal,infc,L BW> >L >HL MW<D,,>L >HL MW<D,>L >HL/ MW<D/,into the tent of the assembly,0.0,prep,det,subs,complex,factive,goal,>L,,,,
52450,,LXX,Exodus,40,35,,,,,,,,,,,,,,,,,,,,,
30899,HLK[,MT,Exodus,5,4,LKW,W J>MR >LHM MLK MYRJM LMH MCH W >HRN TPRJ<W >T H <M M M<FJW LKW L SBLTJKM,qal,impv,LKW L SBLTJKM,,L SBLTJKM,L SBLWT/,to your burdens,0.0,prep,det,subs,complex,factive,goal,L,,,,
30899,,LXX,Exodus,5,4,,,,,,,,,,,,,,,,,,,,,
31211,CWB[,MT,Exodus,5,22,JCB,W JCB MCH >L JHWH W J>MR >DNJ LMH HR<TH L <M H ZH LMH ZH CLXTNJ,qal,wayq,W JCB MCH >L JHWH,MCH,>L JHWH,>L JHWH/,to Yahweh,0.0,prep,det,nmpr,simple,posture/not motion,goal,>L,,,,to turn to
31211,,LXX,Exodus,5,22,,,,,,,,,,,,,,,,,,,,,
31231,BW>[,MT,Exodus,5,23,B>TJ,W M >Z B>TJ >L PR<H L DBR B CMK HR< L <M H ZH W HYL L> HYLT >T <MK,qal,perf,W M >Z B>TJ >L PR<H,,>L PR<H,>L PR<H/,to Pharaoh,0.0,prep,det,subs,simple,factive,goal,>L,,,,
31231,,LXX,Exodus,5,23,,,,,,,,,,,,,,,,,,,,,
31389,BW>[,MT,Exodus,6,8,HB>TJ,W HB>TJ >TKM >L H >RY >CR NF>TJ >T JDJ L TT >TH L >BRHM L JYXQ W L J<QB W NTTJ >TH LKM MWRCH >NJ JHWH,hif,perf,W HB>TJ >TKM >L H >RY,,>L H >RY,>L H >RY/,into the land,0.0,prep,det,subs,simple,factive,goal,>L,,,,
31389,,LXX,Exodus,6,8,,,,,,,,,,,,,,,,,,,,,
31942,BW>[,MT,Exodus,7,10,JB>,W JB> MCH W >HRN >L PR<H W J<FW KN K >CR YWH JHWH W JCLK >HRN >T MVHW L PNJ PR<H W L PNJ <BDJW W JHJ L TNJN,qal,wayq,W JB> MCH W >HRN >L PR<H,MCH W >HRN,>L PR<H,>L PR<H/,to Pharaoh,0.0,prep,det,subs,simple,factive,goal,>L,,,,
31942,,LXX,Exodus,7,10,,,,,,,,,,,,,,,,,,,,,
32030,HLK[,MT,Exodus,7,15,LK,LK >L PR<H B BQR HNH JY> H MJMH W NYBT L QR>TW <L FPT H J>R W H MVH >CR NHPK L NXC TQX B JDK,qal,impv,LK >L PR<H B BQR,,>L PR<H,>L PR<H/,to Pharaoh,0.0,prep,det,subs,simple,factive,goal,>L,,,,
32030,,LXX,Exodus,7,15,,,,,,,,,,,,,,,,,,,,,
32037,JY>[,MT,Exodus,7,15,JY>,LK >L PR<H B BQR HNH JY> H MJMH W NYBT L QR>TW <L FPT H J>R W H MVH >CR NHPK L NXC TQX B JDK,qal,ptca,HNH JY> H MJMH,,H MJMH,H MJM/,to the water,1.0,dir-he,det,subs,simple,factive,goal,,,,,
32037,,LXX,Exodus,7,15,,,,,,,,,,,,,,,,,,,,,
32274,BW>[,MT,Exodus,7,23,JB>,W JPN PR<H W JB> >L BJTW W L> CT LBW GM L Z>T,qal,wayq,W JB> >L BJTW,,>L BJTW,>L BJT/,to his house (Pharaoh's),0.0,prep,det,subs,complex,factive,goal,>L,,,,
32274,,LXX,Exodus,7,23,,,,,,,,,,,,,,,,,,,,,
32318,BW>[,MT,Exodus,7,26,B>,W J>MR JHWH >L MCH B> >L PR<H W >MRT >LJW KH >MR JHWH CLX >T <MJ W J<BDNJ,qal,impv,B> >L PR<H,,>L PR<H,>L PR<H/,to Pharaoh,0.0,prep,det,subs,simple,factive,goal,>L,,,,
32318,,LXX,Exodus,7,26,,,,,,,,,,,,,,,,,,,,,
32355,BW>[,MT,Exodus,7,28,B>W,W CRY H J>R YPRD<JM W <LW W B>W B BJTK W B XDR MCKBK W <L MVTK W B BJT <BDJK W B <MK W B TNWRJK W B MC>RWTJK,qal,perf,W B>W B BJTK W B XDR MCKBK W <L MVTK W B BJT <BDJK W B <MK W B TNWRJK W B MC>RWTJK,,B BJTK W B XDR MCKBK W <L MVTK W B BJT <BDJK W B <MK W B TNWRJK W B MC>RWTJK,B BJT/ W B XDR/ MCKB/ W <L MVH=/ W B BJT/ <BD/ W B <M/ W B TNWR/ W B MC>RT/,in your house and in the inner room of your bed and on your bed and in the house of your servants and among your people and in your ovens and in your kneading bowls ,0.0,prep + prep,det,subs,complex,factive,goal,B,B,<L,B,
32355,,LXX,Exodus,7,28,,,,,,,,,,,,,,,,,,,,,
32387,<LH[,MT,Exodus,7,29,J<LW,W BKH W B <MK W B KL <BDJK J<LW H YPRD<JM,qal,impf,W BKH W B <MK W B KL <BDJK J<LW H YPRD<JM,H YPRD<JM,BKH W B <MK W B KL <BDJK,B W B <M/ W B KL/ <BD/,and on you and on your people and on all your servants,0.0,prep + prep,det,subs,complex,factive,other,B,B,B,,
32387,,LXX,Exodus,7,29,,,,,,,,,,,,,,,,,,,,,
32414,<LH[,MT,Exodus,8,1,H<L,W J>MR JHWH >L MCH >MR >L >HRN NVH >T JDK B MVK <L H NHRT <L H J>RJM W <L H >GMJM W H<L >T H YPRD<JM <L >RY MYRJM,hif,impv,W H<L >T H YPRD<JM <L >RY MYRJM,,<L >RY MYRJM,<L >RY/ MYRJM/,on/upon the land of Egypt,0.0,prep,det,subs,complex,factive,other,<L,,,,I will bring the frogs on/upon the land of Egypt
32414,,LXX,Exodus,8,1,,,,,,,,,,,,,,,,,,,,,
32446,<LH[,MT,Exodus,8,3,J<LW,W J<FW KN H XRVMJM B LVJHM W J<LW >T H YPRD<JM <L >RY MYRJM,hif,wayq,W J<LW >T H YPRD<JM <L >RY MYRJM,,<L >RY MYRJM,<L >RY/ MYRJM/,on/upon the land of Egypt,0.0,prep,det,subs,complex,factive,other,<L,,,,
32446,,LXX,Exodus,8,3,,,,,,,,,,,,,,,,,,,,,
32740,JY>[,MT,Exodus,8,16,JWY>,W J>MR JHWH >L MCH HCKM B BQR W HTJYB L PNJ PR<H HNH JWY> H MJMH W >MRT >LJW KH >MR JHWH CLX <MJ W J<BDNJ,qal,ptca,HNH JWY> H MJMH,,H MJMH,H MJM/,to the water,1.0,dir-he,det,subs,simple,factive,goal,,,,,
32740,,LXX,Exodus,8,16,,,,,,,,,,,,,,,,,,,,,
32836,BW>[,MT,Exodus,8,20,JB>,W J<F JHWH KN W JB> <RB KBD BJTH PR<H W BJT <BDJW W B KL >RY MYRJM TCXT H >RY M PNJ H <RB,qal,wayq,W JB> <RB KBD BJTH PR<H W BJT <BDJW W B KL >RY MYRJM,<RB KBD,BJTH PR<H W BJT <BDJW W B KL >RY MYRJM,BJT/ PR<H/ W BJT/ <BD/ W B KL/ >RY/ MYRJM/,in the house of Pharaoh and the house of his servants and in all the land of Egypt,1.0,prep + dir-he,det,subs,complex,factive,goal,B,,,,
32836,,LXX,Exodus,8,20,,,,,,,,,,,,,,,,,,,,,
33027,BW>[,MT,Exodus,9,1,B>,W J>MR JHWH >L MCH B> >L PR<H W DBRT >LJW KH >MR JHWH >LHJ H <BRJM CLX >T <MJ W J<BDNJ,qal,impv,B> >L PR<H,,>L PR<H,>L PR<H/,to Pharaoh,0.0,prep,det,subs,simple,factive,goal,>L,,,,
33027,,LXX,Exodus,9,1,,,,,,,,,,,,,,,,,,,,,
33436,JRD[,MT,Exodus,9,19,JRD,W <TH CLX H<Z >T MQNK W >T KL >CR LK B FDH KL H >DM W H BHMH >CR JMY> B FDH W L> J>SP H BJTH W JRD <LHM H BRD W MTW,qal,perf,W JRD <LHM H BRD,H BRD,<LHM,<L,on them (all that is found in the field),0.0,prep,det,prsf,simple,vertical,goal/recipient,<L,,,,"the hail goes down on them, vertical motion"
33436,,LXX,Exodus,9,19,,,,,,,,,,,,,,,,,,,,,
33450,NWS[,MT,Exodus,9,20,HNJS,H JR> >T DBR JHWH M <BDJ PR<H HNJS >T <BDJW W >T MQNHW >L H BTJM,hif,perf,HNJS >T <BDJW W >T MQNHW >L H BTJM,,>L H BTJM,>L H BJT/,into the houses,0.0,prep,det,subs,simple,factive,goal,>L,,,,
33450,,LXX,Exodus,9,20,,,,,,,,,,,,,,,,,,,,,
33526,HLK[,MT,Exodus,9,23,THLK,W JV MCH >T MVHW <L H CMJM W JHWH NTN QLT W BRD W THLK >C >RYH W JMVR JHWH BRD <L >RY MYRJM,qal,wayq,W THLK >C >RYH,>C,>RYH,>RY/,toward the earth,1.0,dir-he,det,subs,simple,vertical,goal,,,,,"as the fire comes from God, like the hail and the thunder"
33526,,LXX,Exodus,9,23,,,,,,,,,,,,,,,,,,,,,
33743,NTK[,MT,Exodus,9,33,NTK,W JY> MCH M <M PR<H >T H <JR W JPRF KPJW >L JHWH W JXDLW H QLWT W H BRD W MVR L> NTK >RYH,nif,perf,W MVR L> NTK >RYH,MVR,>RYH,>RY/,toward/on the earth,1.0,dir-he,det,subs,simple,vertical,goal,,,,,"poured on/toward the earth, not horizontal motion"
33743,,LXX,Exodus,9,33,,,,,,,,,,,,,,,,,,,,,
