verb_id,lex,scroll,book,chapter,verse_num,gcons_verb,gcons_verse,gcons_clause,subject,complement,cmpl_lex,cmpl_translation,dir_he,cmpl_constr,cmpl_nt,cmpl_anim,cmpl_det,cmpl_indiv,cmpl_complex,dir_he_dss,sign_info,stem,tense,motion_type,comments,preposition_1,preposition_2,preposition_3,preposition_4,preposition_5,preposition_6,preposition_7
295449,CWB[,MT,Amos,1,3,>CJBNW,KH >MR JHWH <L CLCH PC<J DMFQ W <L >RB<H L> >CJBNW <L DWCM B XRYWT H BRZL >T H GL<D,<L CLCH PC<J DMFQ W <L >RB<H L> >CJBNW,,<L CLCH PC<J DMFQ W <L >RB<H,<L CLC/ PC</ DMFQ/ W <L >RB</,,0,prep + prep,topo,inanim,det,subs,complex,,,hif,impf,,,<L,<L,,,,,
2073000,CWB[,5Q4,Amos,1,3,>CJBNW,KH >MR JHWH <L CLCH PC<J DMFQ W <L >RB<H LW> >CJBNW <L DWCM B XRYWT H BRZL >T HRWT H GL<D,None,None,,,,,,,,,,,0,,hif,impf,,,,,,,,,
2043997,CWB[,4Q82,Amos,1,3,>CJBNW,KH >MR JHWH <L CLCH PC<J DMFQ W <L >RB<H L> >CJBNW <L DWCM B XRYWT H BRZL >T H GL<D,<L CLCH PC<J DMFQ W <L >RB<H L> >CJBNW,,<L CLCH PC<J DMFQ W <L >RB<H,,,0,,,,,,,0,,hif,impf,,,<L,<L,,,,,
2092066,GLH[,Mur88,Amos,1,5,GLW,>WN W TWMK CBV M BJT <DN W GLW <M >RM QJRH >MR JHWH,None,None,,,,,,,,,,,1,,qal,perf,,,,,,,,,
295484,GLH[,MT,Amos,1,5,GLW,W CBRTJ BRJX DMFQ W HKRTJ JWCB M BQ<T_>WN W TWMK CBV M BJT_<DN W GLW <M >RM QJRH >MR JHWH,W GLW <M >RM QJRH,<M >RM,QJRH,QJR=/,,1,dir-he,topo,inanim,,nmpr,simple,,,qal,perf,,,,,,,,,
2044037,GLH[,4Q82,Amos,1,5,GLW,W CBRTJ BRJX DMFQ W HKRTJ JWCB M BQ<T >WN W TWMK CBV M BJT <DN W GLW <M >RM QJRH >MR JHWH,None,None,,,,,,,,,,,1,,qal,perf,,,,,,,,,
2092084,CWB[,Mur88,Amos,1,6,>CJBNW,KH >MR JHWH <L CLCH PC<J <ZH W <L >RB<H L> >CJBNW <L HGLWTM GLWT CLMH L HSGJR L >DWM,<L CLCH PC<J <ZH W <L >RB<H L> >CJBNW,,<L CLCH PC<J <ZH W <L >RB<H,,,0,,,,,,,0,,hif,impf,,,<L,<L,,,,,
295501,CWB[,MT,Amos,1,6,>CJBNW,KH >MR JHWH <L CLCH PC<J <ZH W <L >RB<H L> >CJBNW <L HGLWTM GLWT CLMH L HSGJR L >DWM,<L CLCH PC<J <ZH W <L >RB<H L> >CJBNW,,<L CLCH PC<J <ZH W <L >RB<H,<L CLC/ PC</ <ZH/ W <L >RB</,,0,prep + prep,topo,inanim,det,subs,complex,,,hif,impf,,,<L,<L,,,,,
295503,GLH[,MT,Amos,1,6,HGLWTM,KH >MR JHWH <L CLCH PC<J <ZH W <L >RB<H L> >CJBNW <L HGLWTM GLWT CLMH L HSGJR L >DWM,<L HGLWTM GLWT CLMH,,no complement,no complement,,,,,,,,,,,hif,infc,,,,,,,,,
2044055,CWB[,4Q82,Amos,1,6,>CJBNW,KH >MR JHWH <L CLCH PC<J <ZH W <L >RB<H LW> >CJBNW <L HGLWTM GLWT CLMH L HSGJR L >D,<L CLCH PC<J <ZH W <L >RB<H LW> >CJBNW,,<L CLCH PC<J <ZH W <L >RB<H,,,0,,,,,,,0,,hif,impf,,,<L,<L,,,,,
2092115,CWB[,Mur88,Amos,1,8,HCJBWTJ,W HKRTJ JWCB M >CDWD W TWMK CBV M >CQLWN W HCJBWTJ JDJ <L <QRWN W >BDW C>RJT PLCTJM >MR >DNJ JHWH,W HCJBWTJ JDJ <L <QRWN,,<L <QRWN,,,0,,,,,,,0,,hif,perf,,,<L,,,,,,
295530,CWB[,MT,Amos,1,8,HCJBWTJ,W HKRTJ JWCB M >CDWD W TWMK CBV M >CQLWN W HCJBWTJ JDJ <L <QRWN W >BDW C>RJT PLCTJM >MR >DNJ JHWH,W HCJBWTJ JDJ <L <QRWN,,<L <QRWN,<L <QRWN/,,0,prep,topo,inanim,det,nmpr,simple,,,hif,perf,,,<L,,,,,,
2092138,CWB[,Mur88,Amos,1,9,>CJBNW,KH >MR JHWH <L CLCH PC<J YR W <L >RB<H L> >CJBNW <L HSGJRM GLWT CLMH L >DWM W L> ZKRW BRJT >XJM,<L CLCH PC<J YR W <L >RB<H L> >CJBNW,,<L CLCH PC<J YR W <L >RB<H,,,0,,,,,,,0,,hif,impf,,,<L,<L,,,,,
295552,CWB[,MT,Amos,1,9,>CJBNW,KH >MR JHWH <L CLCH PC<J YR W <L >RB<H L> >CJBNW <L HSGJRM GLWT CLMH L >DWM W L> ZKRW BRJT >XJM,<L CLCH PC<J YR W <L >RB<H L> >CJBNW,,<L CLCH PC<J YR W <L >RB<H,<L CLC/ PC</ YR====/ W <L >RB</,,0,prep + prep,topo,inanim,det,subs,complex,,,hif,impf,,,<L,<L,,,,,
2092172,CWB[,Mur88,Amos,1,11,>CJBNW,KH >MR JHWH <L CLCH PC<J >DWM W <L >RB<H L> >CJBNW <L RDPW B XRB >XJW W CXT RXMJW W JVRP L <D >PW W <BRTW CMRH NYX,None,None,,,,,,,,,,,0,,hif,impf,,,,,,,,,
295584,CWB[,MT,Amos,1,11,>CJBNW,KH >MR JHWH <L CLCH PC<J >DWM W <L >RB<H L> >CJBNW <L RDPW B XRB >XJW W CXT RXMJW W JVRP L <D >PW W <BRTW CMRH NYX,<L CLCH PC<J >DWM W <L >RB<H L> >CJBNW,,<L CLCH PC<J >DWM W <L >RB<H,<L CLC/ PC</ >DWM/ W <L >RB</,,0,prep + prep,topo,inanim,det,subs,complex,,,hif,impf,,,<L,<L,,,,,
2044103,CWB[,4Q82,Amos,1,11,>CJBNW,KH >MR JHWH <L CLCH PC<J >DWM W <L >RB<H LW> >CJBNW <L RDPW B XRB >XJW W CXT RXMJW W JVRP L <D >PW W <BRTW CMRH NYX,None,None,,,,,,,,,,,0,,hif,impf,,,,,,,,,
2092213,CWB[,Mur88,Amos,1,13,>CJBNW,KH >MR JHWH <L CLCH PC<J BNJ <MWN W <L >RB<H L> >CJBNW <L BQ<M HRWT H GL<D LM<N HRXJB >T GBWLM,<L CLCH PC<J BNJ <MWN W <L >RB<H L> >CJBNW,,<L CLCH PC<J BNJ <MWN W <L >RB<H,,,0,,,,,,,0,,hif,impf,,,<L,<L,,,,,
295624,CWB[,MT,Amos,1,13,>CJBNW,KH >MR JHWH <L CLCH PC<J BNJ <MWN W <L >RB<H L> >CJBNW <L BQ<M HRWT H GL<D LM<N HRXJB >T GBWLM,<L CLCH PC<J BNJ <MWN W <L >RB<H L> >CJBNW,,<L CLCH PC<J BNJ <MWN W <L >RB<H,<L CLC/ PC</ BN/ <MWN/ W <L >RB</,,0,prep + prep,gens,anim,det,subs,complex,,,hif,impf,,,<L,<L,,,,,
2044144,CWB[,4Q82,Amos,1,13,>CJBNW,KH >MR JHWH <L CLWCH PJC<J BNJ <MWN W <L >RB<H LW> >CJBNW <L BQ<M HRWT H GL<D LM<N HRXJB >T GBWLM,<L CLWCH PJC<J BNJ <MWN W <L >RB<H LW> >CJBNW,,<L CLWCH PJC<J BNJ <MWN W <L >RB<H,,,0,,,,,,,0,,hif,impf,,,<L,<L,,,,,
2092245,HLK[,Mur88,Amos,1,15,HLK,W HLK MLKM B GWLH HW> W FRJW JXDW >MR JHWH,None,None,,,,,,,,,,,0,,qal,perf,,,,,,,,,
295654,HLK[,MT,Amos,1,15,HLK,W HLK MLKM B GWLH HW> W FRJW JXDW >MR JHWH,W HLK MLKM B GWLH,MLKM,B GWLH,B H GWLH/,,0,prep,,,det,subs,simple,,,qal,perf,,,B,,,,,,
2044177,HLK[,4Q82,Amos,1,15,HLK,W HLK MLKM B GWLH HW> W FRJW JXDW >MR JHWH,None,None,,,,,,,,,,,0,,qal,perf,,,,,,,,,
2092267,CWB[,Mur88,Amos,2,1,>CJBNW,KH >MR JHWH <L CLCH PC<J MW>B W <L >RB<H L> >CJBNW <L FRPW <YMWT MLK >DWM L FJD,None,None,,,,,,,,,,,0,,hif,impf,,,,,,,,,
295676,CWB[,MT,Amos,2,1,>CJBNW,KH >MR JHWH <L CLCH PC<J MW>B W <L >RB<H L> >CJBNW <L FRPW <YMWT MLK >DWM L FJD,<L CLCH PC<J MW>B W <L >RB<H L> >CJBNW,,<L CLCH PC<J MW>B W <L >RB<H,<L CLC/ PC</ MW>B/ W <L >RB</,,0,prep + prep,"pers,gens,topo",,det,subs,complex,,,hif,impf,,,<L,<L,,,,,
295728,CWB[,MT,Amos,2,4,>CJBNW,KH >MR JHWH <L CLCH PC<J JHWDH W <L >RB<H L> >CJBNW <L M>SM >T TWRT JHWH W XQJW L> CMRW W JT<WM KZBJHM >CR HLKW >BWTM >XRJHM,<L CLCH PC<J JHWDH W <L >RB<H L> >CJBNW,,<L CLCH PC<J JHWDH W <L >RB<H,<L CLC/ PC</ JHWDH/ W <L >RB</,,0,prep + prep,"pers,gens,topo",,det,subs,complex,,,hif,impf,,,<L,<L,,,,,
295739,T<H[,MT,Amos,2,4,JT<WM,KH >MR JHWH <L CLCH PC<J JHWDH W <L >RB<H L> >CJBNW <L M>SM >T TWRT JHWH W XQJW L> CMRW W JT<WM KZBJHM >CR HLKW >BWTM >XRJHM,W JT<WM KZBJHM,KZBJHM,no complement,no complement,,,,,,,,,,,hif,wayq,,,,,,,,,
295742,HLK[,MT,Amos,2,4,HLKW,KH >MR JHWH <L CLCH PC<J JHWDH W <L >RB<H L> >CJBNW <L M>SM >T TWRT JHWH W XQJW L> CMRW W JT<WM KZBJHM >CR HLKW >BWTM >XRJHM,>CR HLKW >BWTM >XRJHM,>BWTM,>XRJHM,>XR/,,0,vc,,,det,subs,complex,,,qal,perf,,,,,,,,,
295765,CWB[,MT,Amos,2,6,>CJBNW,KH >MR JHWH <L CLCH PC<J JFR>L W <L >RB<H L> >CJBNW <L MKRM B KSP YDJQ W >BJWN B <BWR N<LJM,<L CLCH PC<J JFR>L W <L >RB<H L> >CJBNW,,<L CLCH PC<J JFR>L W <L >RB<H,<L CLC/ PC</ JFR>L/ W <L >RB</,,0,prep + prep,"pers,gens,topo",,det,subs,complex,,,hif,impf,,,<L,<L,,,,,
295793,HLK[,MT,Amos,2,7,JLKW,H C>PJM <L <PR >RY B R>C DLJM W DRK <NWJM JVW W >JC W >BJW JLKW >L H N<RH LM<N XLL >T CM QDCJ,W >JC W >BJW JLKW >L H N<RH,>JC W >BJW,>L H N<RH,>L H N<RH/,,0,prep,,,det,subs,simple,,,qal,impf,,,>L,,,,,,
2044213,HLK[,4Q82,Amos,2,7,JLKW,<L <PR >RY B R>C DLJM W DRK <NWJM JVW W >JC W >BJW JLKW >L H N<RH LM<N XLL >T CM QDCJ,None,None,,,,,,,,,,,0,,qal,impf,,,,,,,,,
295852,HLK[,MT,Amos,2,10,>WLK,W >NKJ H<LJTJ >TKM M >RY MYRJM W >WLK >TKM B MDBR >RB<JM CNH L RCT >T >RY H >MRJ,W >WLK >TKM B MDBR >RB<JM CNH,,no complement,no complement,,,,,,,,,,,hif,wayq,,,,,,,,,
295953,NWS[,MT,Amos,2,16,JNWS,W >MJY LBW B GBWRJM <RWM JNWS B JWM H HW> N>M JHWH,W >MJY LBW B GBWRJM <RWM JNWS B JWM H HW>,>MJY LBW B GBWRJM,no complement,no complement,,,,,,,,,,,qal,impf,,,,,,,,,
2044275,NWS[,4Q82,Amos,2,16,JNWS,W >MJY LBW B GBWRJM <RWM JNWS B JWM H HW> N>M JHWH,None,None,,,,,,,,,,,0,,qal,impf,,,,,,,,,
2039421,NWS[,4Q78,Amos,2,16,JNWS,W MWY> LBW B GBWRJM <RWM JNWS B JWM H HW> N>M JHWH,None,None,,,,,,,,,,,0,,qal,impf,,,,,,,,,
2039442,<LH[,4Q78,Amos,3,1,H<LJTJ,C DBR JHWH <LJKMH BNJ JFR>L <L KWL H MCPXH >CR H<LJTJ M >RY MYRJM L >MR,None,None,,,,,,,,,,,0,,hif,perf,,,,,,,,,
296000,HLK[,MT,Amos,3,3,JLKW,H JLKW CNJM JXDW BLTJ >M NW<DW,H JLKW CNJM JXDW,CNJM,no complement,no complement,,,,,,,,,,,qal,impf,,,,,,,,,
296026,NPL[,MT,Amos,3,5,TPL,H TPL YPWR <L PX H >RY W MWQC >JN LH H J<LH PX MN H >DMH W LKWD L> JLKWD,H TPL YPWR <L PX H >RY,YPWR,<L PX,<L PX=/,,0,prep,,,und,subs,simple,,,qal,impf,,,<L,,,,,,
2039493,NPL[,4Q78,Amos,3,5,TPL,H TPL YPWR <L PX H >RY W MWQC >JN LH H J<LH PX MN H >DMH W LKWD LW> JLKWD,H TPL YPWR <L PX H >RY,YPWR,<L PX,,,0,,,,,,,0,,qal,impf,,,<L,,,,,,
296072,GLH[,MT,Amos,3,7,GLH,KJ L> J<FH >DNJ JHWH DBR KJ >M GLH SWDW >L <BDJW H NBJ>JM,KJ >M GLH SWDW >L <BDJW H NBJ>JM,,>L <BDJW H NBJ>JM,>L <BD/ H NBJ>/,,0,prep,,,det,subs,complex,,,qal,perf,,,>L,,,,,,
2039541,GLH[,4Q78,Amos,3,7,GLH,KJ LW> J<FH >DNJ JHWH DBR KJ >M GLH SWDW >L <BDJW H NBJ>JM,KJ >M GLH SWDW >L <BDJW H NBJ>JM,,>L <BDJW H NBJ>JM,,,0,,,,,,,0,,qal,perf,,,>L,,,,,,
296141,JRD[,MT,Amos,3,11,HWRD,LKN KH >MR >DNJ JHWH YR W SBJB H >RY W HWRD MMK <ZK W NBZW >RMNWTJK,W HWRD MMK <ZK,,no complement,no complement,,,,,,,,,,,hif,perf,,,,,,,,,
2039615,JRD[,4Q78,Amos,3,11,HWR,L KN KH >MR >DNJ JHWH YR W SBJB H >RY W HWR MMK <WZK W NBWZW >RMWNWTJK,None,None,,,,,,,,,,,0,,hif,perf,,,,,,,,,
296209,NPL[,MT,Amos,3,14,NPLW,KJ B JWM PQDJ PC<J JFR>L <LJW W PQDTJ <L MZBXWT BJT_>L W NGD<W QRNWT H MZBX W NPLW L >RY,W NPLW L >RY,,L >RY,L H >RY/,,0,prep,,,det,subs,simple,,,qal,perf,,,L,,,,,,
2039675,NPL[,4Q78,Amos,3,14,NPLW,W NPLW L >RY,None,None,,,,,,,,,,,0,,qal,perf,,,,,,,,,
296255,BW>[,MT,Amos,4,1,HBJ>H,CM<W H DBR H ZH PRWT H BCN >CR B HR CMRWN H <CQWT DLJM H RYYWT >BJWNJM H >MRT L >DNJHM HBJ>H W NCTH,HBJ>H,,no complement,no complement,,,,,,,,,,,hif,impv,,,,,,,,,
2039734,BW>[,4Q78,Amos,4,2,BW>JM,NCB< >DWNJ JHWH B QDCW KJ HNH JMJM BW>JM W NF> >TKMH B YNWT W >XRJTKMH B SWPWD DWGH,None,None,,,,,,,,,,,0,,qal,ptca,,,,,,,,,
296280,JY>[,MT,Amos,4,3,TY>NH,W PRYJM TY>NH >CH NGDH W HCLKTNH H HRMWNH N>M JHWH,W PRYJM TY>NH,,PRYJM,PRY/,,0,vc,,,und,subs,simple,,,qal,impf,,,,,,,,,
296289,BW>[,MT,Amos,4,4,B>W,B>W BJT_>L W PC<W H GLGL HRBW L PC< W HBJ>W L BQR ZBXJKM L CLCT JMJM M<FRTJKM,B>W BJT_>L,,BJT_>L,BJT_>L/,,0,vc,topo,inanim,det,nmpr,simple,,,qal,impv,,,,,,,,,
296299,BW>[,MT,Amos,4,4,HBJ>W,B>W BJT_>L W PC<W H GLGL HRBW L PC< W HBJ>W L BQR ZBXJKM L CLCT JMJM M<FRTJKM,W HBJ>W L BQR ZBXJKM,,no complement,no complement,,,,,,,,,,,hif,impv,,,,,,,,,
296343,CWB[,MT,Amos,4,6,CBTM,W GM >NJ NTTJ LKM NQJWN CNJM B KL <RJKM W XSR LXM B KL MQWMTJKM W L> CBTM <DJ N>M JHWH,W L> CBTM <DJ,,<DJ,<D,,0,prep,prsf,,det,prsf,simple,,,qal,perf,,,<D,,,,,,
2044366,CWB[,4Q82,Amos,4,6,CBTM,W GM >NWKJ NTTJ LKM NQJWN CNJM B KWL <RJKM W XSR LXM B KWL MQWMTJKM W L> CBTM <DJ N>M JHWH,None,None,,,,,,,,,,,0,,qal,perf,,,,,,,,,
296399,CWB[,MT,Amos,4,8,CBTM,W N<W CTJM CLC <RJM >L <JR >XT L CTWT MJM W L> JFB<W W L> CBTM <DJ N>M JHWH,W L> CBTM <DJ,,<DJ,<D,,0,prep,prsf,,det,prsf,simple,,,qal,perf,,,<D,,,,,,
2044423,CWB[,4Q82,Amos,4,8,CBTM,W N<W CTJM CLC <RJM >L <JR >XT L CTWT MJM W L> JFB<W W L> CBTM <DJ N>M JHWH,W L> CBTM <DJ,,<DJ,,,0,,,,,,,0,,qal,perf,,,<D,,,,,,
296425,CWB[,MT,Amos,4,9,CBTM,HKJTJ >TKM B CDPWN W B JRQWN HRBWT GNWTJKM W KRMJKM W T>NJKM W ZJTJKM J>KL H GZM W L> CBTM <DJ N>M JHWH,W L> CBTM <DJ,,<DJ,<D,,0,prep,prsf,,det,prsf,simple,,,qal,perf,,,<D,,,,,,
2044448,CWB[,4Q82,Amos,4,9,CBTM,HKJTJ >TKM B CDPWN W B JRQWN HRBWT GNWTJKM W KRMJKM W T>NJKM W ZJTJKM J>KL H GZM W L> CBTM <DJ N>M JHWH,None,None,,,,,,,,,,,0,,qal,perf,,,,,,,,,
296444,<LH[,MT,Amos,4,10,><LH,CLXTJ BKM DBR B DRK MYRJM HRGTJ B XRB BXWRJKM <M CBJ SWSJKM W ><LH B>C MXNJKM W B >PKM W L> CBTM <DJ N>M JHWH,W ><LH B>C MXNJKM,,no complement,no complement,,,,,,,,,,,hif,wayq,,,,,,,,,
296452,CWB[,MT,Amos,4,10,CBTM,CLXTJ BKM DBR B DRK MYRJM HRGTJ B XRB BXWRJKM <M CBJ SWSJKM W ><LH B>C MXNJKM W B >PKM W L> CBTM <DJ N>M JHWH,W L> CBTM <DJ,,<DJ,<D,,0,prep,prsf,,det,prsf,simple,,,qal,perf,,,<D,,,,,,
296475,CWB[,MT,Amos,4,11,CBTM,HPKTJ BKM K MHPKT >LHJM >T SDM W >T <MRH W THJW K >WD MYL M FRPH W L> CBTM <DJ N>M JHWH,W L> CBTM <DJ,,<DJ,<D,,0,prep,prsf,,det,prsf,simple,,,qal,perf,,,<D,,,,,,
296532,NPL[,MT,Amos,5,2,NPLH,NPLH L> TWSJP QWM BTWLT JFR>L NVCH <L >DMTH >JN MQJMH,NPLH,,no complement,no complement,,,,,,,,,,,qal,perf,,,,,,,,,
296582,BW>[,MT,Amos,5,5,TB>W,W >L TDRCW BJT_>L W H GLGL L> TB>W W B>R CB< L> T<BRW KJ H GLGL GLH JGLH W BJT_>L JHJH L >WN,W H GLGL L> TB>W,,H GLGL,H GLGL===/,,0,vc,topo,inanim,det,nmpr,simple,,,qal,impf,,,,,,,,,
296587,<BR[,MT,Amos,5,5,T<BRW,W >L TDRCW BJT_>L W H GLGL L> TB>W W B>R CB< L> T<BRW KJ H GLGL GLH JGLH W BJT_>L JHJH L >WN,W B>R CB< L> T<BRW,,B>R CB<,B>R/ CB<==/,,0,vc,topo,inanim,det,subs,complex,,,qal,impf,,,,,,,,,
296592,GLH[,MT,Amos,5,5,JGLH,W >L TDRCW BJT_>L W H GLGL L> TB>W W B>R CB< L> T<BRW KJ H GLGL GLH JGLH W BJT_>L JHJH L >WN,KJ H GLGL GLH JGLH,H GLGL,no complement,no complement,,,,,,,,,,,qal,impf,,,,,,,,,
296627,NWX[,MT,Amos,5,7,HNJXW,H HPKJM L L<NH MCPV W YDQH L >RY HNJXW,W YDQH L >RY HNJXW,,L >RY,L H >RY/,,0,prep,,,det,subs,simple,,,hif,perf,,,L,,,,,,
296665,BW>[,MT,Amos,5,9,JBW>,H MBLJG CD <L <Z W CD <L MBYR JBW>,W CD <L MBYR JBW>,CD,<L MBYR,<L MBYR/,,0,prep,,,und,subs,simple,,,qal,impf,,,<L,,,,,,
2044486,BW>[,4Q82,Amos,5,9,JBW>,CD <L <Z W CD <L MBYR JBW>,None,None,,,,,,,,,,,0,,qal,impf,,,,,,,,,
296799,<BR[,MT,Amos,5,17,><BR,W B KL KRMJM MSPD KJ ><BR B QRBK >MR JHWH,KJ ><BR B QRBK,,B QRBK,B QRB/,,0,prep,,,det,subs,complex,,,qal,impf,,,B,,,,,,
2044626,<BR[,4Q82,Amos,5,17,><BR,W B KL KRMJM MSPD KJ ><BR B QRBK >MR JHWH,KJ ><BR B QRBK,,B QRBK,,,0,,,,,,,0,,qal,impf,,,B,,,,,,
296833,BW>[,MT,Amos,5,19,B>,K >CR JNWS >JC M PNJ H >RJ W PG<W H DB W B> H BJT W SMK JDW <L H QJR W NCKW H NXC,W B> H BJT,,H BJT,H BJT/,,0,vc,,,det,subs,simple,,,qal,perf,,,,,,,,,
296870,<LH[,MT,Amos,5,22,T<LW,KJ >M T<LW LJ <LWT W MNXTJKM L> >RYH W CLM MRJ>JKM L> >BJV,>M T<LW LJ <LWT W MNXTJKM,,LJ,L,,0,prep,prsf,,det,prsf,simple,,,hif,impf,,,L,,,,,,
296882,SWR[,MT,Amos,5,23,HSR,HSR M <LJ HMWN CRJK W ZMRT NBLJK L> >CM<,HSR M <LJ HMWN CRJK,,M <LJ,MN <L,,0,prep + prep,,,det,,simple,,,hif,impv,,,MN,<L,,,,,
296893,GLL[,MT,Amos,5,24,JGL,W JGL K MJM MCPV W YDQH K NXL >JTN,W JGL K MJM MCPV,MCPV,no complement,no complement,,,,,,,,,,,nif,impf,,,,,,,,,
296907,NGC[,MT,Amos,5,25,HGCTM,H ZBXJM W MNXH HGCTM LJ B MDBR >RB<JM CNH BJT JFR>L,H ZBXJM W MNXH HGCTM LJ B MDBR >RB<JM CNH,,LJ,L,,0,prep,prsf,,det,prsf,simple,,,hif,perf,,,L,,,,,,
296931,GLH[,MT,Amos,5,27,HGLJTJ,W HGLJTJ >TKM M HL>H L DMFQ >MR JHWH >LHJ YB>WT CMW,W HGLJTJ >TKM M HL>H L DMFQ,,M HL>H L DMFQ,MN HL>H L DMFQ/,,0,prep + prep,topo,inanim,,nmpr,complex,,,hif,perf,,,MN,L,,,,,
296958,BW>[,MT,Amos,6,1,B>W,HWJ H C>NNJM B YJWN W H BVXJM B HR CMRWN NQBJ R>CJT H GWJM W B>W LHM BJT JFR>L,W B>W LHM BJT JFR>L,BJT JFR>L,LHM,L,,0,prep,prsf,,det,prsf,simple,,,qal,perf,,,L,,,,,,
2044653,BW>[,4Q82,Amos,6,1,B>W,R>CJT H GWJM W B>W LHM BJT JFR>L,None,None,,,,,,,,,,,0,,qal,perf,,,,,,,,,
296962,<BR[,MT,Amos,6,2,<BRW,<BRW KLNH W R>W W LKW M CM XMT RBH W RDW GT PLCTJM H VWBJM MN H MMLKWT H >LH >M RB GBWLM M GBLKM,<BRW KLNH,,KLNH,KLNH/,,0,vc,topo,inanim,det,nmpr,simple,,,qal,impv,,,,,,,,,
296967,HLK[,MT,Amos,6,2,LKW,<BRW KLNH W R>W W LKW M CM XMT RBH W RDW GT PLCTJM H VWBJM MN H MMLKWT H >LH >M RB GBWLM M GBLKM,W LKW M CM XMT RBH,,XMT RBH,XMT=/ RB/,,0,vc,topo,inanim,det,nmpr,complex,,,qal,impv,,,,,,,,,
296973,JRD[,MT,Amos,6,2,RDW,<BRW KLNH W R>W W LKW M CM XMT RBH W RDW GT PLCTJM H VWBJM MN H MMLKWT H >LH >M RB GBWLM M GBLKM,W RDW GT PLCTJM,,GT PLCTJM,GT=/ PLCTJ/,,0,vc,topo,inanim,det,nmpr,complex,,,qal,impv,,,,,,,,,
2044658,<BR[,4Q82,Amos,6,2,<BRW,<BRW KLNH W R>W XMT RBH W RDW GT PLCTJM H VWBJM MN H MMLKWT H >LH >M RB GBWLM M GBLKM,None,None,,,,,,,,,,,0,,qal,impv,,,,,,,,,
2044667,JRD[,4Q82,Amos,6,2,RDW,<BRW KLNH W R>W XMT RBH W RDW GT PLCTJM H VWBJM MN H MMLKWT H >LH >M RB GBWLM M GBLKM,None,None,,,,,,,,,,,0,,qal,impv,,,,,,,,,
296994,NGC[,MT,Amos,6,3,TGJCWN,H MNDJM L JWM R< W TGJCWN CBT XMS,W TGJCWN CBT XMS,,no complement,no complement,,,,,,,,,,,hif,wayq,,,,,,,,,
2044689,NGC[,4Q82,Amos,6,3,TGJCWN,H MNDJM L JWM R< W TGJCWN,None,None,,,,,,,,,,,0,,hif,wayq,,,,,,,,,
297045,GLH[,MT,Amos,6,7,JGLW,LKN <TH JGLW B R>C GLJM W SR MRZX SRWXJM,<TH JGLW B R>C GLJM,,no complement,no complement,,,,,,,,,,,qal,impf,,,,,,,,,
297050,SWR[,MT,Amos,6,7,SR,LKN <TH JGLW B R>C GLJM W SR MRZX SRWXJM,W SR MRZX SRWXJM,MRZX SRWXJM,no complement,no complement,,,,,,,,,,,qal,perf,,,,,,,,,
2044746,GLH[,4Q82,Amos,6,7,JGLW,L KN <TH JGLW B R>C GLJM W SR MRZX SRWXJM,None,None,,,,,,,,,,,0,,qal,impf,,,,,,,,,
2044749,GLH[,4Q82,Amos,6,7,GLJM,L KN <TH JGLW B R>C GLJM W SR MRZX SRWXJM,None,None,,,,,,,,,,,0,,qal,ptca,,,,,,,,,
2044751,SWR[,4Q82,Amos,6,7,SR,L KN <TH JGLW B R>C GLJM W SR MRZX SRWXJM,None,None,,,,,,,,,,,0,,qal,perf,,,,,,,,,
297139,RWY[,MT,Amos,6,12,JRYWN,H JRYWN B SL< SWSJM >M JXRWC B BQRJM KJ HPKTM L R>C MCPV W PRJ YDQH L L<NH,H JRYWN B SL< SWSJM,SWSJM,B SL<,B H SL</,,0,prep,,,det,subs,simple,,,qal,impf,,,B,,,,,,
2044847,RWY[,4Q82,Amos,6,12,JRYWN,H JRYWN B SL< SWSJM >M JXRWC B BQRJM KJ HPKTM L R>C MCPV W PRJ YDQH L L<NH,None,None,,,,,,,,,,,0,,qal,impf,,,,,,,,,
297189,BW>[,MT,Amos,6,14,BW>,KJ HNNJ MQJM <LJKM BJT JFR>L N>M JHWH >LHJ H YB>WT GWJ W LXYW >TKM M L BW> XMT <D NXL H <RBH,M L BW> XMT,,XMT,XMT=/,,0,vc,topo,inanim,det,nmpr,simple,,,qal,infc,,,,,,,,,
2044897,BW>[,4Q82,Amos,6,14,BW>,M N>M JHWH >LHJ H YB>WT GWJ W LXYW >TKM M L BW> XMT <D NXL H <RBH,None,None,,,,,,,,,,,0,,qal,infc,,,,,,,,,
2039774,BW>[,4Q78,Amos,6,14,BW>,KJ HNNJ MQJM <LJKM BJT JFR>L NW>M JHWH >LHJ H YB>WT GWJ W LXYW >TKM M L BW> XMT <D NXL H <RBH,M L BW> XMT,,XMT,,,0,,,,,,,0,,qal,infc,,,,,,,,,
297205,<LH[,MT,Amos,7,1,<LWT,KH HR>NJ >DNJ JHWH W HNH JWYR GBJ B TXLT <LWT H LQC W HNH LQC >XR GZJ H MLK,<LWT H LQC,H LQC,no complement,no complement,,,,,,,,,,,qal,infc,,,,,,,,,
2044914,<LH[,4Q82,Amos,7,1,<LWT,KH HR>NJ >DWNJ JHWH W HNH JWYR GBJ B TXLT <LWT H LQC W HNH LQC,None,None,,,,,,,,,,,0,,qal,infc,,,,,,,,,
2092380,<BR[,Mur88,Amos,7,8,<BWR,W J>MR JHWH >LJ MH >TH R>H <MWS W >MR >NK W J>MR >DNJ HNNJ FM >NK B QRB <MJ JFR>L L> >WSJP <WD <BWR LW,<BWR LW,,LW,,,0,,,,,,,0,,qal,infc,,,L,,,,,,
297329,<BR[,MT,Amos,7,8,<BWR,W J>MR JHWH >LJ MH >TH R>H <MWS W >MR >NK W J>MR >DNJ HNNJ FM >NK B QRB <MJ JFR>L L> >WSJP <WD <BWR LW,<BWR LW,,LW,L,,0,prep,prsf,,det,prsf,simple,,,qal,infc,,,L,,,,,,
2044960,<BR[,4Q82,Amos,7,8,<BWR,W J>MR >DWNJ JHWH >LJ MH >TH RW>H <MWS W >MR >NK W J>MR JHWH HNNJ FM >NK B QRB <MJ JFR>L LW> >WSJP <WD <BWR LW,None,None,,,,,,,,,,,0,,qal,infc,,,,,,,,,
2092438,GLH[,Mur88,Amos,7,11,GLH,KJ KH >MR <MWS B XRB JMWT JRB<M W JFR>L GLH JGLH M <L >DMTW,None,None,,,,,,,,,,,0,,qal,infa,,,,,,,,,
2092439,GLH[,Mur88,Amos,7,11,JGLH,KJ KH >MR <MWS B XRB JMWT JRB<M W JFR>L GLH JGLH M <L >DMTW,None,None,,,,,,,,,,,0,,qal,impf,,,,,,,,,
297386,GLH[,MT,Amos,7,11,JGLH,KJ KH >MR <MWS B XRB JMWT JRB<M W JFR>L GLH JGLH M <L >DMTW,W JFR>L GLH JGLH M <L >DMTW,JFR>L,M <L >DMTW,MN <L >DMH/,,0,prep + prep,,,det,subs,complex,,,qal,impf,,,MN,<L,,,,,
2045018,GLH[,4Q82,Amos,7,11,GLH,KJ KH >MR <MWS B XRB JMWT JRB<M W JFR>L GLH JGLH M <L >DMTW,None,None,,,,,,,,,,,0,,qal,infa,,,,,,,,,
2045019,GLH[,4Q82,Amos,7,11,JGLH,KJ KH >MR <MWS B XRB JMWT JRB<M W JFR>L GLH JGLH M <L >DMTW,None,None,,,,,,,,,,,0,,qal,impf,,,,,,,,,
2092451,BRX[,Mur88,Amos,7,12,BRX,W J>MR >MYJH >L <MWS XZH LK BRX LK >L >RY JHWDH W >KL CM LXM W CM TNB>,BRX LK >L >RY JHWDH,,>L >RY JHWDH,,,0,,,,,,,0,,qal,impv,,,>L,,,,,,
297396,HLK[,MT,Amos,7,12,LK,W J>MR >MYJH >L <MWS XZH LK BRX LK >L >RY JHWDH W >KL CM LXM W CM TNB>,LK,,no complement,no complement,,,,,,,,,,,qal,impv,,,,,,,,,
297397,BRX[,MT,Amos,7,12,BRX,W J>MR >MYJH >L <MWS XZH LK BRX LK >L >RY JHWDH W >KL CM LXM W CM TNB>,BRX LK >L >RY JHWDH,,>L >RY JHWDH,>L >RY/ JHWDH/,,0,prep,"pers,gens,topo",,det,subs,complex,,,qal,impv,,,>L,,,,,,
2045031,BRX[,4Q82,Amos,7,12,BRX,W J>MR >MYJH >L <MWS XZH LK BRX LKH >L >RY JHWDH W >KL CM LXM W CM TNB>,BRX LKH >L >RY JHWDH,,>L >RY JHWDH,,,0,,,,,,,0,,qal,impv,,,>L,,,,,,
2039964,BRX[,4Q78,Amos,7,12,BRX,W J>MR >MYJH >L <MWS XZH LK BRX LK >L >RY JHWDH W >KL CM LXM W CM TNB>,BRX LK >L >RY JHWDH,,>L >RY JHWDH,,,0,,,,,,,0,,qal,impv,,,>L,,,,,,
2092514,HLK[,Mur88,Amos,7,15,LK,W JQXNJ JHWH M >XRJ H Y>N W J>MR >LJ JHWH LK HNB> <L <MJ JFR>L,None,None,,,,,,,,,,,0,,qal,impv,,,,,,,,,
297456,HLK[,MT,Amos,7,15,LK,W JQXNJ JHWH M >XRJ H Y>N W J>MR >LJ JHWH LK HNB> >L <MJ JFR>L,LK,,no complement,no complement,,,,,,,,,,,qal,impv,,,,,,,,,
2045096,HLK[,4Q82,Amos,7,15,LK,W JQXNJ JHWH M >XRJ H Y>N W J>MR JHWH LK HNBJH >L <MJ JFR>L,None,None,,,,,,,,,,,0,,qal,impv,,,,,,,,,
2092533,NVP[,Mur88,Amos,7,16,TVJP,W <TH CM< DBR JHWH >TH >MR L> TNB> <L JFR>L W L> TVJP <WD BJT JFXQ,None,None,,,,,,,,,,,0,,hif,impf,,,,,,,,,
297474,NVP[,MT,Amos,7,16,TVJP,W <TH CM< DBR JHWH >TH >MR L> TNB> <L JFR>L W L> TVJP <L BJT JFXQ,W L> TVJP <L BJT JFXQ,,<L BJT JFXQ,<L BJT/ JFXQ/,,0,prep,pers,anim,det,subs,complex,,,hif,impf,,,<L,,,,,,
2045115,NVP[,4Q82,Amos,7,16,TVJP,W <TH CM< DBR JHWH >TH >MR L> TNB> <L JFR>L W L> TVJP <L BJT JFXQ,W L> TVJP <L BJT JFXQ,,<L BJT JFXQ,,,0,,,,,,,0,,hif,impf,,,<L,,,,,,
2092553,NPL[,Mur88,Amos,7,17,JPLW,L KN KH >MR JHWH >CTK B <JR TZNH W BNJK W BNWTJK B XRB JPLW W >DMTK B XBL TXLQ W >TH <L >DMH VM>H TMWT W JFR>L GLH JGLH M <L >DMTW,None,None,,,,,,,,,,,0,,qal,impf,,,,,,,,,
2092567,GLH[,Mur88,Amos,7,17,GLH,L KN KH >MR JHWH >CTK B <JR TZNH W BNJK W BNWTJK B XRB JPLW W >DMTK B XBL TXLQ W >TH <L >DMH VM>H TMWT W JFR>L GLH JGLH M <L >DMTW,None,None,,,,,,,,,,,0,,qal,infa,,,,,,,,,
2092568,GLH[,Mur88,Amos,7,17,JGLH,L KN KH >MR JHWH >CTK B <JR TZNH W BNJK W BNWTJK B XRB JPLW W >DMTK B XBL TXLQ W >TH <L >DMH VM>H TMWT W JFR>L GLH JGLH M <L >DMTW,None,None,,,,,,,,,,,0,,qal,impf,,,,,,,,,
297494,NPL[,MT,Amos,7,17,JPLW,LKN KH >MR JHWH >CTK B <JR TZNH W BNJK W BNTJK B XRB JPLW W >DMTK B XBL TXLQ W >TH <L >DMH VM>H TMWT W JFR>L GLH JGLH M <L >DMTW,W BNJK W BNTJK B XRB JPLW,BNJK W BNTJK,no complement,no complement,,,,,,,,,,,qal,impf,,,,,,,,,
297510,GLH[,MT,Amos,7,17,JGLH,LKN KH >MR JHWH >CTK B <JR TZNH W BNJK W BNTJK B XRB JPLW W >DMTK B XBL TXLQ W >TH <L >DMH VM>H TMWT W JFR>L GLH JGLH M <L >DMTW,W JFR>L GLH JGLH M <L >DMTW,JFR>L,M <L >DMTW,MN <L >DMH/,,0,prep + prep,,,det,subs,complex,,,qal,impf,,,MN,<L,,,,,
2045136,NPL[,4Q82,Amos,7,17,JPLW,L KN KH >MR >DNJ JHWH >CTKH B <JR TZNH W BNJK W BNTJK B XRB JPLW W >DMTKH B XBL TXLQ W >TH <L >DMH VM>H TMWT W JFR>L GLH JGLH M <L >DMTW,None,None,,,,,,,,,,,0,,qal,impf,,,,,,,,,
2045150,GLH[,4Q82,Amos,7,17,GLH,L KN KH >MR >DNJ JHWH >CTKH B <JR TZNH W BNJK W BNTJK B XRB JPLW W >DMTKH B XBL TXLQ W >TH <L >DMH VM>H TMWT W JFR>L GLH JGLH M <L >DMTW,None,None,,,,,,,,,,,0,,qal,infa,,,,,,,,,
2045151,GLH[,4Q82,Amos,7,17,JGLH,L KN KH >MR >DNJ JHWH >CTKH B <JR TZNH W BNJK W BNTJK B XRB JPLW W >DMTKH B XBL TXLQ W >TH <L >DMH VM>H TMWT W JFR>L GLH JGLH M <L >DMTW,None,None,,,,,,,,,,,0,,qal,impf,,,,,,,,,
2092595,BW>[,Mur88,Amos,8,2,B>,W J>MR MH >TH R>H <MWS W >MR KLWB QJY B> H QY >L <MJ JFR>L L> >WSJP <WD <BWR LW,None,None,,,,,,,,,,,0,,qal,perf,,,,,,,,,
2092604,<BR[,Mur88,Amos,8,2,<BWR,W J>MR MH >TH R>H <MWS W >MR KLWB QJY B> H QY >L <MJ JFR>L L> >WSJP <WD <BWR LW,None,None,,,,,,,,,,,0,,qal,infc,,,,,,,,,
297536,BW>[,MT,Amos,8,2,B>,W J>MR MH >TH R>H <MWS W >MR KLWB QJY W J>MR JHWH >LJ B> H QY >L <MJ JFR>L L> >WSJP <WD <BWR LW,B> H QY >L <MJ JFR>L,H QY,>L <MJ JFR>L,>L <M/ JFR>L/,,0,prep,"pers,gens,topo",,det,subs,complex,,,qal,perf,,,>L,,,,,,
297545,<BR[,MT,Amos,8,2,<BWR,W J>MR MH >TH R>H <MWS W >MR KLWB QJY W J>MR JHWH >LJ B> H QY >L <MJ JFR>L L> >WSJP <WD <BWR LW,<BWR LW,,LW,L,,0,prep,prsf,,det,prsf,simple,,,qal,infc,,,L,,,,,,
2045179,BW>[,4Q82,Amos,8,2,B>,W J>MR MH >TH R>H <MWS W >MR KLWB QJY W J>MR JHWH >LJ B> H QY >L <MJ JFR>L L> >WSJP <WD <BWR LW,B> H QY >L <MJ JFR>L,H QY,>L <MJ JFR>L,,,0,,,,,,,0,,qal,perf,,,>L,,,,,,
2045188,<BR[,4Q82,Amos,8,2,<BWR,W J>MR MH >TH R>H <MWS W >MR KLWB QJY W J>MR JHWH >LJ B> H QY >L <MJ JFR>L L> >WSJP <WD <BWR LW,<BWR LW,,LW,,,0,,,,,,,0,,qal,infc,,,L,,,,,,
297580,<BR[,MT,Amos,8,5,J<BR,L >MR MTJ J<BR H XDC W NCBJRH CBR W H CBT W NPTXH BR L HQVJN >JPH W L HGDJL CQL W L <WT M>ZNJ MRMH,MTJ J<BR H XDC,H XDC,no complement,no complement,,,,,,,,,,,qal,impf,,,,,,,,,
2045228,<BR[,4Q82,Amos,8,5,J<BR,L >MR MTJ J<BR H XDC W NCBJM CBR W H CBT W NPTXH BR,None,None,,,,,,,,,,,0,,qal,impf,,,,,,,,,
297643,<LH[,MT,Amos,8,8,<LTH,H <L Z>T L> TRGZ H >RY W >BL KL JWCB BH W <LTH K >R KLH W NGRCH W NCQH K J>WR MYRJM,W <LTH K >R KLH,KLH,no complement,no complement,,,,,,,,,,,qal,perf,,,,,,,,,
297666,BW>[,MT,Amos,8,9,HB>TJ,W HJH B JWM H HW> N>M >DNJ JHWH W HB>TJ H CMC B YHRJM W HXCKTJ L >RY B JWM >WR,W HB>TJ H CMC B YHRJM,,no complement,no complement,,,,,,,,,,,hif,perf,,,,,,,,,
297691,<LH[,MT,Amos,8,10,H<LJTJ,W HPKTJ XGJKM L >BL W KL CJRJKM L QJNH W H<LJTJ <L KL MTNJM FQ W <L KL R>C QRXH W FMTJH K >BL JXJD W >XRJTH K JWM MR,W H<LJTJ <L KL MTNJM FQ,,<L KL MTNJM,<L KL/ MTNJM/,,0,prep,,,und,subs,complex,,,hif,perf,,,<L,,,,,,
297794,NPL[,MT,Amos,8,14,NPLW,H NCB<JM B >CMT CMRWN W >MRW XJ >LHJK DN W XJ DRK B>R CB< W NPLW W L> JQWMW <WD,W NPLW,,no complement,no complement,,,,,,,,,,,qal,perf,,,,,,,,,
2092806,NWS[,Mur88,Amos,9,1,JNWS,R>JTJ >T >DNJ NYB <L H MZBX W J>MR HK H KPTWR W JR<CW H SPJM W BY<M B R>C KLM W >XRJTM B XRB >HRG L> JNWS LHM NS W L> JMLV LHM PLJV,None,None,,,,,,,,,,,0,,qal,impf,,,,,,,,,
2092808,NWS[,Mur88,Amos,9,1,NS,R>JTJ >T >DNJ NYB <L H MZBX W J>MR HK H KPTWR W JR<CW H SPJM W BY<M B R>C KLM W >XRJTM B XRB >HRG L> JNWS LHM NS W L> JMLV LHM PLJV,None,None,,,,,,,,,,,0,,qal,ptca,,,,,,,,,
297827,NWS[,MT,Amos,9,1,JNWS,R>JTJ >T >DNJ NYB <L H MZBX W J>MR HK H KPTWR W JR<CW H SPJM W BY<M B R>C KLM W >XRJTM B XRB >HRG L> JNWS LHM NS W L> JMLV LHM PLJV,L> JNWS LHM NS,NS,no complement,no complement,,,,,,,,,,,qal,impf,,,,,,,,,
2045349,NWS[,4Q82,Amos,9,1,JNWS,R>JTJ >T >DWNJ NYB <L H MZBX W J>MR HK H KPTR W JR<CW H SPJM W BY<M B R>C KLM W >XRJTM B XRB >HRG L> JNWS LHM NS W L> JMLV,None,None,,,,,,,,,,,0,,qal,impf,,,,,,,,,
2045351,NWS[,4Q82,Amos,9,1,NS,R>JTJ >T >DWNJ NYB <L H MZBX W J>MR HK H KPTR W JR<CW H SPJM W BY<M B R>C KLM W >XRJTM B XRB >HRG L> JNWS LHM NS W L> JMLV,None,None,,,,,,,,,,,0,,qal,ptca,,,,,,,,,
2092825,<LH[,Mur88,Amos,9,2,J<LW,>M JXTRW B C>WL M CM JDJ TQXM W >M J<LW H CMJM M CM >WRJDM,W >M J<LW H CMJM,,H CMJM,,,0,,,,,,,0,,qal,impf,,,,,,,,,
297845,<LH[,MT,Amos,9,2,J<LW,>M JXTRW B C>WL M CM JDJ TQXM W >M J<LW H CMJM M CM >WRJDM,W >M J<LW H CMJM,,H CMJM,H CMJM/,,0,vc,,,det,subs,simple,,,qal,impf,,,,,,,,,
2092865,HLK[,Mur88,Amos,9,4,JLKW,W >M JLKW B CBJ L PNJ >JBJHM M CM >YWH >T H XRB W HRGTM W FMTJ <JNJ <LJHM L R<H W L> L VWBH,None,None,,,,,,,,,,,0,,qal,impf,,,,,,,,,
297883,HLK[,MT,Amos,9,4,JLKW,W >M JLKW B CBJ L PNJ >JBJHM M CM >YWH >T H XRB W HRGTM W FMTJ <JNJ <LJHM L R<H W L> L VWBH,W >M JLKW B CBJ L PNJ >JBJHM,,B CBJ,B H CBJ/,,0,prep,,,det,subs,simple,,,qal,impf,,,B,,,,,,
2092907,<LH[,Mur88,Amos,9,5,<LTH,W >DNJ JHWH H YB>WT H NWG< B >RY W TMWG W >BL KL JWCB BH W <LTH K J>R KLH W CQ<H K J>R MYRJM,None,None,,,,,,,,,,,0,,qal,perf,,,,,,,,,
297926,<LH[,MT,Amos,9,5,<LTH,W >DNJ JHWH H YB>WT H NWG< B >RY W TMWG W >BLW KL JWCBJ BH W <LTH K J>R KLH W CQ<H K J>R MYRJM,W <LTH K J>R KLH,KLH,no complement,no complement,,,,,,,,,,,qal,perf,,,,,,,,,
2045368,<LH[,4Q82,Amos,9,5,<LTH,H NWG< B >RY W TMWG W >BLW KL JWCBJ BH W <LTH K J>R KLH W CQ<H K J>R MYRJM,None,None,,,,,,,,,,,0,,qal,perf,,,,,,,,,
2093017,NPL[,Mur88,Amos,9,9,JPWL,KJ HNH >NKJ MYWH W HN<WTJ B KL H GWJM >T BJT JFR>L K >CR JNW< B KBRH W L> JPWL YRWR >RY,None,None,,,,,,,,,,,0,,qal,impf,,,,,,,,,
298036,NPL[,MT,Amos,9,9,JPWL,KJ HNH >NKJ MYWH W HN<WTJ B KL H GWJM >T BJT JFR>L K >CR JNW< B KBRH W L> JPWL YRWR >RY,W L> JPWL YRWR >RY,YRWR,>RY,>RY/,,0,vc,,,und,subs,simple,,,qal,impf,,,,,,,,,
2093030,NGC[,Mur88,Amos,9,10,TGJC,B XRB JMWTW KL XV>J <MJ H >MRJM L> TGJC W TQDJM B<DJNW H R<H,None,None,,,,,,,,,,,0,,hif,impf,,,,,,,,,
298049,NGC[,MT,Amos,9,10,TGJC,B XRB JMWTW KL XV>J <MJ H >MRJM L> TGJC W TQDJM B<DJNW H R<H,L> TGJC,,no complement,no complement,,,,,,,,,,,hif,impf,,,,,,,,,
2093046,NPL[,Mur88,Amos,9,11,NPLT,B JWM H HW> >QJM >T SKT DWJD H NPLT W GDRTJ >T PRYJHN W HRSTJW >QJM W BNJTJH K JMJ <WLM,None,None,,,,,,,,,,,0,,qal,ptca,,,,,,,,,
2093080,BW>[,Mur88,Amos,9,13,B>JM,HNH JMJM B>JM N>M JHWH W NGC XWRC B QYR W DRK <NBJM B MCK H ZR< W HVJPW H HRJM <SJS W KL H GB<WT TTMWGGNH,None,None,,,,,,,,,,,0,,qal,ptca,,,,,,,,,
2093084,NGC[,Mur88,Amos,9,13,NGC,HNH JMJM B>JM N>M JHWH W NGC XWRC B QYR W DRK <NBJM B MCK H ZR< W HVJPW H HRJM <SJS W KL H GB<WT TTMWGGNH,None,None,,,,,,,,,,,0,,nif,perf,,,,,,,,,
2093096,NVP[,Mur88,Amos,9,13,HVJPW,HNH JMJM B>JM N>M JHWH W NGC XWRC B QYR W DRK <NBJM B MCK H ZR< W HVJPW H HRJM <SJS W KL H GB<WT TTMWGGNH,None,None,,,,,,,,,,,0,,hif,perf,,,,,,,,,
298101,NGC[,MT,Amos,9,13,NGC,HNH JMJM B>JM N>M JHWH W NGC XWRC B QYR W DRK <NBJM B MCK H ZR< W HVJPW H HRJM <SJS W KL H GB<WT TTMWGGNH,W NGC XWRC B QYR,XWRC,B QYR,B H QYR=[,,0,prep,,,det,,simple,,,nif,perf,,,B,,,,,,
298114,NVP[,MT,Amos,9,13,HVJPW,HNH JMJM B>JM N>M JHWH W NGC XWRC B QYR W DRK <NBJM B MCK H ZR< W HVJPW H HRJM <SJS W KL H GB<WT TTMWGGNH,W HVJPW H HRJM <SJS,H HRJM,no complement,no complement,,,,,,,,,,,hif,perf,,,,,,,,,
