verb_id,lex,scroll,book,chapter,verse_num,gcons_verb,gcons_verse,stem,tense,gcons_clause,subject,complement,cmpl_lex,cmpl_translation,dir_he,cmpl_constr,cmpl_anim,cmpl_det,cmpl_indiv,cmpl_complex,motion_type,preposition_1,preposition_2,preposition_3,preposition_4,comments,reconstructed_verse,spatial_arg_type
28771,BW>[,MT,Exodus,1,1,B>JM,W >LH CMWT BNJ JFR>L H B>JM MYRJMH >T J<QB >JC W BJTW B>W,qal,ptca,H B>JM MYRJMH >T J<QB,,MYRJMH,MYRJM/,to Egypt,1.0,dir_he,inanim,det,nmpr,simple,factive,,,,,,,goal
28771,,LXX,Exodus,1,1,,,,,,,,,,,,inanim,,,,,,,,,,,
28778,BW>[,MT,Exodus,1,1,B>W,W >LH CMWT BNJ JFR>L H B>JM MYRJMH >T J<QB >JC W BJTW B>W,qal,perf,>JC W BJTW B>W,>JC W BJTW,no complement,no complement,,,,,,,,,,,,,,,
28778,,LXX,Exodus,1,1,,,,,,,,,,,,,,,,,,,,,,,
29061,BW>[,MT,Exodus,1,19,TBW>,W T>MRN H MJLDT >L PR<H KJ L> K NCJM H MYRJT H <BRJT KJ XJWT HNH B VRM TBW> >LHN H MJLDT W JLDW,qal,impf,B VRM TBW> >LHN H MJLDT,H MJLDT,>LHN,>L,to them (the Hebrew women),0.0,prep,anim,det,prsf,simple,factive,>L,,,,,,goal
29061,,LXX,Exodus,1,19,,,,,,,,,,,,anim,,,,,,,,,,,
33790,BW>[,MT,Exodus,10,1,B>,W J>MR JHWH >L MCH B> >L PR<H KJ >NJ HKBDTJ >T LBW W >T LB <BDJW LM<N CTJ >TTJ >LH B QRBW,qal,impv,B> >L PR<H,,>L PR<H,>L PR<H/,to Pharaoh,0.0,prep,anim,det,subs,simple,factive,>L,,,,,,goal
33790,,LXX,Exodus,10,1,,,,,,,,,,,,anim,,,,,,,,,,,
33834,BW>[,MT,Exodus,10,3,JB>,W JB> MCH W >HRN >L PR<H W J>MRW >LJW KH >MR JHWH >LHJ H <BRJM <D MTJ M>NT L <NT M PNJ CLX <MJ W J<BDNJ,qal,wayq,W JB> MCH W >HRN >L PR<H,MCH W >HRN,>L PR<H,>L PR<H/,to Pharaoh,0.0,prep,anim,det,subs,simple,factive,>L,,,,,,goal
33834,,LXX,Exodus,10,3,,,,,,,,,,,,anim,,,,,,,,,,,
33869,BW>[,MT,Exodus,10,4,MBJ>,KJ >M M>N >TH L CLX >T <MJ HNNJ MBJ> MXR >RBH B GBLK,hif,ptca,KJ HNNJ MBJ> MXR >RBH B GBLK,,no complement,no complement,,,,,,,,,,,,,B GBLK locative in database,,
33869,,LXX,Exodus,10,4,,,,,,,,,,,,,,,,,,,,,,,
34407,BW>[,MT,Exodus,10,26,B>NW,W GM MQNNW JLK <MNW L> TC>R PRSH KJ MMNW NQX L <BD >T JHWH >LHJNW W >NXNW L> ND< MH N<BD >T JHWH <D B>NW CMH,qal,infc,<D B>NW CMH,,CMH,CM,there,1.0,dir_he,inanim,det,adv,simple,factive,,,,,,,goal
34407,,LXX,Exodus,10,26,,,,,,,,,,,,inanim,,,,,,,,,,,
34457,BW>[,MT,Exodus,11,1,>BJ>,W J>MR JHWH >L MCH <WD NG< >XD >BJ> <L PR<H W <L MYRJM >XRJ KN JCLX >TKM M ZH K CLXW KLH GRC JGRC >TKM M ZH,hif,impf,<WD NG< >XD >BJ> <L PR<H W <L MYRJM,,<L PR<H W <L MYRJM,<L PR<H/ W <L MYRJM/,upon Pharaoh and upon Egypt,0.0,prep + prep,anim inanim,det,subs,complex,factive fictive,<L,<L,,,,,
34457,,LXX,Exodus,11,1,,,,,,,,,,,,anim inanim,,,,,,,,,,,
35241,BW>[,MT,Exodus,12,23,B>,W <BR JHWH L NGP >T MYRJM W R>H >T H DM <L H MCQWP W <L CTJ H MZWZT W PSX JHWH <L H PTX W L> JTN H MCXJT L B> >L BTJKM L NGP,qal,infc,L B> >L BTJKM,,>L BTJKM,>L BJT/,in your houses,0.0,prep,inanim,det,subs,complex,factive,>L,,,,,,goal
35241,,LXX,Exodus,12,23,,,,,,,,,,,,inanim,,,,,,,,,,,
35264,BW>[,MT,Exodus,12,25,TB>W,W HJH KJ TB>W >L H >RY >CR JTN JHWH LKM K >CR DBR W CMRTM >T H <BDH H Z>T,qal,impf,KJ TB>W >L H >RY,,>L H >RY,>L H >RY/,into the land,0.0,prep,inanim,det,subs,simple,factive,>L,,,,,,goal
35264,,LXX,Exodus,12,25,,,,,,,,,,,,inanim,,,,,,,,,,,
35832,BW>[,MT,Exodus,13,5,JBJ>K,W HJH KJ JBJ>K JHWH >L >RY H KN<NJ W H XTJ W H >MRJ W H XWJ W H JBWSJ >CR NCB< L >BTJK L TT LK >RY ZBT XLB W DBC W <BDT >T H <BDH H Z>T B XDC H ZH,hif,impf,KJ JBJ>K JHWH >L >RY H KN<NJ W H XTJ W H >MRJ W H XWJ W H JBWSJ >RY ZBT XLB W DBC,JHWH,>L >RY H KN<NJ W H XTJ W H >MRJ W H XWJ W H JBWSJ >RY ZBT XLB W DBC,>L >RY/ H KN<NJ/ W H XTJ/ W H >MRJ/ W H XWJ/ W H JBWSJ/ >RY/ ZWB[ XLB/ W DBC/,"into the land of the Canaanites, and the Hittites, and the Amorites, and the Hivites, and the Jebusites, a land flowing with milk and honey",0.0,prep,inanim,det,subs,complex,factive,>L,,,,,,goal
35832,,LXX,Exodus,13,5,,,,,,,,,,,,inanim,,,,,,,,,,,
35968,BW>[,MT,Exodus,13,11,JB>K,W HJH KJ JB>K JHWH >L >RY H KN<NJ K >CR NCB< LK W L >BTJK W NTNH LK,hif,impf,KJ JB>K JHWH >L >RY H KN<NJ,JHWH,>L >RY H KN<NJ,>L >RY/ H KN<NJ/,in the land of the Canaanites,0.0,prep,inanim,det,subs,complex,factive,>L,,,,,,goal
35968,,LXX,Exodus,13,11,,,,,,,,,,,,inanim,,,,,,,,,,,
36545,BW>[,MT,Exodus,14,16,JB>W,W >TH HRM >T MVK W NVH >T JDK <L H JM W BQ<HW W JB>W BNJ JFR>L B TWK H JM B JBCH,qal,impf,W JB>W BNJ JFR>L B TWK H JM B JBCH,BNJ JFR>L,B TWK H JM,B TWK/ H JM/,in/through the midst of the sea,0.0,prep,inanim,det,subs,complex,factive,B,,,,,,trajectory
36545,,LXX,Exodus,14,16,,,,,,,,,,,,inanim,,,,,,,,,,,
36563,BW>[,MT,Exodus,14,17,JB>W,W >NJ HNNJ MXZQ >T LB MYRJM W JB>W >XRJHM W >KBDH B PR<H W B KL XJLW B RKBW W B PRCJW,qal,impf,W JB>W >XRJHM,,>XRJHM,>XR/,after/behind them,0.0,prep,inanim,det,prsf,simple,factive,>XR/,,,,,,other
36563,,LXX,Exodus,14,17,,,,,,,,,,,,inanim,,,,,,,,,,,
36620,BW>[,MT,Exodus,14,20,JB>,W JB> BJN MXNH MYRJM W BJN MXNH JFR>L W JHJ H <NN W H XCK W J>R >T H LJLH W L> QRB ZH >L ZH KL H LJLH,qal,wayq,W JB> BJN MXNH MYRJM W BJN MXNH JFR>L,,BJN MXNH MYRJM W BJN MXNH JFR>L,BJN/ MXNH/ MYRJM/ W BJN/ MXNH/ JFR>L/,between the camp of Egypt and the camp of Israel,0.0,prep,inanim,det,subs,complex,factive,BJN/,BJN/,,,,,location
36620,,LXX,Exodus,14,20,,,,,,,,,,,,inanim,,,,,,,,,,,
36683,BW>[,MT,Exodus,14,22,JB>W,W JB>W BNJ JFR>L B TWK H JM B JBCH W H MJM LHM XMH M JMJNM W M FM>LM,qal,wayq,W JB>W BNJ JFR>L B TWK H JM B JBCH,BNJ JFR>L,B TWK H JM,B TWK/ H JM/,in/through the midst of the sea,0.0,prep,inanim,det,subs,complex,factive,B,,,,,,trajectory
36683,,LXX,Exodus,14,22,,,,,,,,,,,,inanim,,,,,,,,,,,
36707,BW>[,MT,Exodus,14,23,JB>W,W JRDPW MYRJM W JB>W >XRJHM KL SWS PR<H RKBW W PRCJW >L TWK H JM,qal,wayq,W JB>W >XRJHM KL SWS PR<H RKBW W PRCJW >L TWK H JM,KL SWS PR<H RKBW W PRCJW,>XRJHM,>XR/,after/behind them,0.0,prep,anim,det,prsf,simple,factive,>XR/,,,,,,other
36707,,LXX,Exodus,14,23,,,,,,,,,,,,anim,,,,,,,,,,,
36707,BW>[,MT,Exodus,14,23,JB>W,W JRDPW MYRJM W JB>W >XRJHM KL SWS PR<H RKBW W PRCJW >L TWK H JM,qal,wayq,W JB>W >XRJHM KL SWS PR<H RKBW W PRCJW >L TWK H JM,KL SWS PR<H RKBW W PRCJW,>L TWK H JM,>L TWK/ H JM/,into the midst of the sea,0.0,prep,inanim,det,subs,complex,factive,>L,,,,,,trajectory
36707,,LXX,Exodus,14,23,,,,,,,,,,,,inanim,,,,,,,,,,,
36834,BW>[,MT,Exodus,14,28,B>JM,W JCBW H MJM W JKSW >T H RKB W >T H PRCJM L KL XJL PR<H H B>JM >XRJHM B JM L> NC>R BHM <D >XD,qal,ptca,H B>JM >XRJHM B JM,,>XRJHM,>XR/,after/behind them,0.0,prep,anim,det,prsf,simple,factive,>XR/,,,,,,other
36834,,LXX,Exodus,14,28,,,,,,,,,,,,anim,,,,,,,,,,,
36834,BW>[,MT,Exodus,14,28,B>JM,W JCBW H MJM W JKSW >T H RKB W >T H PRCJM L KL XJL PR<H H B>JM >XRJHM B JM L> NC>R BHM <D >XD,qal,ptca,H B>JM >XRJHM B JM,,B JM,B H JM/,in the sea,0.0,prep,inanim,det,subs,simple,factive,B,,,,locative in the database,,goal
36834,,LXX,Exodus,14,28,,,,,,,,,,,,inanim,,,,,,,,,,,
37122,BW>[,MT,Exodus,15,17,TB>MW,TB>MW W TV<MW B HR NXLTK MKWN L CBTK P<LT JHWH MQDC >DNJ KWNNW JDJK,hif,impf,TB>MW,,no complement,no complement,,,,,,,,,,,,,,,
37122,,LXX,Exodus,15,17,,,,,,,,,,,,,,,,,,,,,,,
37144,BW>[,MT,Exodus,15,19,B>,KJ B> SWS PR<H B RKBW W B PRCJW B JM W JCB JHWH <LHM >T MJ H JM W BNJ JFR>L HLKW B JBCH B TWK H JM,qal,perf,KJ B> SWS PR<H B RKBW W B PRCJW B JM,SWS PR<H,B JM,B H JM/,in the water,0.0,prep,inanim,det,subs,simple,factive fictive,B,,,,water not a destination here,,goal
37144,,LXX,Exodus,15,19,,,,,,,,,,,,inanim,,,,,,,,,,,
37239,BW>[,MT,Exodus,15,23,JB>W,W JB>W MRTH W L> JKLW L CTT MJM M MRH KJ MRJM HM <L KN QR> CMH MRH,qal,wayq,W JB>W MRTH,,MRTH,MRH=/,to Marah,1.0,dir-he,inanim,det,nmpr,simple,factive,,,,,,,goal
37239,,LXX,Exodus,15,23,,,,,,,,,,,,inanim,,,,,,,,,,,
37331,BW>[,MT,Exodus,15,27,JB>W,W JB>W >JLMH W CM CTJM <FRH <JNT MJM W CB<JM TMRJM W JXNW CM <L H MJM,qal,wayq,W JB>W >JLMH,,>JLMH,>JLM=/,to Elim,1.0,dir-he,inanim,det,nmpr,simple,factive,,,,,,,goal
37331,,LXX,Exodus,15,27,,,,,,,,,,,,inanim,,,,,,,,,,,
37353,BW>[,MT,Exodus,16,1,JB>W,W JS<W M >JLM W JB>W KL <DT BNJ JFR>L >L MDBR SJN >CR BJN >JLM W BJN SJNJ B XMCH <FR JWM L XDC H CNJ L Y>TM M >RY MYRJM,qal,wayq,W JB>W KL <DT BNJ JFR>L >L MDBR SJN B XMCH <FR JWM L XDC H CNJ,KL <DT BNJ JFR>L,>L MDBR SJN,>L MDBR/ SJN/,into the wilderness of Sin,0.0,prep,inanim,det,subs,complex,factive,>L,,,,,,goal
37353,,LXX,Exodus,16,1,,,,,,,,,,,,inanim,,,,,,,,,,,
37480,BW>[,MT,Exodus,16,5,JBJ>W,W HJH B JWM H CCJ W HKJNW >T >CR JBJ>W W HJH MCNH <L >CR JLQVW JWM JWM,hif,impf,>T >CR JBJ>W,,no complement,no complement,,,,,,,,,,,,,,,
37480,,LXX,Exodus,16,5,,,,,,,,,,,,,,,,,,,,,,,
37837,BW>[,MT,Exodus,16,22,JB>W,W JHJ B JWM H CCJ LQVW LXM MCNH CNJ H <MR L >XD W JB>W KL NFJ>J H <DH W JGJDW L MCH,qal,wayq,W JB>W KL NFJ>J H <DH,KL NFJ>J H <DH,no complement,no complement,,,,,,,,,,,,,,,
37837,,LXX,Exodus,16,22,,,,,,,,,,,,,,,,,,,,,,,
38103,BW>[,MT,Exodus,16,35,B>M,W BNJ JFR>L >KLW >T H MN >RB<JM CNH <D B>M >L >RY NWCBT >T H MN >KLW <D B>M >L QYH >RY KN<N,qal,infc,<D B>M >L >RY NWCBT,,>L >RY NWCBT,>L >RY/ JCB[,to an inhabited land,0.0,prep,inanim,und,subs,complex,factive,>L,,,,,,goal
38103,,LXX,Exodus,16,35,,,,,,,,,,,,inanim,,,,,,,,,,,
38112,BW>[,MT,Exodus,16,35,B>M,W BNJ JFR>L >KLW >T H MN >RB<JM CNH <D B>M >L >RY NWCBT >T H MN >KLW <D B>M >L QYH >RY KN<N,qal,infc,<D B>M >L QYH >RY KN<N,,>L QYH >RY KN<N,>L QYH=/ >RY/ KN<N/,to the border of the land of Canaan,0.0,prep,inanim,det,subs,complex,factive,>L,,,,,,goal
38112,,LXX,Exodus,16,35,,,,,,,,,,,,inanim,,,,,,,,,,,
38311,BW>[,MT,Exodus,17,8,JB>,W JB> <MLQ W JLXM <M JFR>L B RPJDM,qal,wayq,W JB> <MLQ,<MLQ,no complement,no complement,,,,,,,,,,,,,,,
38311,,LXX,Exodus,17,8,,,,,,,,,,,,,,,,,,,,,,,
38416,BW>[,MT,Exodus,17,12,B>,W JDJ MCH KBDJM W JQXW >BN W JFJMW TXTJW W JCB <LJH W >HRN W XWR TMKW B JDJW M ZH >XD W M ZH >XD W JHJ JDJW >MWNH <D B> H CMC,qal,infc,<D B> H CMC,H CMC,no complement,no complement,,,,,,,,,,,,,,,
38416,,LXX,Exodus,17,12,,,,,,,,,,,,,,,,,,,,,,,
38548,BW>[,MT,Exodus,18,5,JB>,W JB> JTRW XTN MCH W BNJW W >CTW >L MCH >L H MDBR >CR HW> XNH CM HR H >LHJM,qal,wayq,W JB> JTRW XTN MCH W BNJW W >CTW >L MCH >L H MDBR,JTRW XTN MCH W BNJW W >CTW,>L MCH >L H MDBR,>L MCH=/ >L H MDBR/,to Moses into the wilderness,0.0,prep + prep,anim,det,nmpr,complex,factive,>L,>L,,,,,goal
38548,,LXX,Exodus,18,5,,,,,,,,,,,,anim,,,,,,,,,,,
38575,BW>[,MT,Exodus,18,6,B>,W J>MR >L MCH >NJ XTNK JTRW B> >LJK W >CTK W CNJ BNJH <MH,qal,ptca,>NJ XTNK JTRW B> >LJK,>NJ XTNK JTRW,>LJK,>L,to you,0.0,prep,anim,det,prsf,simple,factive,>LJK,,,,,,goal
38575,,LXX,Exodus,18,6,,,,,,,,,,,,anim,,,,,,,,,,,
38602,BW>[,MT,Exodus,18,7,JB>W,W JY> MCH L QR>T XTNW W JCTXW W JCQ LW W JC>LW >JC L R<HW L CLWM W JB>W H >HLH,qal,wayq,W JB>W H >HLH,,H >HLH,H >HL/,to the tent,1.0,dir-he,inanim,det,subs,simple,factive,,,,,,,goal
38602,,LXX,Exodus,18,7,,,,,,,,,,,,inanim,,,,,,,,,,,
38703,BW>[,MT,Exodus,18,12,JB>,W JQX JTRW XTN MCH <LH W ZBXJM L >LHJM W JB> >HRN W KL ZQNJ JFR>L L >KL LXM <M XTN MCH L PNJ H >LHJM,qal,wayq,W JB> >HRN W KL ZQNJ JFR>L,>HRN W KL ZQNJ JFR>L,no complement,no complement,,,,,,,,,,,,,,,
38703,,LXX,Exodus,18,12,,,,,,,,,,,,,,,,,,,,,,,
38789,BW>[,MT,Exodus,18,15,JB>,W J>MR MCH L XTNW KJ JB> >LJ H <M L DRC >LHJM,qal,impf,KJ JB> >LJ H <M,H <M,>LJ,>L,to me,0.0,prep,anim,det,prsf,simple,factive,>LJ,,,,,,goal
38789,,LXX,Exodus,18,15,,,,,,,,,,,,anim,,,,,,,,,,,
38800,BW>[,MT,Exodus,18,16,B>,KJ JHJH LHM DBR B> >LJ W CPVTJ BJN >JC W BJN R<HW W HWD<TJ >T XQJ H >LHJM W >T TWRTJW,qal,perf,B> >LJ,,>LJ,>L,to me,0.0,prep,anim,det,prsf,simple,factive,>LJ,,,,,,goal
38800,,LXX,Exodus,18,16,,,,,,,,,,,,anim,,,,,,,,,,,
38869,BW>[,MT,Exodus,18,19,HB>T,<TH CM< B QLJ >J<YK W JHJ >LHJM <MK HJH >TH L <M MWL H >LHJM W HB>T >TH >T H DBRJM >L H >LHJM,hif,perf,W HB>T >TH >T H DBRJM >L H >LHJM,>TH,>L H >LHJM,>L H >LHJM/,to the God,0.0,prep,anim,det,subs,simple,factive fictive,>L,,,,"bring the matters to God, actual motion?",,other
38869,,LXX,Exodus,18,19,,,,,,,,,,,,anim,,,,,,,,,,,
38943,BW>[,MT,Exodus,18,22,JBJ>W,W CPVW >T H <M B KL <T W HJH KL H DBR H GDL JBJ>W >LJK W KL H DBR H QVN JCPVW HM W HQL M <LJK W NF>W >TK,hif,impf,KL H DBR H GDL JBJ>W >LJK,,>LJK,>L,to you,0.0,prep,anim,det,prsf,simple,fictive,>L,,,,bring the matters to you fictive motion,,other
38943,,LXX,Exodus,18,22,,,,,,,,,,,,anim,,,,,,,,,,,
38982,BW>[,MT,Exodus,18,23,JB>,>M >T H DBR H ZH T<FH W YWK >LHJM W JKLT <MD W GM KL H <M H ZH <L MQMW JB> B CLWM,qal,impf,W GM KL H <M H ZH <L MQMW JB> B CLWM,GM KL H <M H ZH,<L MQMW,<L MQWM/,to his/their place (of the people),0.0,prep,inanim,det,subs,complex,factive fictive,<L,,,,all the people will go to their place / place as actual place or describing a status?,,goal
38982,,LXX,Exodus,18,23,,,,,,,,,,,,inanim,,,,,,,,,,,
39033,BW>[,MT,Exodus,18,26,JBJ>WN,W CPVW >T H <M B KL <T >T H DBR H QCH JBJ>WN >L MCH W KL H DBR H QVN JCPWVW HM,hif,impf,>T H DBR H QCH JBJ>WN >L MCH,,>L MCH,>L MCH=/,to Moses,0.0,prep,anim,det,nmpr,simple,fictive,>L,,,,,,other
39033,,LXX,Exodus,18,26,,,,,,,,,,,,anim,,,,,,,,,,,
39071,BW>[,MT,Exodus,19,1,B>W,B XDC H CLJCJ L Y>T BNJ JFR>L M >RY MYRJM B JWM H ZH B>W MDBR SJNJ,qal,perf,B XDC H CLJCJ B JWM H ZH B>W MDBR SJNJ,,MDBR SJNJ,MDBR/ SJNJ=/,to the wilderness of Sinai,0.0,vc,inanim,det,subs,complex,factive,,,,,,,goal
39071,,LXX,Exodus,19,1,,,,,,,,,,,,inanim,,,,,,,,,,,
39079,BW>[,MT,Exodus,19,2,JB>W,W JS<W M RPJDJM W JB>W MDBR SJNJ W JXNW B MDBR W JXN CM JFR>L NGD H HR,qal,wayq,W JB>W MDBR SJNJ,,MDBR SJNJ,MDBR/ SJNJ=/,to the wilderness of Sinai,0.0,vc,inanim,det,subs,complex,factive,,,,,,,goal
39079,,LXX,Exodus,19,2,,,,,,,,,,,,inanim,,,,,,,,,,,
39132,BW>[,MT,Exodus,19,4,>B>,>TM R>JTM >CR <FJTJ L MYRJM W >F> >TKM <L KNPJ NCRJM W >B> >TKM >LJ,hif,wayq,W >B> >TKM >LJ,,>LJ,>L,to me/to myself,0.0,prep,anim,det,prsf,simple,factive fictive,>L,,,,,,goal
39132,,LXX,Exodus,19,4,,,,,,,,,,,,anim,,,,,,,,,,,
39177,BW>[,MT,Exodus,19,7,JB>,W JB> MCH W JQR> L ZQNJ H <M W JFM L PNJHM >T KL H DBRJM H >LH >CR YWHW JHWH,qal,wayq,W JB> MCH,MCH,no complement,no complement,,,,,,,,,,,,,,,
39177,,LXX,Exodus,19,7,,,,,,,,,,,,,,,,,,,,,,,
39227,BW>[,MT,Exodus,19,9,B>,W J>MR JHWH >L MCH HNH >NKJ B> >LJK B <B H <NN B <BWR JCM< H <M B DBRJ <MK W GM BK J>MJNW L <WLM W JGD MCH >T DBRJ H <M >L JHWH,qal,ptca,HNH >NKJ B> >LJK B <B H <NN,>NKJ,>LJK,>L,to you,0.0,prep,anim,det,prsf,simple,factive,>L,,,,,,goal
39227,,LXX,Exodus,19,9,,,,,,,,,,,,anim,,,,,,,,,,,
29308,BW>[,MT,Exodus,2,10,TB>HW,W JGDL H JLD W TB>HW L BT PR<H W JHJ LH L BN W TQR> CMW MCH W T>MR KJ MN H MJM MCJTHW,hif,wayq,W TB>HW L BT PR<H,,L BT PR<H,L BT/ PR<H/,to the daughter of Pharaoh ,0.0,prep,anim,det,subs,complex,factive,L,,,,,,goal
29308,,LXX,Exodus,2,10,,,,,,,,,,,,anim,,,,,,,,,,,
29463,BW>[,MT,Exodus,2,16,TB>NH,W L KHN MDJN CB< BNWT W TB>NH W TDLNH W TML>NH >T H RHVJM L HCQWT Y>N >BJHN,qal,wayq,W TB>NH,,no complement,no complement,,,,,,,,,,,,,,,
29463,,LXX,Exodus,2,16,,,,,,,,,,,,,,,,,,,,,,,
29476,BW>[,MT,Exodus,2,17,JB>W,W JB>W H R<JM W JGRCWM W JQM MCH W JWC<N W JCQ >T Y>NM,qal,wayq,W JB>W H R<JM,H R<JM,no complement,no complement,,,,,,,,,,,,,,,
29476,,LXX,Exodus,2,17,,,,,,,,,,,,,,,,,,,,,,,
29491,BW>[,MT,Exodus,2,18,TB>NH,W TB>NH >L R<W>L >BJHN W J>MR MDW< MHRTN B> H JWM,qal,wayq,W TB>NH >L R<W>L >BJHN,,>L R<W>L >BJHN,>L R<W>L/ >B/,to Reuel their father,0.0,prep,anim,det,nmpr,complex,factive,>L,,,,,,goal
29491,,LXX,Exodus,2,18,,,,,,,,,,,,anim,,,,,,,,,,,
29499,BW>[,MT,Exodus,2,18,B>,W TB>NH >L R<W>L >BJHN W J>MR MDW< MHRTN B> H JWM,qal,infc,B>,,no complement,no complement,,,,,,,,,,,,,,,
29499,,LXX,Exodus,2,18,,,,,,,,,,,,,,,,,,,,,,,
39901,BW>[,MT,Exodus,20,20,B>,W J>MR MCH >L H <M >L TJR>W KJ L B <BWR NSWT >TKM B> H >LHJM W B <BWR THJH JR>TW <L PNJKM L BLTJ TXV>W,qal,perf,KJ B> H >LHJM,H >LHJM,no complement,no complement,,,,,,,,,,,,,,,
39901,,LXX,Exodus,20,20,,,,,,,,,,,,,,,,,,,,,,,
39984,BW>[,MT,Exodus,20,24,>BW>,MZBX >DMH T<FH LJ W ZBXT <LJW >T <LTJK W >T CLMJK >T Y>NK W >T BQRK B KL H MQWM >CR >ZKJR >T CMJ >BW> >LJK W BRKTJK,qal,impf,B KL H MQWM >BW> >LJK,,>LJK,>L,to you,0.0,prep,anim,det,prsf,simple,factive fictive,>L,,,,"God says to Moses ""I will come to you"", factive or fictive?",,goal
39984,,LXX,Exodus,20,24,,,,,,,,,,,,anim,,,,,,,,,,,
40043,BW>[,MT,Exodus,21,3,JB>,>M B GPW JB> B GPW JY> >M B<L >CH HW> W JY>H >CTW <MW,qal,impf,>M B GPW JB>,,no complement,no complement,,,,,,,,,,,,,,,
40043,,LXX,Exodus,21,3,,,,,,,,,,,,,,,,,,,,,,,
40767,BW>[,MT,Exodus,22,8,JB>,<L KL DBR PC< <L CWR <L XMWR <L FH <L FLMH <L KL >BDH >CR J>MR KJ HW> ZH <D H >LHJM JB> DBR CNJHM >CR JRCJ<N >LHJM JCLM CNJM L R<HW,qal,impf,<L KL DBR PC< <L CWR <L XMWR <L FH <L FLMH <L KL >BDH <D H >LHJM JB> DBR CNJHM,DBR CNJHM,<D H >LHJM,<D H >LHJM/,to (the) God,0.0,prep,anim,det,subs,simple,factive fictive,<D,,,,come to God?,,other
40767,,LXX,Exodus,22,8,,,,,,,,,,,,anim,,,,,,,,,,,
40830,BW>[,MT,Exodus,22,12,JB>HW,>M VRP JVRP JB>HW <D H VRPH L> JCLM,hif,impf,JB>HW <D,,no complement,no complement,,,,,,,,,,,,,,,
40830,,LXX,Exodus,22,12,,,,,,,,,,,,,,,,,,,,,,,
40860,BW>[,MT,Exodus,22,14,B>,>M B<LJW <MW L> JCLM >M FKJR HW> B> B FKRW,qal,perf,B> B FKRW,,B FKRW,B FKR/,for (to) its wages,0.0,prep,inanim,det,subs,complex,factive fictive,B,,,,"come for its wages, curious as a complement",,other
40860,,LXX,Exodus,22,14,,,,,,,,,,,,inanim,,,,,,,,,,,
40982,BW>[,MT,Exodus,22,25,B>,>M XBL TXBL FLMT R<K <D B> H CMC TCJBNW LW,qal,infc,<D B> H CMC,H CMC,no complement,no complement,,,,,,,,,,,,,,,
40982,,LXX,Exodus,22,25,,,,,,,,,,,,,,,,,,,,,,,
41335,BW>[,MT,Exodus,23,19,TBJ>,R>CJT BKWRJ >DMTK TBJ> BJT JHWH >LHJK L> TBCL GDJ B XLB >MW,hif,impf,R>CJT BKWRJ >DMTK TBJ> BJT JHWH >LHJK,,BJT JHWH >LHJK,BJT/ JHWH/ >LHJM/,in the house of Yahweh your God,0.0,vc,inanim,det,subs,complex,factive,,,,,,,goal
41335,,LXX,Exodus,23,19,,,,,,,,,,,,inanim,,,,,,,,,,,
41358,BW>[,MT,Exodus,23,20,HBJ>K,HNH >NKJ CLX ML>K L PNJK L CMRK B DRK W L HBJ>K >L H MQWM >CR HKNTJ,hif,infc,W L HBJ>K >L H MQWM,,>L H MQWM,>L H MQWM/,to the place,0.0,prep,inanim,det,subs,simple,factive,>L,,,,,,goal
41358,,LXX,Exodus,23,20,,,,,,,,,,,,inanim,,,,,,,,,,,
41408,BW>[,MT,Exodus,23,23,HBJ>K,KJ JLK ML>KJ L PNJK W HBJ>K >L H >MRJ W H XTJ W H PRZJ W H KN<NJ H XWJ W H JBWSJ W HKXDTJW,hif,perf,W HBJ>K >L H >MRJ W H XTJ W H PRZJ W H KN<NJ H XWJ W H JBWSJ,,>L H >MRJ W H XTJ W H PRZJ W H KN<NJ H XWJ W H JBWSJ,>L H >MRJ/ W H XTJ/ W H PRZJ/ W H KN<NJ/ H XWJ/ W H JBWSJ/,to the Amorites and the Hittites and the Perizzites and the Canaanites the Hivites and the Jebusites,0.0,prep,anim,det,nmpr,complex,factive,>L,,,,,,goal
41408,,LXX,Exodus,23,23,,,,,,,,,,,,anim,,,,,,,,,,,
41487,BW>[,MT,Exodus,23,27,TB>,>T >JMTJ >CLX L PNJK W HMTJ >T KL H <M >CR TB> BHM W NTTJ >T KL >JBJK >LJK <RP,qal,impf,>CR TB> BHM,,BHM,B,against them,0.0,prep,anim,det,prsf,simple,factive,B,,,,"B with the sense against, ",,other
41487,,LXX,Exodus,23,27,,,,,,,,,,,,anim,,,,,,,,,,,
41642,BW>[,MT,Exodus,24,3,JB>,W JB> MCH W JSPR L <M >T KL DBRJ JHWH W >T KL H MCPVJM W J<N KL H <M QWL >XD W J>MRW KL H DBRJM >CR DBR JHWH N<FH,qal,wayq,W JB> MCH,MCH,no complement,no complement,,,,,,,,,,,,,,,
41642,,LXX,Exodus,24,3,,,,,,,,,,,,,,,,,,,,,,,
41954,BW>[,MT,Exodus,24,18,JB>,W JB> MCH B TWK H <NN W J<L >L H HR W JHJ MCH B HR >RB<JM JWM W >RB<JM LJLH,qal,wayq,W JB> MCH B TWK H <NN,MCH,B TWK H <NN,B TWK/ H <NN/,in the midst of the cloud,0.0,prep,inanim,det,subs,complex,factive,B,,,,,,goal
41954,,LXX,Exodus,24,18,,,,,,,,,,,,inanim,,,,,,,,,,,
42158,BW>[,MT,Exodus,25,14,HB>T,W HB>T >T H BDJM B VB<T <L YL<T H >RN L F>T >T H >RN BHM,hif,perf,W HB>T >T H BDJM B VB<T <L YL<T H >RN,,B VB<T <L YL<T H >RN,B H VB<T/ <L YL</ H >RWN/,in the rings on the sides of the ark,0.0,prep + prep,inanim,det,subs,complex,factive fictive,B,<L,,,"put the poles into the rings etc, not horizontal motion?",,other
42158,,LXX,Exodus,25,14,,,,,,,,,,,,inanim,,,,,,,,,,,
42846,BW>[,MT,Exodus,26,11,HB>T,W <FJT QRSJ NXCT XMCJM W HB>T >T H QRSJM B LL>T W XBRT >T H >HL W HJH >XD,hif,perf,W HB>T >T H QRSJM B LL>T,,B LL>T,B H LL>T/,into the loops,0.0,prep,inanim,det,subs,simple,factive fictive,B,,,,"put something / make something go into something, motion?",,other
42846,,LXX,Exodus,26,11,,,,,,,,,,,,inanim,,,,,,,,,,,
43242,BW>[,MT,Exodus,26,33,HB>T,W NTTH >T H PRKT TXT H QRSJM W HB>T CMH M BJT L PRKT >T >RWN H <DWT W HBDJLH H PRKT LKM BJN H QDC W BJN QDC H QDCJM,hif,perf,W HB>T CMH M BJT L PRKT >T >RWN H <DWT,,CMH,CM,there,1.0,dir-he,inanim,det,adv,simple,factive,,,,,,,goal
43242,,LXX,Exodus,26,33,,,,,,,,,,,,inanim,,,,,,,,,,,
43449,BW>[,MT,Exodus,27,7,HWB>,W HWB> >T BDJW B VB<T W HJW H BDJM <L CTJ YL<T H MZBX B F>T >TW,hof,perf,W HWB> >T BDJW B VB<T,>T BDJW,B VB<T,B H VB<T/,into the rings,0.0,prep,inanim,det,subs,simple,factive fictive,B,,,,put something into something,,other
43449,,LXX,Exodus,27,7,,,,,,,,,,,,inanim,,,,,,,,,,,
44243,BW>[,MT,Exodus,28,29,B>W,W NF> >HRN >T CMWT BNJ JFR>L B XCN H MCPV <L LBW B B>W >L H QDC L ZKRN L PNJ JHWH TMJD,qal,infc,B B>W >L H QDC,,>L H QDC,>L H QDC/,into the Holy Place,0.0,prep,inanim,det,subs,simple,factive,>L,,,,,,goal
44243,,LXX,Exodus,28,29,,,,,,,,,,,,inanim,,,,,,,,,,,
44272,BW>[,MT,Exodus,28,30,B>W,W NTT >L XCN H MCPV >T H >WRJM W >T H TMJM W HJW <L LB >HRN B B>W L PNJ JHWH W NF> >HRN >T MCPV BNJ JFR>L <L LBW L PNJ JHWH TMJD,qal,infc,B B>W L PNJ JHWH,,L PNJ JHWH,L PNH/ JHWH/,from the presence of Yahweh,0.0,prep,inanim,det,subs,complex,factive,L,,,,,,goal
44272,,LXX,Exodus,28,30,,,,,,,,,,,,inanim,,,,,,,,,,,
44360,BW>[,MT,Exodus,28,35,B>W,W HJH <L >HRN L CRT W NCM< QWLW B B>W >L H QDC L PNJ JHWH W B Y>TW W L> JMWT,qal,infc,B B>W >L H QDC L PNJ JHWH,,>L H QDC,>L H QDC/,into the Holy Place,0.0,prep,inanim,det,subs,simple,factive,>L,,,,,,goal
44360,,LXX,Exodus,28,35,,,,,,,,,,,,inanim,,,,,,,,,,,
44513,BW>[,MT,Exodus,28,43,B>M,W HJW <L >HRN W <L BNJW B B>M >L >HL MW<D >W B GCTM >L H MZBX L CRT B QDC W L> JF>W <WN W MTW XQT <WLM LW W L ZR<W >XRJW,qal,infc,B B>M >L >HL MW<D,,>L >HL MW<D,>L >HL/ MW<D/,into the tent of the assembly,0.0,prep,inanim,det,subs,complex,factive,>L,,,,,,goal
44513,,LXX,Exodus,28,43,,,,,,,,,,,,inanim,,,,,,,,,,,
45211,BW>[,MT,Exodus,29,30,JB>,CB<T JMJM JLBCM H KHN TXTJW M BNJW >CR JB> >L >HL MW<D L CRT B QDC,qal,impf,>CR JB> >L >HL MW<D,,>L >HL MW<D,>L >HL/ MW<D/,to the tent of the assembly,0.0,prep,inanim,det,subs,complex,factive,>L,,,,,,goal
45211,,LXX,Exodus,29,30,,,,,,,,,,,,inanim,,,,,,,,,,,
29644,BW>[,MT,Exodus,3,1,JB>,W MCH HJH R<H >T Y>N JTRW XTNW KHN MDJN W JNHG >T H Y>N >XR H MDBR W JB> >L HR H >LHJM XRBH,qal,wayq,W JB> >L HR H >LHJM XRBH,,>L HR H >LHJM,>L HR/ H >LHJM/,to the mountain of the God,0.0,prep,inanim,det,subs,complex,factive,>L,,,,,,goal
29644,,LXX,Exodus,3,1,,,,,,,,,,,,inanim,,,,,,,,,,,
29834,BW>[,MT,Exodus,3,9,B>H,W <TH HNH Y<QT BNJ JFR>L B>H >LJ W GM R>JTJ >T H LXY >CR MYRJM LXYJM >TM,qal,perf,HNH Y<QT BNJ JFR>L B>H >LJ,Y<QT BNJ JFR>L,>LJ,>L,to me (God),0.0,prep,anim,det,prsf,simple,fictive,>L,,,,the cry of the people has come to me,,goal
29834,,LXX,Exodus,3,9,,,,,,,,,,,,anim,,,,,,,,,,,
29918,BW>[,MT,Exodus,3,13,B>,W J>MR MCH >L H >LHJM HNH >NKJ B> >L BNJ JFR>L W >MRTJ LHM >LHJ >BWTJKM CLXNJ >LJKM W >MRW LJ MH CMW MH >MR >LHM,qal,ptca,HNH >NKJ B> >L BNJ JFR>L,>NKJ,>L BNJ JFR>L,>L BN/ JFR>L/,to the people of Israel,0.0,prep,anim,det,subs,complex,factive,>L,,,,,,goal
29918,,LXX,Exodus,3,13,,,,,,,,,,,,anim,,,,,,,,,,,
30056,BW>[,MT,Exodus,3,18,B>T,W CM<W L QLK W B>T >TH W ZQNJ JFR>L >L MLK MYRJM W >MRTM >LJW JHWH >LHJ H <BRJJM NQRH <LJNW W <TH NLKH N> DRK CLCT JMJM B MDBR W NZBXH L JHWH >LHJNW,qal,perf,W B>T >TH W ZQNJ JFR>L >L MLK MYRJM,>TH W ZQNJ JFR>L,>L MLK MYRJM,>L MLK/ MYRJM/,to the king of Egypt,0.0,prep,inanim,det,subs,complex,factive,>L,,,,,,goal
30056,,LXX,Exodus,3,18,,,,,,,,,,,,inanim,,,,,,,,,,,
45868,BW>[,MT,Exodus,30,20,B>M,B B>M >L >HL MW<D JRXYW MJM W L> JMTW >W B GCTM >L H MZBX L CRT L HQVJR >CH L JHWH,qal,infc,B B>M >L >HL MW<D,,>L >HL MW<D,>L >HL/ MW<D/,into the tent of the assembly,0.0,prep,inanim,det,subs,complex,factive,>L,,,,,,goal
45868,,LXX,Exodus,30,20,,,,,,,,,,,,inanim,,,,,,,,,,,
46565,BW>[,MT,Exodus,32,2,HBJ>W,W J>MR >LHM >HRN PRQW NZMJ H ZHB >CR B >ZNJ NCJKM BNJKM W BNTJKM W HBJ>W >LJ,hif,impv,W HBJ>W >LJ,,>LJ,>L,to me (Aaron),0.0,prep,anim,det,prsf,simple,factive,>L,,,,,,goal
46565,,LXX,Exodus,32,2,,,,,,,,,,,,anim,,,,,,,,,,,
46580,BW>[,MT,Exodus,32,3,JBJ>W,W JTPRQW KL H <M >T NZMJ H ZHB >CR B >ZNJHM W JBJ>W >L >HRN,hif,wayq,W JBJ>W >L >HRN,,>L >HRN,>L >HRN/,to Aaron,0.0,prep,anim,det,nmpr,simple,factive,>L,,,,,,goal
46580,,LXX,Exodus,32,3,,,,,,,,,,,,anim,,,,,,,,,,,
46980,BW>[,MT,Exodus,32,21,HB>T,W J>MR MCH >L >HRN MH <FH LK H <M H ZH KJ HB>T <LJW XV>H GDLH,hif,perf,KJ HB>T <LJW XV>H GDLH,,<LJW,<L,upon them (this people),0.0,prep,anim,det,prsf,simple,factive fictive,<L,,,,have brought sin upon them fictive but not horizontal?,,goal/recipient
46980,,LXX,Exodus,32,21,,,,,,,,,,,,anim,,,,,,,,,,,
47467,BW>[,MT,Exodus,33,8,B>W,W HJH K Y>T MCH >L H >HL JQWMW KL H <M W NYBW >JC PTX >HLW W HBJVW >XRJ MCH <D B>W H >HLH,qal,infc,<D B>W H >HLH,,H >HLH,H >HL/,in the tent,1.0,dir-he,inanim,det,subs,simple,factive,,,,,,,goal
47467,,LXX,Exodus,33,8,,,,,,,,,,,,inanim,,,,,,,,,,,
47473,BW>[,MT,Exodus,33,9,B>,W HJH K B> MCH H >HLH JRD <MWD H <NN W <MD PTX H >HL W DBR <M MCH,qal,infc,K B> MCH H >HLH,MCH,H >HLH,H >HL/,in the tent,1.0,dir-he,inanim,det,subs,simple,factive,,,,,,,goal
47473,,LXX,Exodus,33,9,,,,,,,,,,,,inanim,,,,,,,,,,,
48059,BW>[,MT,Exodus,34,12,B>,HCMR LK PN TKRT BRJT L JWCB H >RY >CR >TH B> <LJH PN JHJH L MWQC B QRBK,qal,ptca,>CR >TH B> <LJH,>TH,<LJH,<L,on it (the land),0.0,prep,inanim,det,prsf,simple,factive,<L,,,,,,location
48059,,LXX,Exodus,34,12,,,,,,,,,,,,inanim,,,,,,,,,,,
48288,BW>[,MT,Exodus,34,26,TBJ>,R>CJT BKWRJ >DMTK TBJ> BJT JHWH >LHJK L> TBCL GDJ B XLB >MW,hif,impf,R>CJT BKWRJ >DMTK TBJ> BJT JHWH >LHJK,,BJT JHWH >LHJK,BJT/ JHWH/ >LHJM/,to the house of God,0.0,vc,inanim,det,subs,complex,factive,,,,,,,goal
48288,,LXX,Exodus,34,26,,,,,,,,,,,,inanim,,,,,,,,,,,
48453,BW>[,MT,Exodus,34,34,B>,W B B> MCH L PNJ JHWH L DBR >TW JSJR >T H MSWH <D Y>TW W JY> W DBR >L BNJ JFR>L >T >CR JYWH,qal,infc,B B> MCH L PNJ JHWH,MCH,L PNJ JHWH,L PNH/ JHWH/,before / in front of Yahweh,0.0,prep,inanim,det,subs,complex,factive,L,,,,,,goal
48453,,LXX,Exodus,34,34,,,,,,,,,,,,inanim,,,,,,,,,,,
48498,BW>[,MT,Exodus,34,35,B>W,W R>W BNJ JFR>L >T PNJ MCH KJ QRN <WR PNJ MCH W HCJB MCH >T H MSWH <L PNJW <D B>W L DBR >TW,qal,infc,<D B>W,,no complement,no complement,,,,,,,,,,,,,,,
48498,,LXX,Exodus,34,35,,,,,,,,,,,,,,,,,,,,,,,
48582,BW>[,MT,Exodus,35,5,JBJ>H,QXW M >TKM TRWMH L JHWH KL NDJB LBW JBJ>H >T TRWMT JHWH ZHB W KSP W NXCT,hif,impf,KL NDJB LBW JBJ>H >T TRWMT JHWH ZHB W KSP W NXCT,KL NDJB LBW,no complement,no complement,,,,,,,,,,,,,,,
48582,,LXX,Exodus,35,5,,,,,,,,,,,,,,,,,,,,,,,
48646,BW>[,MT,Exodus,35,10,JB>W,W KL XKM LB BKM JB>W W J<FW >T KL >CR YWH JHWH,qal,impf,W KL XKM LB BKM JB>W,KL XKM LB BKM,no complement,no complement,,,,,,,,,,,,,,,
48646,,LXX,Exodus,35,10,,,,,,,,,,,,,,,,,,,,,,,
48830,BW>[,MT,Exodus,35,21,JB>W,W JB>W KL >JC >CR NF>W LBW W KL >CR NDBH RWXW >TW HBJ>W >T TRWMT JHWH L ML>KT >HL MW<D W L KL <BDTW W L BGDJ H QDC,qal,wayq,W JB>W KL >JC,KL >JC,no complement,no complement,,,,,,,,,,,,,,,
48830,,LXX,Exodus,35,21,,,,,,,,,,,,,,,,,,,,,,,
48842,BW>[,MT,Exodus,35,21,HBJ>W,W JB>W KL >JC >CR NF>W LBW W KL >CR NDBH RWXW >TW HBJ>W >T TRWMT JHWH L ML>KT >HL MW<D W L KL <BDTW W L BGDJ H QDC,hif,perf,W KL HBJ>W >T TRWMT JHWH L ML>KT >HL MW<D W L KL <BDTW W L BGDJ H QDC,KL,L ML>KT >HL MW<D W L KL <BDTW W L BGDJ H QDC,L ML>KT/ >HL/ MW<D/ W L KL/ <BDH/ W L BGD/ H QDC/,for the work of the tent of meeting and for all its service and for the holy garments,0.0,prep + prep + prep,inanim,det,subs,complex,factive fictive,L,L,L,,"no a destination, motion?",,other
48842,,LXX,Exodus,35,21,,,,,,,,,,,,inanim,,,,,,,,,,,
48860,BW>[,MT,Exodus,35,22,JB>W,W JB>W H >NCJM <L H NCJM KL NDJB LB HBJ>W XX W NZM W VB<T W KWMZ KL KLJ ZHB W KL >JC >CR HNJP TNWPT ZHB L JHWH,qal,wayq,W JB>W H >NCJM <L H NCJM,H >NCJM,<L H NCJM,<L H >CH/,in addition to the women,0.0,prep,anim,det,subs,simple,factive fictive,<L,,,,not destination/origin,,other
48860,,LXX,Exodus,35,22,,,,,,,,,,,,anim,,,,,,,,,,,
48869,BW>[,MT,Exodus,35,22,HBJ>W,W JB>W H >NCJM <L H NCJM KL NDJB LB HBJ>W XX W NZM W VB<T W KWMZ KL KLJ ZHB W KL >JC >CR HNJP TNWPT ZHB L JHWH,hif,perf,KL NDJB LB HBJ>W XX W NZM W VB<T W KWMZ KL KLJ ZHB,KL NDJB LB,no complement,no complement,,,,,,,,,,,,,,,
48869,,LXX,Exodus,35,22,,,,,,,,,,,,,,,,,,,,,,,
48912,BW>[,MT,Exodus,35,23,HBJ>W,W KL >JC >CR NMY> >TW TKLT W >RGMN W TWL<T CNJ W CC W <ZJM W <RT >JLM M>DMJM W <RT TXCJM HBJ>W,hif,perf,W KL >JC HBJ>W,KL >JC,no complement,no complement,,,,,,,,,,,,,,,
48912,,LXX,Exodus,35,23,,,,,,,,,,,,,,,,,,,,,,,
48919,BW>[,MT,Exodus,35,24,HBJ>W,KL MRJM TRWMT KSP W NXCT HBJ>W >T TRWMT JHWH W KL >CR NMY> >TW <YJ CVJM L KL ML>KT H <BDH HBJ>W,hif,perf,KL HBJ>W >T TRWMT JHWH,KL,no complement,no complement,,,,,,,,,,,,,,,
48919,,LXX,Exodus,35,24,,,,,,,,,,,,,,,,,,,,,,,
48935,BW>[,MT,Exodus,35,24,HBJ>W,KL MRJM TRWMT KSP W NXCT HBJ>W >T TRWMT JHWH W KL >CR NMY> >TW <YJ CVJM L KL ML>KT H <BDH HBJ>W,hif,perf,W KL HBJ>W,KL,no complement,no complement,,,,,,,,,,,,,,,
48935,,LXX,Exodus,35,24,,,,,,,,,,,,,,,,,,,,,,,
48945,BW>[,MT,Exodus,35,25,JBJ>W,W KL >CH XKMT LB B JDJH VWW W JBJ>W MVWH >T H TKLT W >T H >RGMN >T TWL<T H CNJ W >T H CC,hif,wayq,W JBJ>W MVWH >T H TKLT W >T H >RGMN >T TWL<T H CNJ W >T H CC,,no complement,no complement,,,,,,,,,,,,,,,
48945,,LXX,Exodus,35,25,,,,,,,,,,,,,,,,,,,,,,,
48979,BW>[,MT,Exodus,35,27,HBJ>W,W H NF>M HBJ>W >T >BNJ H CHM W >T >BNJ H ML>JM L >PWD W L XCN,hif,perf,W H NF>M HBJ>W >T >BNJ H CHM W >T >BNJ H ML>JM L >PWD W L XCN,H NF>M,no complement,no complement,,,,,,,,,,,,,,,
48979,,LXX,Exodus,35,27,,,,,,,,,,,,,,,,,,,,,,,
49025,BW>[,MT,Exodus,35,29,HBJ>,KL >JC W >CH >CR NDB LBM >TM L HBJ> L KL H ML>KH >CR YWH JHWH L <FWT B JD MCH HBJ>W BNJ JFR>L NDBH L JHWH,hif,infc,L HBJ> L KL H ML>KH,,L KL H ML>KH,L KL/ H ML>KH/,for all the work,0.0,prep,inanim,det,subs,complex,factive fictive,L,,,,not destination/origin,,other
49025,,LXX,Exodus,35,29,,,,,,,,,,,,inanim,,,,,,,,,,,
49038,BW>[,MT,Exodus,35,29,HBJ>W,KL >JC W >CH >CR NDB LBM >TM L HBJ> L KL H ML>KH >CR YWH JHWH L <FWT B JD MCH HBJ>W BNJ JFR>L NDBH L JHWH,hif,perf,HBJ>W BNJ JFR>L NDBH L JHWH,BNJ JFR>L,L JHWH,L JHWH/,to Yahweh,0.0,prep,anim,det,nmpr,simple,factive,L,,,,,,goal/recipient
49038,,LXX,Exodus,35,29,,,,,,,,,,,,anim,,,,,,,,,,,
49238,BW>[,MT,Exodus,36,3,HBJ>W,W JQXW M L PNJ MCH >T KL H TRWMH >CR HBJ>W BNJ JFR>L L ML>KT <BDT H QDC L <FT >TH W HM HBJ>W >LJW <WD NDBH B BQR B BQR,hif,perf,>CR HBJ>W BNJ JFR>L L ML>KT <BDT H QDC,BNJ JFR>L,no complement,no complement,,,,,,,,,,,,,,,
49238,,LXX,Exodus,36,3,,,,,,,,,,,,,,,,,,,,,,,
49251,BW>[,MT,Exodus,36,3,HBJ>W,W JQXW M L PNJ MCH >T KL H TRWMH >CR HBJ>W BNJ JFR>L L ML>KT <BDT H QDC L <FT >TH W HM HBJ>W >LJW <WD NDBH B BQR B BQR,hif,perf,W HM HBJ>W >LJW <WD NDBH B BQR B BQR,HM,>LJW,>L,to him (Moses),0.0,prep,anim,det,prsf,simple,factive,>L,,,,,,goal
49251,,LXX,Exodus,36,3,,,,,,,,,,,,anim,,,,,,,,,,,
49262,BW>[,MT,Exodus,36,4,JB>W,W JB>W KL H XKMJM H <FJM >T KL ML>KT H QDC >JC >JC M ML>KTW >CR HMH <FJM,qal,wayq,W JB>W KL H XKMJM,KL H XKMJM,no complement,no complement,,,,,,,,,,,,,,,
49262,,LXX,Exodus,36,4,,,,,,,,,,,,,,,,,,,,,,,
49290,BW>[,MT,Exodus,36,5,HBJ>,W J>MRW >L MCH L >MR MRBJM H <M L HBJ> M DJ H <BDH L ML>KH >CR YWH JHWH L <FT >TH,hif,infc,L HBJ> M DJ H <BDH L ML>KH,,M DJ H <BDH,MN DJ/ H <BDH/,more than enough,0.0,prep,inanim,det,subs,complex,factive fictive,MN,,,,"the people bring more than enough, not destination/origin ",,source
49290,,LXX,Exodus,36,5,,,,,,,,,,,,inanim,,,,,,,,,,,
49331,BW>[,MT,Exodus,36,6,HBJ>,W JYW MCH W J<BJRW QWL B MXNH L >MR >JC W >CH >L J<FW <WD ML>KH L TRWMT H QDC W JKL> H <M M HBJ>,hif,infc,M HBJ>,,no complement,no complement,,,,,,,,,,,,,,,
49331,,LXX,Exodus,36,6,,,,,,,,,,,,,,,,,,,,,,,
50000,BW>[,MT,Exodus,37,5,JB>,W JB> >T H BDJM B VB<T <L YL<T H >RN L F>T >T H >RN,hif,wayq,W JB> >T H BDJM B VB<T <L YL<T H >RN,,B VB<T <L YL<T H >RN,B H VB<T/ <L YL</ H >RWN/,in the rings on the sides of the ark,0.0,prep + prep,inanim,det,subs,complex,factive fictive,B,<L,,,"put the poles into the rings, not horizontal motion?",,other
50000,,LXX,Exodus,37,5,,,,,,,,,,,,inanim,,,,,,,,,,,
50547,BW>[,MT,Exodus,38,7,JB>,W JB> >T H BDJM B VB<T <L YL<T H MZBX L F>T >TW BHM NBWB LXT <FH >TW,hif,wayq,W JB> >T H BDJM B VB<T <L YL<T H MZBX,,B VB<T,B H VB<T/,in/through the rings,0.0,prep,inanim,det,subs,simple,factive fictive,B,,,,"he made the poles go through the rings, factive motion?",,other
50547,,LXX,Exodus,38,7,,,,,,,,,,,,inanim,,,,,,,,,,,
51649,BW>[,MT,Exodus,39,33,JBJ>W,W JBJ>W >T H MCKN >L MCH >T H >HL W >T KL KLJW QRSJW QRCJW BRJXW W <MDJW W >DNJW,hif,wayq,W JBJ>W >T H MCKN >L MCH >T H >HL W >T KL KLJW QRSJW QRCJW BRJXW W <MDJW W >DNJW,,>L MCH,>L MCH=/,to Moses,0.0,prep,anim,det,nmpr,simple,factive,>L,,,,,,goal
51649,,LXX,Exodus,39,33,,,,,,,,,,,,anim,,,,,,,,,,,
30260,BW>[,MT,Exodus,4,6,HB>,W J>MR JHWH LW <WD HB> N> JDK B XJQK W JB> JDW B XJQW W JWY>H W HNH JDW MYR<T K CLG,hif,impv,HB> N> JDK B XJQK,,B XJQK,B XJQ/,in (to) your chest (Moses'),0.0,prep,inanim,det,subs,complex,factive,B,,,,,,goal
30260,,LXX,Exodus,4,6,,,,,,,,,,,,inanim,,,,,,,,,,,
30266,BW>[,MT,Exodus,4,6,JB>,W J>MR JHWH LW <WD HB> N> JDK B XJQK W JB> JDW B XJQW W JWY>H W HNH JDW MYR<T K CLG,hif,wayq,W JB> JDW B XJQW,,B XJQW,B XJQ/,to his chest (Moses'),0.0,prep,inanim,det,subs,complex,factive,B,,,,,,goal
30266,,LXX,Exodus,4,6,,,,,,,,,,,,inanim,,,,,,,,,,,
51902,BW>[,MT,Exodus,40,4,HB>T,W HB>T >T H CLXN W <RKT >T <RKW W HB>T >T H MNRH W H<LJT >T NRTJH,hif,perf,W HB>T >T H CLXN,,no complement,no complement,,,,,,,,,,,,,,,
51902,,LXX,Exodus,40,4,,,,,,,,,,,,,,,,,,,,,,,
51911,BW>[,MT,Exodus,40,4,HB>T,W HB>T >T H CLXN W <RKT >T <RKW W HB>T >T H MNRH W H<LJT >T NRTJH,hif,perf,W HB>T >T H MNRH,,no complement,no complement,,,,,,,,,,,,,,,
51911,,LXX,Exodus,40,4,,,,,,,,,,,,,,,,,,,,,,,
52211,BW>[,MT,Exodus,40,21,JB>,W JB> >T H >RN >L H MCKN W JFM >T PRKT H MSK W JSK <L >RWN H <DWT K >CR YWH JHWH >T MCH,hif,wayq,W JB> >T H >RN >L H MCKN,,>L H MCKN,>L H MCKN/,into the tabernacle,0.0,prep,inanim,det,subs,simple,factive,>L,,,,,,goal
52211,,LXX,Exodus,40,21,,,,,,,,,,,,inanim,,,,,,,,,,,
52388,BW>[,MT,Exodus,40,32,B>M,B B>M >L >HL MW<D W B QRBTM >L H MZBX JRXYW K >CR YWH JHWH >T MCH,qal,infc,B B>M >L >HL MW<D,,>L >HL MW<D,>L >HL/ MW<D/,into the tent of the assembly,0.0,prep,inanim,det,subs,complex,factive,>L,,,,,,goal
52388,,LXX,Exodus,40,32,,,,,,,,,,,,inanim,,,,,,,,,,,
52450,BW>[,MT,Exodus,40,35,BW>,W L> JKL MCH L BW> >L >HL MW<D KJ CKN <LJW H <NN W KBWD JHWH ML> >T H MCKN,qal,infc,L BW> >L >HL MW<D,,>L >HL MW<D,>L >HL/ MW<D/,into the tent of the assembly,0.0,prep,inanim,det,subs,complex,factive,>L,,,,,,goal
52450,,LXX,Exodus,40,35,,,,,,,,,,,,inanim,,,,,,,,,,,
30810,BW>[,MT,Exodus,5,1,B>W,W >XR B>W MCH W >HRN W J>MRW >L PR<H KH >MR JHWH >LHJ JFR>L CLX >T <MJ W JXGW LJ B MDBR,qal,perf,W >XR B>W MCH W >HRN,MCH W >HRN,no complement,no complement,,,,,,,,,,,,,,,
30810,,LXX,Exodus,5,1,,,,,,,,,,,,,,,,,,,,,,,
31093,BW>[,MT,Exodus,5,15,JB>W,W JB>W CVRJ BNJ JFR>L W JY<QW >L PR<H L >MR LMH T<FH KH L <BDJK,qal,wayq,W JB>W CVRJ BNJ JFR>L,CVRJ BNJ JFR>L,no complement,no complement,,,,,,,,,,,,,,,
31093,,LXX,Exodus,5,15,,,,,,,,,,,,,,,,,,,,,,,
31231,BW>[,MT,Exodus,5,23,B>TJ,W M >Z B>TJ >L PR<H L DBR B CMK HR< L <M H ZH W HYL L> HYLT >T <MK,qal,perf,W M >Z B>TJ >L PR<H,,>L PR<H,>L PR<H/,to Pharaoh,0.0,prep,anim,det,subs,simple,factive,>L,,,,,,goal
31231,,LXX,Exodus,5,23,,,,,,,,,,,,anim,,,,,,,,,,,
31389,BW>[,MT,Exodus,6,8,HB>TJ,W HB>TJ >TKM >L H >RY >CR NF>TJ >T JDJ L TT >TH L >BRHM L JYXQ W L J<QB W NTTJ >TH LKM MWRCH >NJ JHWH,hif,perf,W HB>TJ >TKM >L H >RY,,>L H >RY,>L H >RY/,into the land,0.0,prep,inanim,det,subs,simple,factive,>L,,,,,,goal
31389,,LXX,Exodus,6,8,,,,,,,,,,,,inanim,,,,,,,,,,,
31441,BW>[,MT,Exodus,6,11,B>,B> DBR >L PR<H MLK MYRJM W JCLX >T BNJ JFR>L M >RYW,qal,impv,B>,,no complement,no complement,,,,,,,,,,,,,,,
31441,,LXX,Exodus,6,11,,,,,,,,,,,,,,,,,,,,,,,
31942,BW>[,MT,Exodus,7,10,JB>,W JB> MCH W >HRN >L PR<H W J<FW KN K >CR YWH JHWH W JCLK >HRN >T MVHW L PNJ PR<H W L PNJ <BDJW W JHJ L TNJN,qal,wayq,W JB> MCH W >HRN >L PR<H,MCH W >HRN,>L PR<H,>L PR<H/,to Pharaoh,0.0,prep,anim,det,subs,simple,factive,>L,,,,,,goal
31942,,LXX,Exodus,7,10,,,,,,,,,,,,anim,,,,,,,,,,,
32274,BW>[,MT,Exodus,7,23,JB>,W JPN PR<H W JB> >L BJTW W L> CT LBW GM L Z>T,qal,wayq,W JB> >L BJTW,,>L BJTW,>L BJT/,to his house (Pharaoh's),0.0,prep,inanim,det,subs,complex,factive,>L,,,,,,goal
32274,,LXX,Exodus,7,23,,,,,,,,,,,,inanim,,,,,,,,,,,
32318,BW>[,MT,Exodus,7,26,B>,W J>MR JHWH >L MCH B> >L PR<H W >MRT >LJW KH >MR JHWH CLX >T <MJ W J<BDNJ,qal,impv,B> >L PR<H,,>L PR<H,>L PR<H/,to Pharaoh,0.0,prep,anim,det,subs,simple,factive,>L,,,,,,goal
32318,,LXX,Exodus,7,26,,,,,,,,,,,,anim,,,,,,,,,,,
32355,BW>[,MT,Exodus,7,28,B>W,W CRY H J>R YPRD<JM W <LW W B>W B BJTK W B XDR MCKBK W <L MVTK W B BJT <BDJK W B <MK W B TNWRJK W B MC>RWTJK,qal,perf,W B>W B BJTK W B XDR MCKBK W <L MVTK W B BJT <BDJK W B <MK W B TNWRJK W B MC>RWTJK,,B BJTK W B XDR MCKBK W <L MVTK W B BJT <BDJK W B <MK W B TNWRJK W B MC>RWTJK,B BJT/ W B XDR/ MCKB/ W <L MVH=/ W B BJT/ <BD/ W B <M/ W B TNWR/ W B MC>RT/,in your house and in the inner room of your bed and on your bed and in the house of your servants and among your people and in your ovens and in your kneading bowls ,0.0,prep + prep,inanim,det,subs,complex,factive,B,B,<L,B,,,goal
32355,,LXX,Exodus,7,28,,,,,,,,,,,,inanim,,,,,,,,,,,
32836,BW>[,MT,Exodus,8,20,JB>,W J<F JHWH KN W JB> <RB KBD BJTH PR<H W BJT <BDJW W B KL >RY MYRJM TCXT H >RY M PNJ H <RB,qal,wayq,W JB> <RB KBD BJTH PR<H W BJT <BDJW W B KL >RY MYRJM,<RB KBD,BJTH PR<H W BJT <BDJW W B KL >RY MYRJM,BJT/ PR<H/ W BJT/ <BD/ W B KL/ >RY/ MYRJM/,in the house of Pharaoh and the house of his servants and in all the land of Egypt,1.0,prep + dir-he,inanim,det,subs,complex,factive,B,,,,,,goal
32836,,LXX,Exodus,8,20,,,,,,,,,,,,inanim,,,,,,,,,,,
33027,BW>[,MT,Exodus,9,1,B>,W J>MR JHWH >L MCH B> >L PR<H W DBRT >LJW KH >MR JHWH >LHJ H <BRJM CLX >T <MJ W J<BDNJ,qal,impv,B> >L PR<H,,>L PR<H,>L PR<H/,to Pharaoh,0.0,prep,anim,det,subs,simple,factive,>L,,,,,,goal
33027,,LXX,Exodus,9,1,,,,,,,,,,,,anim,,,,,,,,,,,
